Loan_ID,Customer_ID,Age,Gender,Education,Employment_Type,Employment_Years,Annual_Income,Home_Ownership,Location,Credit_Score,Num_Credit_Lines,Num_Open_Accounts,Late_Payments,Debt_to_Income,Loan_Amount,Loan_Term_Months,Interest_Rate,EMI,Loan_Purpose,Application_Channel,Default_Flag,Default_Status,Credit_Risk_Band,DTI_Risk_Band
LN20001,CUST10001,59,Female,Graduate,Contract,10.0,698629,Rent,East,626,12,4,0,0.065,278600,24,14.76,13476.63,Business,Online,0,Paid,Fair,Low DTI
LN20002,CUST10002,49,Male,High School,Self-Employed,4.3,897494,Mortgage,East,743,7,7,2,0.342,558500,12,12.2,49674.32,Personal,Online,0,Paid,Very Good/Excellent,Medium DTI
LN20003,CUST10003,35,Male,Graduate,Salaried,8.1,325911,Mortgage,West,645,9,9,1,0.058,121300,36,15.45,4231.68,Business,Online,0,Paid,Fair,Low DTI
LN20004,CUST10004,63,Male,Post Graduate,Contract,0.0,378050,Mortgage,North,607,14,3,2,0.366,181800,60,10.48,3905.79,Business,Online,0,Paid,Fair,Medium DTI
LN20005,CUST10005,28,Female,Post Graduate,Self-Employed,0.0,645956,Mortgage,West,837,2,10,1,0.132,319300,36,10.16,10326.92,Education,Online,0,Paid,Very Good/Excellent,Low DTI
LN20006,CUST10006,41,Female,High School,Contract,12.4,638399,Mortgage,North,794,5,10,1,0.561,374000,36,11.84,12393.59,Personal,Branch,0,Paid,Very Good/Excellent,High DTI
LN20007,CUST10007,59,Female,Graduate,Self-Employed,8.1,245612,Rent,North,671,3,8,0,0.336,50000,60,11.52,1100.13,Business,Mobile App,1,Default,Good,Medium DTI
LN20008,CUST10008,39,Female,Graduate,Business,6.8,655756,Rent,East,599,12,9,0,0.311,230900,48,11.82,6060.1,Business,Online,0,Paid,Fair,Medium DTI
LN20009,CUST10009,43,Male,High School,Business,8.2,431742,Own,East,734,13,8,0,0.117,234200,48,9.68,5903.99,Home,Online,0,Paid,Good,Low DTI
LN20010,CUST10010,31,Female,Graduate,Business,23.1,1479568,Mortgage,Central,643,2,4,3,0.518,824800,24,13.01,39216.37,Education,Mobile App,0,Paid,Fair,High DTI
LN20011,CUST10011,31,Female,High School,Self-Employed,11.3,688138,Mortgage,West,747,3,4,1,0.258,422300,36,9.45,13517.65,Personal,Online,0,Paid,Very Good/Excellent,Medium DTI
LN20012,CUST10012,44,Female,Post Graduate,Salaried,1.8,756528,Rent,East,643,4,11,1,0.149,379300,36,15.06,13159.71,Home,Online,0,Paid,Fair,Low DTI
LN20013,CUST10013,56,Male,Graduate,Business,0.0,767376,Mortgage,North,803,14,7,2,0.094,209200,36,11.23,6871.75,Education,Branch,0,Paid,Very Good/Excellent,Low DTI
LN20014,CUST10014,60,Male,Graduate,Business,12.3,307744,Own,North,641,2,4,1,0.327,124000,60,12.58,2794.79,Education,Branch,0,Paid,Fair,Medium DTI
LN20015,CUST10015,44,Female,High School,Salaried,11.3,1747711,Own,East,850,2,11,1,0.344,290400,36,9.63,9320.03,Education,Online,0,Paid,Very Good/Excellent,Medium DTI
LN20016,CUST10016,23,Female,Post Graduate,Salaried,9.9,245753,Rent,South,695,8,10,2,0.283,116400,12,13.7,10434.8,Medical,Online,0,Paid,Good,Medium DTI
LN20017,CUST10017,42,Female,Post Graduate,Self-Employed,2.9,929425,Mortgage,West,784,14,10,0,0.247,397000,60,12.75,8982.24,Business,Branch,0,Paid,Very Good/Excellent,Medium DTI
LN20018,CUST10018,22,Male,Post Graduate,Salaried,8.8,843192,Own,North,639,3,7,1,0.025,407600,36,11.51,13442.96,Education,Branch,0,Paid,Fair,Low DTI
LN20019,CUST10019,44,Male,Graduate,Salaried,3.4,461544,Mortgage,South,582,3,9,3,0.384,283900,60,12.67,6411.74,Personal,Branch,0,Paid,Fair,Medium DTI
LN20020,CUST10020,64,Male,Graduate,Salaried,10.3,865647,Mortgage,West,507,4,12,4,0.291,427300,36,14.36,14678.93,Personal,Branch,0,Paid,Poor,Medium DTI
LN20021,CUST10021,50,Male,High School,Business,11.9,503843,Own,West,776,11,9,0,0.401,156300,12,9.92,13735.44,Business,Online,0,Paid,Very Good/Excellent,High DTI
LN20022,CUST10022,58,Female,High School,Salaried,4.3,413818,Mortgage,South,685,5,9,2,0.373,103200,36,9.52,3306.77,Medical,Online,0,Paid,Good,Medium DTI
LN20023,CUST10023,22,Male,High School,Self-Employed,12.7,776803,Own,North,586,3,10,4,0.315,448500,36,12.49,15001.8,Education,Online,0,Paid,Fair,Medium DTI
LN20024,CUST10024,41,Male,Graduate,Business,7.6,344923,Mortgage,Central,779,6,12,4,0.277,85300,24,9.76,3926.72,Vehicle,Mobile App,0,Paid,Very Good/Excellent,Medium DTI
LN20025,CUST10025,53,Female,Graduate,Salaried,9.5,530378,Mortgage,West,767,10,10,2,0.11,122400,36,9.19,3903.12,Business,Branch,0,Paid,Very Good/Excellent,Low DTI
LN20026,CUST10026,32,Female,Graduate,Salaried,0.5,432738,Mortgage,West,784,3,6,3,0.199,109600,36,11.4,3608.96,Personal,Mobile App,0,Paid,Very Good/Excellent,Low DTI
LN20027,CUST10027,42,Male,Graduate,Contract,8.2,498768,Mortgage,South,580,15,1,2,0.087,201700,36,13.61,6855.48,Home,Mobile App,0,Paid,Fair,Low DTI
LN20028,CUST10028,64,Male,Post Graduate,Business,3.6,761226,Mortgage,South,773,8,12,2,0.206,161500,24,11.83,7589.55,Home,Mobile App,0,Paid,Very Good/Excellent,Medium DTI
LN20029,CUST10029,45,Male,Post Graduate,Salaried,9.4,432693,Own,North,709,4,8,1,0.133,267900,36,10.39,8693.52,Education,Branch,0,Paid,Good,Low DTI
LN20030,CUST10030,47,Female,Graduate,Business,14.3,539775,Mortgage,North,787,5,6,4,0.131,341700,24,11.65,16029.21,Education,Branch,0,Paid,Very Good/Excellent,Low DTI
LN20031,CUST10031,62,Female,Post Graduate,Business,8.4,454956,Own,South,721,3,7,2,0.123,289800,36,11.9,9611.67,Home,Online,0,Paid,Good,Low DTI
LN20032,CUST10032,48,Male,High School,Business,2.5,1327600,Mortgage,South,693,5,2,0,0.197,225100,24,11.28,10520.71,Education,Mobile App,0,Paid,Good,Low DTI
LN20033,CUST10033,36,Male,High School,Salaried,10.1,724416,Mortgage,Central,774,11,3,1,0.063,451400,12,13.3,40381.38,Medical,Branch,0,Paid,Very Good/Excellent,Low DTI
LN20034,CUST10034,35,Female,Graduate,Salaried,9.0,677201,Mortgage,South,744,13,6,0,0.482,439300,36,11.51,14488.45,Business,Online,0,Paid,Very Good/Excellent,High DTI
LN20035,CUST10035,64,Male,Graduate,Self-Employed,17.3,873764,Mortgage,West,761,7,3,2,0.113,542800,36,10.3,17591.18,Business,Online,0,Paid,Very Good/Excellent,Low DTI
LN20036,CUST10036,23,Male,Post Graduate,Salaried,8.3,432748,Mortgage,Central,643,3,5,3,0.321,210100,36,13.28,7107.47,Home,Mobile App,1,Default,Fair,Medium DTI
LN20037,CUST10037,57,Female,Graduate,Salaried,4.1,962488,Own,South,667,3,4,0,0.026,481800,60,11.08,10494.73,Vehicle,Online,0,Paid,Fair,Low DTI
LN20038,CUST10038,27,Male,Post Graduate,Salaried,10.9,725838,Mortgage,North,550,1,5,0,0.041,153200,36,13.98,5234.52,Business,Online,0,Paid,Poor,Low DTI
LN20039,CUST10039,41,Female,Post Graduate,Self-Employed,6.4,254281,Rent,South,638,2,8,1,0.132,149300,36,15.97,5246.73,Home,Online,0,Paid,Fair,Low DTI
LN20040,CUST10040,29,Male,High School,Salaried,7.4,273558,Own,Central,739,4,4,1,0.203,50000,60,8.76,1032.1,Home,Mobile App,0,Paid,Good,Medium DTI
LN20041,CUST10041,59,Female,Graduate,Salaried,2.4,437977,Own,West,722,12,9,0,0.364,135300,60,10.88,2933.66,Home,Online,0,Paid,Good,Medium DTI
LN20042,CUST10042,38,Female,Post Graduate,Business,6.4,290144,Own,South,607,9,3,1,0.111,187300,60,13.17,4277.97,Business,Mobile App,0,Paid,Fair,Low DTI
LN20043,CUST10043,24,Male,Graduate,Salaried,7.2,526303,Mortgage,West,776,3,12,0,0.357,190100,24,10.31,8799.37,Education,Mobile App,0,Paid,Very Good/Excellent,Medium DTI
LN20044,CUST10044,45,Male,Graduate,Salaried,6.4,343564,Mortgage,South,850,10,7,3,0.371,74100,36,9.0,2356.36,Home,Mobile App,0,Paid,Very Good/Excellent,Medium DTI
LN20045,CUST10045,34,Male,Graduate,Business,4.0,568603,Rent,South,612,5,7,4,0.175,360900,60,15.86,8749.56,Personal,Branch,1,Default,Fair,Low DTI
LN20046,CUST10046,29,Female,Graduate,Salaried,8.4,1304232,Mortgage,East,665,9,1,3,0.25,837400,60,11.69,18496.58,Business,Branch,0,Paid,Fair,Medium DTI
LN20047,CUST10047,46,Male,Graduate,Self-Employed,2.4,583925,Own,West,633,4,3,3,0.222,142200,36,13.6,4832.48,Education,Online,0,Paid,Fair,Medium DTI
LN20048,CUST10048,22,Male,High School,Salaried,1.2,507907,Rent,South,673,4,10,0,0.227,295800,12,11.49,26210.95,Personal,Online,0,Paid,Good,Medium DTI
LN20049,CUST10049,40,Male,Post Graduate,Salaried,10.5,742827,Own,North,701,6,1,2,0.165,256400,60,12.58,5778.91,Education,Branch,0,Paid,Good,Low DTI
LN20050,CUST10050,48,Male,Post Graduate,Self-Employed,10.1,409075,Own,East,628,7,8,3,0.099,139400,36,14.48,4796.92,Personal,Online,0,Paid,Fair,Low DTI
LN20051,CUST10051,27,Male,Post Graduate,Contract,0.5,954137,Own,North,659,14,10,1,0.289,268400,36,12.5,8978.95,Medical,Branch,0,Paid,Fair,Medium DTI
LN20052,CUST10052,64,Female,Post Graduate,Salaried,0.0,787841,Own,West,687,12,5,1,0.364,135800,36,11.34,4467.82,Personal,Online,0,Paid,Good,Medium DTI
LN20053,CUST10053,28,Female,High School,Self-Employed,2.0,612964,Rent,East,715,11,4,2,0.242,174100,36,11.59,5748.58,Personal,Online,0,Paid,Good,Medium DTI
LN20054,CUST10054,55,Male,Graduate,Salaried,6.4,653148,Mortgage,East,790,6,3,3,0.282,115500,24,11.45,5407.37,Home,Mobile App,0,Paid,Very Good/Excellent,Medium DTI
LN20055,CUST10055,34,Female,High School,Salaried,12.8,1844364,Rent,Central,679,13,7,0,0.346,1129100,36,13.61,38376.43,Home,Branch,0,Paid,Good,Medium DTI
LN20056,CUST10056,37,Male,Post Graduate,Salaried,6.2,1007474,Rent,West,638,13,8,4,0.147,484500,60,13.32,11103.39,Education,Branch,0,Paid,Fair,Low DTI
LN20057,CUST10057,56,Female,Post Graduate,Business,3.2,2011567,Own,North,732,13,8,2,0.357,1193500,36,11.4,39300.13,Home,Online,1,Default,Good,Medium DTI
LN20058,CUST10058,60,Female,Graduate,Salaried,7.7,803957,Mortgage,South,710,11,1,1,0.057,408900,36,13.77,13929.6,Education,Online,0,Paid,Good,Low DTI
LN20059,CUST10059,24,Female,Graduate,Salaried,6.4,267067,Mortgage,South,666,15,7,2,0.285,57600,60,11.57,1268.8,Home,Online,0,Paid,Fair,Medium DTI
LN20060,CUST10060,22,Female,Graduate,Business,0.1,519431,Rent,West,716,4,5,2,0.274,322200,36,11.14,10569.79,Medical,Online,0,Paid,Good,Medium DTI
LN20061,CUST10061,26,Female,Graduate,Salaried,0.1,235525,Own,West,651,14,2,0,0.115,141300,36,15.43,4928.02,Education,Branch,0,Paid,Fair,Low DTI
LN20062,CUST10062,62,Female,Graduate,Salaried,0.3,802311,Mortgage,East,640,7,8,3,0.445,260000,36,12.75,8729.15,Vehicle,Online,0,Paid,Fair,High DTI
LN20063,CUST10063,24,Female,Post Graduate,Salaried,19.4,904066,Rent,West,538,15,2,1,0.148,186000,24,15.42,9055.68,Vehicle,Online,1,Default,Poor,Low DTI
LN20064,CUST10064,49,Male,High School,Contract,11.3,368587,Own,South,655,14,6,1,0.383,185100,24,11.34,8656.36,Education,Branch,0,Paid,Fair,Medium DTI
LN20065,CUST10065,38,Male,High School,Salaried,4.0,418355,Own,West,548,12,12,1,0.235,215100,48,15.78,6071.79,Personal,Online,1,Default,Poor,Medium DTI
LN20066,CUST10066,46,Male,High School,Contract,12.5,651152,Mortgage,North,632,11,5,2,0.071,389700,60,11.29,8529.49,Vehicle,Mobile App,0,Paid,Fair,Low DTI
LN20067,CUST10067,64,Male,High School,Salaried,4.2,310434,Mortgage,North,723,10,6,3,0.37,54700,48,9.82,1382.61,Personal,Mobile App,0,Paid,Good,Medium DTI
LN20068,CUST10068,54,Female,Graduate,Salaried,12.4,297880,Mortgage,West,567,3,11,3,0.193,65800,12,15.33,5949.25,Business,Online,0,Paid,Poor,Low DTI
LN20069,CUST10069,30,Female,High School,Business,7.4,1185805,Rent,North,666,3,10,1,0.141,532600,36,11.97,17682.31,Business,Branch,0,Paid,Fair,Low DTI
LN20070,CUST10070,56,Female,Graduate,Self-Employed,3.7,639074,Mortgage,West,685,12,8,1,0.355,293700,12,11.86,26075.66,Vehicle,Mobile App,0,Paid,Good,Medium DTI
LN20071,CUST10071,34,Female,Graduate,Salaried,10.4,441408,Mortgage,West,662,13,9,1,0.159,73600,36,13.22,2487.68,Education,Mobile App,0,Paid,Fair,Low DTI
LN20072,CUST10072,51,Male,Graduate,Self-Employed,7.7,236575,Own,West,644,7,3,4,0.192,82400,24,12.4,3894.26,Home,Online,0,Paid,Fair,Low DTI
LN20073,CUST10073,35,Female,Post Graduate,Salaried,9.0,958839,Rent,West,704,12,3,2,0.228,423900,60,10.37,9083.99,Home,Online,0,Paid,Good,Medium DTI
LN20074,CUST10074,28,Male,Post Graduate,Self-Employed,8.1,411762,Rent,East,715,6,7,4,0.221,213700,24,10.92,9952.16,Personal,Online,0,Paid,Good,Medium DTI
LN20075,CUST10075,34,Female,Graduate,Self-Employed,8.0,1669544,Own,Central,680,2,3,1,0.33,514300,12,10.84,45416.31,Personal,Branch,0,Paid,Good,Medium DTI
LN20076,CUST10076,43,Female,High School,Salaried,11.0,962516,Mortgage,East,648,1,11,0,0.083,377300,36,14.52,12990.72,Education,Online,0,Paid,Fair,Low DTI
LN20077,CUST10077,60,Female,Post Graduate,Contract,19.9,384695,Rent,East,745,6,10,1,0.209,214300,24,13.13,10201.3,Education,Branch,0,Paid,Very Good/Excellent,Medium DTI
LN20078,CUST10078,41,Female,Graduate,Salaried,13.2,404811,Mortgage,East,582,9,12,2,0.106,253800,48,12.51,6747.26,Business,Mobile App,0,Paid,Fair,Low DTI
LN20079,CUST10079,36,Male,Graduate,Salaried,8.1,1546807,Mortgage,Central,732,3,5,0,0.143,410100,60,12.17,9157.72,Medical,Mobile App,0,Paid,Good,Low DTI
LN20080,CUST10080,65,Male,Post Graduate,Salaried,5.4,572829,Mortgage,South,711,9,10,3,0.325,158400,12,11.43,14031.45,Personal,Online,0,Paid,Good,Medium DTI
LN20081,CUST10081,38,Female,High School,Business,6.0,452419,Own,West,695,15,4,0,0.285,280500,36,14.26,9622.28,Business,Online,0,Paid,Good,Medium DTI
LN20082,CUST10082,44,Male,Graduate,Salaried,0.7,609218,Mortgage,South,679,6,11,0,0.096,212000,60,15.87,5140.8,Personal,Mobile App,1,Default,Good,Low DTI
LN20083,CUST10083,46,Female,Graduate,Self-Employed,10.3,451275,Rent,North,538,13,9,0,0.094,229800,48,15.53,6457.41,Education,Online,0,Paid,Poor,Low DTI
LN20084,CUST10084,45,Male,Post Graduate,Contract,1.9,685060,Mortgage,Central,784,4,11,0,0.335,312500,60,9.97,6635.09,Vehicle,Mobile App,0,Paid,Very Good/Excellent,Medium DTI
LN20085,CUST10085,65,Male,Post Graduate,Self-Employed,5.1,575493,Mortgage,North,743,10,12,1,0.235,168500,24,9.62,7745.9,Home,Online,0,Paid,Very Good/Excellent,Medium DTI
LN20086,CUST10086,61,Male,Graduate,Self-Employed,10.4,971129,Own,West,608,10,8,0,0.439,463000,24,13.75,22175.32,Business,Mobile App,0,Paid,Fair,High DTI
LN20087,CUST10087,49,Female,Post Graduate,Salaried,5.8,484547,Own,South,737,10,12,0,0.302,231500,24,11.21,10812.3,Business,Branch,0,Paid,Good,Medium DTI
LN20088,CUST10088,35,Male,High School,Self-Employed,4.5,368810,Own,West,694,14,9,2,0.295,164600,36,9.93,5305.77,Personal,Online,0,Paid,Good,Medium DTI
LN20089,CUST10089,65,Female,Graduate,Salaried,1.0,495213,Own,West,636,14,6,2,0.157,99000,48,13.08,2659.85,Personal,Branch,0,Paid,Fair,Low DTI
LN20090,CUST10090,21,Male,High School,Contract,13.0,493555,Mortgage,North,769,12,2,2,0.236,319600,24,14.13,15364.55,Medical,Mobile App,0,Paid,Very Good/Excellent,Medium DTI
LN20091,CUST10091,45,Male,High School,Salaried,2.8,574952,Mortgage,East,648,13,8,1,0.229,201400,36,13.99,6882.4,Business,Online,0,Paid,Fair,Medium DTI
LN20092,CUST10092,27,Female,Graduate,Salaried,4.1,850587,Own,North,782,2,1,0,0.24,399000,36,9.03,12693.67,Education,Online,0,Paid,Very Good/Excellent,Medium DTI
LN20093,CUST10093,29,Male,High School,Salaried,0.0,825409,Rent,South,720,9,11,2,0.203,489400,60,11.67,10805.0,Personal,Branch,0,Paid,Good,Medium DTI
LN20094,CUST10094,44,Male,Graduate,Salaried,6.9,1160657,Mortgage,West,752,13,5,1,0.224,419700,12,11.78,37246.66,Home,Mobile App,0,Paid,Very Good/Excellent,Medium DTI
LN20095,CUST10095,21,Female,Graduate,Salaried,5.3,383988,Rent,South,723,5,2,0,0.143,206200,24,12.39,9744.15,Vehicle,Online,0,Paid,Good,Low DTI
LN20096,CUST10096,64,Female,High School,Business,7.9,743022,Own,West,720,14,7,0,0.173,472500,36,9.25,15080.41,Vehicle,Online,0,Paid,Good,Low DTI
LN20097,CUST10097,28,Male,Graduate,Contract,1.1,895118,Own,North,696,14,5,2,0.132,294900,24,11.88,13865.45,Business,Online,0,Paid,Good,Low DTI
LN20098,CUST10098,44,Female,Graduate,Self-Employed,10.7,414100,Mortgage,North,625,5,10,0,0.205,146000,36,13.52,4955.96,Personal,Online,0,Paid,Fair,Medium DTI
LN20099,CUST10099,31,Female,Graduate,Salaried,0.0,535249,Own,North,685,2,3,1,0.289,322600,36,11.95,10707.23,Home,Online,0,Paid,Good,Medium DTI
LN20100,CUST10100,37,Female,Post Graduate,Salaried,6.5,229165,Own,South,749,5,7,0,0.456,52700,60,8.37,1077.92,Personal,Online,0,Paid,Very Good/Excellent,High DTI
LN20101,CUST10101,28,Female,Graduate,Contract,7.6,988018,Own,East,734,6,12,2,0.066,162300,36,11.26,5333.5,Business,Branch,0,Paid,Good,Low DTI
LN20102,CUST10102,55,Female,Post Graduate,Salaried,7.3,532938,Own,North,718,2,3,0,0.12,322100,36,12.91,10838.86,Personal,Branch,0,Paid,Good,Low DTI
LN20103,CUST10103,55,Female,High School,Self-Employed,7.8,934994,Mortgage,Central,523,1,6,2,0.172,524300,60,13.8,12145.25,Personal,Branch,0,Paid,Poor,Low DTI
LN20104,CUST10104,53,Female,Graduate,Salaried,10.9,671999,Rent,Central,664,6,4,1,0.404,427600,60,11.84,9477.19,Business,Online,0,Paid,Fair,High DTI
LN20105,CUST10105,25,Male,Post Graduate,Contract,13.6,541904,Mortgage,East,656,9,12,1,0.177,97100,48,14.76,2690.57,Education,Branch,0,Paid,Fair,Low DTI
LN20106,CUST10106,62,Male,High School,Salaried,6.2,249857,Own,East,597,9,10,1,0.108,57000,36,13.25,1927.43,Vehicle,Branch,0,Paid,Fair,Low DTI
LN20107,CUST10107,59,Male,Graduate,Salaried,2.2,275533,Rent,Central,748,14,2,1,0.312,55800,36,11.45,1838.73,Personal,Mobile App,0,Paid,Very Good/Excellent,Medium DTI
LN20108,CUST10108,61,Male,Graduate,Business,9.8,180000,Own,West,528,14,9,0,0.295,88500,36,11.78,2930.18,Home,Branch,0,Paid,Poor,Medium DTI
LN20109,CUST10109,48,Male,Post Graduate,Salaried,5.6,440316,Mortgage,North,743,9,6,0,0.364,199500,60,9.78,4217.22,Business,Online,0,Paid,Very Good/Excellent,Medium DTI
LN20110,CUST10110,27,Male,Graduate,Self-Employed,13.3,2100575,Rent,West,780,13,5,1,0.447,692500,48,14.08,18951.39,Vehicle,Branch,0,Paid,Very Good/Excellent,High DTI
LN20111,CUST10111,29,Male,Post Graduate,Salaried,4.0,295467,Own,South,664,5,5,0,0.061,52800,36,15.02,1830.85,Personal,Online,0,Paid,Fair,Low DTI
LN20112,CUST10112,28,Male,High School,Self-Employed,2.7,180000,Own,South,674,15,8,1,0.256,84600,12,13.1,7560.21,Personal,Mobile App,0,Paid,Good,Medium DTI
LN20113,CUST10113,32,Male,Post Graduate,Salaried,7.7,1018817,Rent,East,753,10,5,0,0.329,443200,12,7.77,38506.16,Business,Branch,0,Paid,Very Good/Excellent,Medium DTI
LN20114,CUST10114,54,Male,Graduate,Self-Employed,0.0,2201677,Own,West,623,15,8,0,0.253,454500,24,11.16,21217.04,Vehicle,Mobile App,0,Paid,Fair,Medium DTI
LN20115,CUST10115,53,Male,Graduate,Business,4.7,706827,Own,North,730,1,8,2,0.127,427200,24,9.51,19616.64,Vehicle,Branch,0,Paid,Good,Low DTI
LN20116,CUST10116,43,Female,Graduate,Contract,5.4,703264,Mortgage,North,611,3,1,1,0.099,175400,36,11.28,5765.66,Medical,Online,0,Paid,Fair,Low DTI
LN20117,CUST10117,44,Female,Graduate,Business,8.1,505979,Own,Central,589,8,4,0,0.201,264000,24,13.09,12562.2,Personal,Branch,0,Paid,Fair,Medium DTI
LN20118,CUST10118,57,Female,Graduate,Business,2.0,223651,Rent,West,702,9,9,1,0.341,132500,36,13.14,4473.39,Business,Branch,0,Paid,Good,Medium DTI
LN20119,CUST10119,55,Female,Graduate,Self-Employed,2.6,270166,Own,East,678,4,2,2,0.394,118800,24,11.38,5557.99,Personal,Online,1,Default,Good,Medium DTI
LN20120,CUST10120,64,Male,Post Graduate,Salaried,12.8,504070,Mortgage,West,551,11,11,0,0.358,137800,24,13.77,6601.21,Personal,Branch,0,Paid,Poor,Medium DTI
LN20121,CUST10121,60,Female,Post Graduate,Self-Employed,6.9,453629,Mortgage,West,786,12,4,4,0.045,138200,36,10.25,4475.56,Personal,Mobile App,0,Paid,Very Good/Excellent,Low DTI
LN20122,CUST10122,42,Female,Graduate,Salaried,11.3,563172,Mortgage,East,649,3,4,0,0.193,333900,60,14.12,7790.06,Medical,Online,0,Paid,Fair,Low DTI
LN20123,CUST10123,47,Male,Graduate,Salaried,4.3,946772,Mortgage,South,718,14,1,0,0.293,283200,36,13.07,9551.68,Education,Online,0,Paid,Good,Medium DTI
LN20124,CUST10124,55,Female,Post Graduate,Business,6.7,435685,Rent,East,800,2,10,0,0.234,227900,36,10.74,7433.12,Home,Mobile App,0,Paid,Very Good/Excellent,Medium DTI
LN20125,CUST10125,21,Male,Post Graduate,Self-Employed,8.1,957450,Rent,Central,699,15,10,1,0.311,617600,36,13.93,21087.11,Personal,Online,0,Paid,Good,Medium DTI
LN20126,CUST10126,55,Male,Graduate,Salaried,15.7,437257,Mortgage,West,775,5,7,3,0.159,284200,24,10.3,13153.77,Medical,Online,0,Paid,Very Good/Excellent,Low DTI
LN20127,CUST10127,57,Male,Graduate,Business,5.9,1062055,Mortgage,East,615,2,12,3,0.105,442600,36,15.9,15538.66,Vehicle,Online,0,Paid,Fair,Low DTI
LN20128,CUST10128,34,Female,Graduate,Contract,6.2,629189,Own,South,787,11,1,1,0.416,354400,24,9.79,16319.43,Education,Branch,0,Paid,Very Good/Excellent,High DTI
LN20129,CUST10129,23,Male,High School,Self-Employed,12.5,472115,Mortgage,Central,618,9,5,3,0.111,304600,36,10.28,9868.68,Education,Mobile App,0,Paid,Fair,Low DTI
LN20130,CUST10130,21,Male,Graduate,Self-Employed,5.1,623308,Own,West,637,10,8,3,0.15,210300,48,11.05,5440.42,Vehicle,Online,0,Paid,Fair,Low DTI
LN20131,CUST10131,25,Male,Graduate,Salaried,8.4,510547,Rent,South,571,11,4,1,0.206,141000,48,11.91,3706.84,Personal,Mobile App,0,Paid,Poor,Medium DTI
LN20132,CUST10132,46,Female,Post Graduate,Contract,12.1,638520,Own,North,700,9,5,1,0.079,132200,24,10.89,6154.81,Medical,Online,0,Paid,Good,Low DTI
LN20133,CUST10133,34,Male,Post Graduate,Salaried,4.1,910404,Rent,West,727,13,11,1,0.276,200700,48,13.29,5413.21,Vehicle,Branch,0,Paid,Good,Medium DTI
LN20134,CUST10134,59,Female,High School,Business,8.7,571898,Mortgage,South,738,3,10,0,0.089,329900,24,10.76,15339.19,Business,Online,0,Paid,Good,Low DTI
LN20135,CUST10135,47,Male,Graduate,Contract,15.7,489638,Rent,East,573,4,12,1,0.623,217600,24,11.87,10229.98,Personal,Branch,0,Paid,Poor,Very High DTI
LN20136,CUST10136,29,Male,Graduate,Business,11.6,323434,Mortgage,East,708,12,3,1,0.131,189800,36,9.7,6097.61,Vehicle,Mobile App,0,Paid,Good,Low DTI
LN20137,CUST10137,35,Male,Graduate,Business,8.4,825078,Rent,West,711,12,5,1,0.261,449400,36,11.75,14872.91,Home,Online,0,Paid,Good,Medium DTI
LN20138,CUST10138,35,Male,High School,Salaried,5.9,726675,Mortgage,East,726,9,12,0,0.242,353800,24,13.9,16970.25,Medical,Online,0,Paid,Good,Medium DTI
LN20139,CUST10139,46,Female,Graduate,Contract,4.0,313206,Rent,West,622,15,3,1,0.347,142400,48,13.5,3855.67,Business,Branch,0,Paid,Fair,Medium DTI
LN20140,CUST10140,62,Female,Graduate,Business,2.1,949990,Rent,North,492,1,4,1,0.17,165500,60,16.54,4072.28,Medical,Online,0,Paid,Poor,Low DTI
LN20141,CUST10141,33,Male,Post Graduate,Salaried,14.5,310421,Rent,West,733,7,11,2,0.25,181900,36,12.11,6051.24,Vehicle,Online,0,Paid,Good,Medium DTI
LN20142,CUST10142,52,Male,Graduate,Salaried,13.6,1056801,Own,North,669,2,3,1,0.096,379300,36,10.18,12271.02,Home,Mobile App,0,Paid,Fair,Low DTI
LN20143,CUST10143,59,Male,High School,Self-Employed,3.7,875902,Mortgage,South,701,9,5,3,0.065,376500,24,12.89,17880.05,Medical,Branch,0,Paid,Good,Low DTI
LN20144,CUST10144,52,Female,High School,Business,8.7,755776,Mortgage,East,673,11,2,2,0.307,121700,36,10.7,3967.03,Personal,Online,0,Paid,Good,Medium DTI
LN20145,CUST10145,24,Male,Graduate,Business,7.6,487642,Own,West,698,12,9,1,0.29,301400,12,11.4,26694.5,Business,Mobile App,0,Paid,Good,Medium DTI
LN20146,CUST10146,50,Male,High School,Business,12.9,823537,Rent,West,735,15,3,1,0.378,495300,60,10.39,10618.96,Education,Online,0,Paid,Good,Medium DTI
LN20147,CUST10147,57,Female,High School,Salaried,8.9,1084565,Own,West,541,13,10,1,0.35,457300,36,14.23,15680.56,Home,Mobile App,0,Paid,Poor,Medium DTI
LN20148,CUST10148,43,Female,Post Graduate,Salaried,6.9,831078,Mortgage,North,766,14,1,0,0.055,364600,48,10.64,9359.66,Vehicle,Online,0,Paid,Very Good/Excellent,Low DTI
LN20149,CUST10149,59,Male,Graduate,Self-Employed,4.3,415006,Mortgage,South,666,12,5,2,0.148,208500,24,11.94,9808.98,Vehicle,Online,0,Paid,Fair,Low DTI
LN20150,CUST10150,65,Female,Graduate,Self-Employed,8.7,695064,Own,South,802,3,4,1,0.16,196200,60,10.06,4174.46,Education,Branch,0,Paid,Very Good/Excellent,Low DTI
LN20151,CUST10151,35,Male,High School,Salaried,5.3,1118282,Own,South,646,6,2,1,0.355,291800,60,13.21,6670.76,Personal,Branch,0,Paid,Fair,Medium DTI
LN20152,CUST10152,63,Male,Graduate,Self-Employed,8.1,2011093,Mortgage,West,629,5,12,3,0.22,979400,48,12.65,26105.03,Personal,Branch,0,Paid,Fair,Medium DTI
LN20153,CUST10153,49,Female,Graduate,Self-Employed,6.6,535962,Own,North,669,2,12,1,0.289,108400,60,12.21,2422.82,Vehicle,Online,0,Paid,Fair,Medium DTI
LN20154,CUST10154,56,Male,Graduate,Self-Employed,5.1,961760,Mortgage,East,717,9,8,4,0.194,362600,24,14.73,17534.78,Personal,Online,0,Paid,Good,Low DTI
LN20155,CUST10155,33,Male,Graduate,Self-Employed,2.1,1119787,Own,Central,659,3,9,2,0.469,443900,36,14.17,15208.13,Business,Branch,1,Default,Fair,High DTI
LN20156,CUST10156,52,Female,Post Graduate,Self-Employed,9.6,383794,Rent,West,723,6,6,3,0.33,130700,36,10.91,4273.38,Vehicle,Mobile App,1,Default,Good,Medium DTI
LN20157,CUST10157,27,Male,Graduate,Salaried,7.2,1598902,Rent,West,651,9,8,1,0.138,387900,36,12.9,13051.21,Personal,Branch,0,Paid,Fair,Low DTI
LN20158,CUST10158,42,Female,Graduate,Business,15.9,333979,Mortgage,West,683,15,2,1,0.179,109400,60,12.3,2450.16,Education,Online,0,Paid,Good,Low DTI
LN20159,CUST10159,48,Male,Graduate,Salaried,1.8,936240,Own,South,848,8,11,1,0.242,298500,24,9.9,13760.49,Personal,Branch,0,Paid,Very Good/Excellent,Medium DTI
LN20160,CUST10160,22,Male,Graduate,Business,10.1,709709,Own,West,707,10,6,1,0.386,283600,24,11.86,13331.5,Vehicle,Branch,0,Paid,Good,Medium DTI
LN20161,CUST10161,62,Male,High School,Salaried,6.6,618623,Rent,North,713,5,1,1,0.23,301500,24,11.94,14184.21,Personal,Online,0,Paid,Good,Medium DTI
LN20162,CUST10162,65,Male,Graduate,Self-Employed,17.5,2434966,Mortgage,North,570,6,10,3,0.169,1200000,60,13.57,27655.11,Vehicle,Branch,0,Paid,Poor,Low DTI
LN20163,CUST10163,26,Male,High School,Business,9.7,508385,Mortgage,South,782,3,3,4,0.177,112900,60,9.85,2390.47,Vehicle,Branch,0,Paid,Very Good/Excellent,Low DTI
LN20164,CUST10164,48,Female,Graduate,Salaried,8.6,503906,Rent,North,760,15,7,0,0.268,295500,36,10.52,9607.26,Medical,Online,0,Paid,Very Good/Excellent,Medium DTI
LN20165,CUST10165,48,Male,Graduate,Contract,6.6,1247932,Rent,East,626,5,12,1,0.532,364500,36,10.51,11848.86,Personal,Branch,0,Paid,Fair,High DTI
LN20166,CUST10166,64,Male,Graduate,Salaried,3.5,912257,Rent,North,759,6,1,3,0.254,406600,36,12.16,13536.03,Business,Branch,0,Paid,Very Good/Excellent,Medium DTI
LN20167,CUST10167,64,Male,Graduate,Salaried,8.6,1214496,Rent,Central,705,14,6,3,0.324,514200,36,12.65,17238.87,Home,Mobile App,0,Paid,Good,Medium DTI
LN20168,CUST10168,40,Female,High School,Business,0.1,639833,Rent,Central,683,3,7,0,0.172,274200,24,15.27,13330.24,Personal,Online,0,Paid,Good,Low DTI
LN20169,CUST10169,50,Female,Graduate,Business,0.3,714261,Rent,Central,777,10,3,2,0.071,365500,48,9.05,9104.16,Home,Branch,0,Paid,Very Good/Excellent,Low DTI
LN20170,CUST10170,31,Female,High School,Salaried,12.1,1706917,Mortgage,West,642,2,11,1,0.313,581800,36,12.26,19396.41,Business,Online,0,Paid,Fair,Medium DTI
LN20171,CUST10171,48,Female,High School,Contract,0.0,378856,Rent,Central,626,10,8,1,0.285,117300,36,14.86,4058.21,Vehicle,Branch,0,Paid,Fair,Medium DTI
LN20172,CUST10172,45,Female,Post Graduate,Self-Employed,5.4,566993,Rent,South,696,9,8,0,0.217,326800,12,12.6,29127.59,Home,Online,0,Paid,Good,Medium DTI
LN20173,CUST10173,59,Female,Post Graduate,Salaried,1.8,930730,Mortgage,East,720,7,5,5,0.549,242000,48,14.15,6631.23,Personal,Online,0,Paid,Good,High DTI
LN20174,CUST10174,53,Female,Graduate,Business,5.0,538726,Mortgage,South,752,4,11,2,0.068,129400,60,13.43,2972.81,Personal,Online,0,Paid,Very Good/Excellent,Low DTI
LN20175,CUST10175,21,Male,Graduate,Salaried,7.9,438495,Rent,West,669,13,2,1,0.205,69200,36,8.82,2194.75,Business,Branch,0,Paid,Fair,Medium DTI
LN20176,CUST10176,47,Male,Post Graduate,Salaried,11.9,843109,Mortgage,West,616,3,2,3,0.185,215200,48,13.65,5842.94,Business,Branch,0,Paid,Fair,Low DTI
LN20177,CUST10177,33,Female,High School,Business,13.1,1250905,Rent,East,850,13,5,1,0.206,512000,36,10.14,16554.47,Education,Mobile App,0,Paid,Very Good/Excellent,Medium DTI
LN20178,CUST10178,61,Male,Graduate,Business,2.4,555279,Own,South,599,4,4,2,0.151,232800,36,13.48,7897.88,Education,Branch,0,Paid,Fair,Low DTI
LN20179,CUST10179,23,Male,High School,Self-Employed,4.7,546867,Rent,East,684,9,12,2,0.176,151600,36,11.59,5005.65,Home,Branch,0,Paid,Good,Low DTI
LN20180,CUST10180,59,Male,Post Graduate,Business,27.3,420188,Mortgage,North,738,9,4,0,0.355,78200,48,13.77,2127.92,Vehicle,Online,0,Paid,Good,Medium DTI
LN20181,CUST10181,26,Female,Graduate,Business,5.7,509863,Own,West,766,12,5,2,0.106,266300,36,10.97,8714.54,Personal,Branch,0,Paid,Very Good/Excellent,Low DTI
LN20182,CUST10182,28,Male,Post Graduate,Salaried,2.6,1088889,Rent,South,637,6,1,0,0.251,576000,48,8.24,14126.82,Vehicle,Online,0,Paid,Fair,Medium DTI
LN20183,CUST10183,47,Male,Post Graduate,Business,3.4,627356,Own,Central,539,11,7,1,0.433,407100,36,13.75,13864.33,Personal,Online,0,Paid,Poor,High DTI
LN20184,CUST10184,29,Female,Graduate,Salaried,5.8,385363,Rent,Central,636,12,3,2,0.192,231200,48,16.07,6560.56,Personal,Online,0,Paid,Fair,Low DTI
LN20185,CUST10185,57,Male,Graduate,Salaried,5.0,693138,Mortgage,North,745,9,10,3,0.064,424900,48,9.65,10705.28,Business,Mobile App,0,Paid,Very Good/Excellent,Low DTI
LN20186,CUST10186,53,Female,High School,Contract,5.8,1069650,Rent,Central,728,14,10,2,0.181,587300,36,13.41,19904.64,Business,Branch,0,Paid,Good,Low DTI
LN20187,CUST10187,62,Female,Graduate,Business,6.9,440492,Own,Central,730,9,8,0,0.175,201600,60,13.11,4598.38,Education,Branch,0,Paid,Good,Low DTI
LN20188,CUST10188,64,Male,Graduate,Salaried,6.9,288934,Own,West,733,6,9,5,0.372,61900,36,11.12,2030.05,Education,Online,0,Paid,Good,Medium DTI
LN20189,CUST10189,44,Female,High School,Self-Employed,2.2,2001963,Rent,West,781,5,8,1,0.111,923200,60,11.07,20104.85,Home,Branch,0,Paid,Very Good/Excellent,Low DTI
LN20190,CUST10190,35,Male,Post Graduate,Self-Employed,8.8,281108,Own,North,622,11,11,0,0.039,50000,48,13.07,1343.11,Business,Branch,0,Paid,Fair,Low DTI
LN20191,CUST10191,52,Female,Post Graduate,Salaried,7.6,492487,Rent,Central,590,3,12,0,0.129,291900,24,12.86,13858.27,Business,Online,0,Paid,Fair,Low DTI
LN20192,CUST10192,52,Male,Graduate,Business,9.5,681707,Rent,South,708,1,2,4,0.253,266500,60,10.88,5778.42,Home,Online,0,Paid,Good,Medium DTI
LN20193,CUST10193,44,Male,Graduate,Business,0.0,516510,Own,Central,601,4,7,2,0.11,257600,36,15.62,9008.2,Education,Online,0,Paid,Fair,Low DTI
LN20194,CUST10194,61,Male,High School,Business,7.8,575782,Mortgage,South,585,1,12,1,0.25,101400,60,13.46,2331.11,Personal,Branch,0,Paid,Fair,Medium DTI
LN20195,CUST10195,32,Female,Graduate,Self-Employed,0.0,824017,Own,West,772,13,4,0,0.245,343700,48,9.76,8677.56,Personal,Online,0,Paid,Very Good/Excellent,Medium DTI
LN20196,CUST10196,59,Female,Graduate,Salaried,6.1,180000,Mortgage,South,699,12,5,1,0.192,54100,24,12.84,2567.95,Personal,Online,0,Paid,Good,Low DTI
LN20197,CUST10197,22,Female,Post Graduate,Business,10.3,298909,Mortgage,South,682,1,11,4,0.193,87400,36,12.91,2941.06,Vehicle,Online,0,Paid,Good,Low DTI
LN20198,CUST10198,23,Female,Graduate,Salaried,12.2,614785,Mortgage,Central,684,14,10,1,0.29,212000,36,10.0,6840.64,Business,Branch,0,Paid,Good,Medium DTI
LN20199,CUST10199,57,Female,Post Graduate,Salaried,8.7,480396,Rent,West,672,15,5,1,0.315,72200,60,11.45,1586.05,Home,Online,0,Paid,Good,Medium DTI
LN20200,CUST10200,37,Male,Post Graduate,Contract,10.4,644262,Own,West,771,6,11,2,0.284,247000,48,8.39,6075.31,Education,Mobile App,0,Paid,Very Good/Excellent,Medium DTI
LN20201,CUST10201,22,Female,Graduate,Business,5.5,680031,Mortgage,East,566,11,9,1,0.251,267400,36,17.84,9645.7,Medical,Online,0,Paid,Poor,Medium DTI
LN20202,CUST10202,22,Male,Graduate,Self-Employed,4.5,187387,Mortgage,Central,563,5,12,2,0.172,109000,48,13.51,2951.86,Education,Online,0,Paid,Poor,Low DTI
LN20203,CUST10203,48,Female,Graduate,Salaried,20.5,1208859,Own,West,610,7,2,0,0.138,452400,36,12.33,15097.56,Business,Branch,0,Paid,Fair,Low DTI
LN20204,CUST10204,43,Female,Graduate,Salaried,11.1,456178,Rent,North,702,1,2,1,0.107,151300,24,11.22,7067.23,Medical,Mobile App,1,Default,Good,Low DTI
LN20205,CUST10205,57,Female,Post Graduate,Salaried,1.1,372746,Mortgage,West,815,1,3,2,0.271,241300,24,9.14,11039.23,Personal,Mobile App,0,Paid,Very Good/Excellent,Medium DTI
LN20206,CUST10206,52,Female,High School,Self-Employed,0.0,672852,Rent,North,745,8,5,2,0.148,293100,36,11.05,9602.66,Personal,Online,0,Paid,Very Good/Excellent,Low DTI
LN20207,CUST10207,53,Male,Graduate,Business,4.7,636426,Mortgage,West,724,6,12,0,0.117,245900,24,13.49,11747.21,Education,Online,0,Paid,Good,Low DTI
LN20208,CUST10208,21,Male,Post Graduate,Business,13.0,1158764,Mortgage,South,674,8,4,2,0.388,461200,24,12.54,21826.77,Medical,Branch,0,Paid,Good,Medium DTI
LN20209,CUST10209,39,Female,Graduate,Self-Employed,7.2,696773,Rent,East,580,15,10,1,0.259,386400,12,11.72,34280.58,Business,Online,0,Paid,Fair,Medium DTI
LN20210,CUST10210,22,Male,Graduate,Self-Employed,0.0,1134436,Rent,West,719,14,10,2,0.113,363400,60,9.99,7719.39,Vehicle,Branch,0,Paid,Good,Low DTI
LN20211,CUST10211,64,Male,High School,Business,6.1,358143,Rent,West,832,6,12,0,0.267,123400,36,10.28,3998.01,Home,Online,0,Paid,Very Good/Excellent,Medium DTI
LN20212,CUST10212,46,Male,Graduate,Business,7.0,648689,Own,West,662,6,9,2,0.287,342500,36,11.32,11264.98,Personal,Branch,0,Paid,Fair,Medium DTI
LN20213,CUST10213,52,Male,Graduate,Contract,0.0,324998,Mortgage,Central,638,10,3,1,0.396,60600,24,12.64,2870.8,Personal,Mobile App,0,Paid,Fair,Medium DTI
LN20214,CUST10214,26,Male,Graduate,Business,7.1,633115,Mortgage,South,662,15,1,1,0.078,368800,36,16.54,13064.45,Business,Online,0,Paid,Fair,Low DTI
LN20215,CUST10215,52,Female,Post Graduate,Salaried,1.9,563446,Mortgage,East,725,7,5,2,0.276,205700,36,10.12,6648.96,Business,Branch,0,Paid,Good,Medium DTI
LN20216,CUST10216,24,Male,Post Graduate,Contract,0.0,550274,Mortgage,North,688,12,8,2,0.367,242500,24,10.01,11191.26,Vehicle,Online,0,Paid,Good,Medium DTI
LN20217,CUST10217,31,Male,Post Graduate,Salaried,15.0,552934,Rent,East,748,2,1,3,0.132,292400,36,10.17,9458.28,Home,Online,0,Paid,Very Good/Excellent,Low DTI
LN20218,CUST10218,37,Female,High School,Contract,1.7,899594,Own,North,677,3,1,2,0.05,254600,48,9.65,6414.6,Medical,Branch,0,Paid,Good,Low DTI
LN20219,CUST10219,58,Male,Graduate,Business,3.7,247864,Mortgage,West,662,12,6,1,0.192,147500,36,14.5,5077.09,Business,Mobile App,0,Paid,Fair,Low DTI
LN20220,CUST10220,44,Female,Graduate,Self-Employed,3.6,365785,Own,South,697,13,7,3,0.05,234000,36,10.31,7584.62,Business,Mobile App,0,Paid,Good,Low DTI
LN20221,CUST10221,25,Male,Graduate,Salaried,7.0,586760,Own,Central,640,4,8,0,0.233,233000,36,11.44,7676.76,Education,Branch,0,Paid,Fair,Medium DTI
LN20222,CUST10222,54,Male,Post Graduate,Salaried,15.8,313771,Own,South,811,15,8,1,0.193,194100,24,8.33,8807.86,Personal,Branch,0,Paid,Very Good/Excellent,Low DTI
LN20223,CUST10223,26,Male,Graduate,Salaried,1.0,615412,Rent,South,742,14,3,2,0.046,92700,48,8.83,2299.37,Education,Online,0,Paid,Very Good/Excellent,Low DTI
LN20224,CUST10224,42,Female,Graduate,Business,5.5,583451,Rent,East,598,1,4,1,0.153,348400,60,13.45,8007.66,Vehicle,Mobile App,0,Paid,Fair,Low DTI
LN20225,CUST10225,31,Male,Post Graduate,Salaried,7.6,277234,Mortgage,North,624,9,9,1,0.377,84700,48,12.01,2230.89,Business,Online,0,Paid,Fair,Medium DTI
LN20226,CUST10226,36,Female,Graduate,Self-Employed,2.7,269802,Mortgage,North,722,9,11,1,0.244,82500,36,8.96,2621.94,Education,Branch,0,Paid,Good,Medium DTI
LN20227,CUST10227,53,Female,Post Graduate,Contract,5.4,180000,Rent,West,694,4,5,1,0.277,50000,60,11.53,1100.38,Personal,Branch,0,Paid,Good,Medium DTI
LN20228,CUST10228,29,Female,High School,Salaried,10.0,306605,Own,East,703,1,11,1,0.274,94600,36,12.5,3164.71,Personal,Branch,0,Paid,Good,Medium DTI
LN20229,CUST10229,26,Male,Post Graduate,Business,3.2,604745,Own,North,666,1,9,1,0.394,155300,36,11.85,5147.06,Education,Online,0,Paid,Fair,Medium DTI
LN20230,CUST10230,36,Male,High School,Salaried,5.3,653821,Mortgage,North,714,6,12,2,0.312,394200,36,12.69,13223.37,Vehicle,Branch,0,Paid,Good,Medium DTI
LN20231,CUST10231,49,Male,High School,Salaried,4.8,670467,Mortgage,East,667,2,5,2,0.078,402000,48,15.04,11196.11,Home,Branch,0,Paid,Fair,Low DTI
LN20232,CUST10232,23,Male,High School,Business,6.5,391143,Rent,West,722,1,5,2,0.316,78700,60,12.89,1786.24,Personal,Online,0,Paid,Good,Medium DTI
LN20233,CUST10233,40,Female,High School,Self-Employed,8.2,593990,Rent,South,738,10,9,4,0.429,131500,36,11.75,4352.0,Personal,Online,0,Paid,Good,High DTI
LN20234,CUST10234,56,Male,Graduate,Salaried,9.9,746514,Mortgage,South,801,11,6,2,0.169,433700,24,11.7,20355.06,Business,Branch,0,Paid,Very Good/Excellent,Low DTI
LN20235,CUST10235,39,Male,Graduate,Self-Employed,16.7,298721,Mortgage,South,641,12,3,3,0.193,104400,36,16.23,3682.26,Home,Mobile App,0,Paid,Fair,Low DTI
LN20236,CUST10236,46,Female,High School,Business,0.0,642111,Own,Central,679,2,12,2,0.226,150700,60,10.15,3213.06,Personal,Online,0,Paid,Good,Medium DTI
LN20237,CUST10237,23,Male,Graduate,Salaried,6.2,860914,Mortgage,South,589,7,5,0,0.326,349000,24,14.61,16857.24,Home,Online,0,Paid,Fair,Medium DTI
LN20238,CUST10238,39,Male,High School,Salaried,0.2,458062,Rent,South,817,14,1,1,0.231,164100,60,8.75,3386.57,Business,Online,0,Paid,Very Good/Excellent,Medium DTI
LN20239,CUST10239,40,Female,Graduate,Business,5.1,1076164,Mortgage,East,532,4,9,0,0.221,279400,36,14.88,9669.08,Education,Mobile App,0,Paid,Poor,Medium DTI
LN20240,CUST10240,52,Male,Graduate,Business,11.4,463980,Own,West,806,7,10,1,0.28,236800,48,8.43,5828.9,Business,Mobile App,0,Paid,Very Good/Excellent,Medium DTI
LN20241,CUST10241,27,Female,High School,Business,13.0,373866,Mortgage,North,687,7,10,0,0.115,174100,36,13.33,5893.83,Personal,Branch,0,Paid,Good,Low DTI
LN20242,CUST10242,61,Male,Post Graduate,Salaried,13.2,815003,Mortgage,East,711,4,11,2,0.041,162900,36,12.25,5430.08,Home,Online,0,Paid,Good,Low DTI
LN20243,CUST10243,53,Female,Post Graduate,Self-Employed,13.2,1835810,Mortgage,West,668,13,7,0,0.112,1124800,48,14.73,31150.3,Education,Online,0,Paid,Fair,Low DTI
LN20244,CUST10244,60,Male,High School,Business,6.1,628838,Mortgage,North,682,2,1,4,0.298,269900,60,11.86,5984.7,Education,Branch,0,Paid,Good,Medium DTI
LN20245,CUST10245,59,Female,Graduate,Salaried,14.0,850759,Rent,Central,724,9,11,0,0.095,234000,36,11.19,7681.93,Vehicle,Mobile App,0,Paid,Good,Low DTI
LN20246,CUST10246,38,Male,Graduate,Self-Employed,15.0,453563,Mortgage,East,557,15,11,0,0.167,114800,36,13.71,3907.44,Personal,Online,0,Paid,Poor,Low DTI
LN20247,CUST10247,60,Male,Post Graduate,Business,7.7,303093,Mortgage,East,631,14,4,0,0.104,66100,24,16.73,3259.56,Vehicle,Mobile App,0,Paid,Fair,Low DTI
LN20248,CUST10248,21,Male,High School,Business,12.9,657455,Rent,Central,617,14,2,1,0.233,238200,24,14.2,11459.19,Home,Online,0,Paid,Fair,Medium DTI
LN20249,CUST10249,31,Male,Post Graduate,Salaried,7.2,717196,Rent,North,714,13,3,2,0.322,156200,48,13.81,4253.52,Home,Online,0,Paid,Good,Medium DTI
LN20250,CUST10250,48,Female,High School,Salaried,14.1,492788,Own,West,680,10,4,0,0.138,176400,24,13.39,8418.73,Vehicle,Mobile App,0,Paid,Good,Low DTI
LN20251,CUST10251,45,Female,Graduate,Self-Employed,6.2,848959,Mortgage,West,726,14,12,0,0.098,190500,48,12.93,5104.02,Business,Branch,0,Paid,Good,Low DTI
LN20252,CUST10252,43,Male,High School,Business,4.0,418713,Rent,East,692,10,2,3,0.293,200300,36,9.91,6454.66,Business,Mobile App,0,Paid,Good,Medium DTI
LN20253,CUST10253,51,Male,Post Graduate,Business,1.4,365323,Own,North,759,3,10,2,0.356,198200,60,10.28,4238.52,Vehicle,Mobile App,0,Paid,Very Good/Excellent,Medium DTI
LN20254,CUST10254,50,Female,Graduate,Salaried,6.1,1075223,Rent,East,624,1,1,0,0.215,456700,24,12.21,21543.27,Vehicle,Branch,0,Paid,Fair,Medium DTI
LN20255,CUST10255,62,Female,Graduate,Salaried,7.4,1078009,Own,North,684,11,11,1,0.244,528300,24,12.33,24950.41,Home,Online,0,Paid,Good,Medium DTI
LN20256,CUST10256,55,Male,High School,Self-Employed,2.3,423283,Rent,East,763,8,4,6,0.039,262100,12,10.9,23152.61,Home,Branch,0,Paid,Very Good/Excellent,Low DTI
LN20257,CUST10257,27,Female,Graduate,Contract,5.7,1544256,Own,West,748,4,9,0,0.088,724500,60,8.87,14993.76,Education,Branch,0,Paid,Very Good/Excellent,Low DTI
LN20258,CUST10258,36,Female,Graduate,Business,4.4,512357,Rent,East,569,9,11,1,0.426,170100,36,14.03,5816.09,Business,Mobile App,0,Paid,Poor,High DTI
LN20259,CUST10259,46,Male,Post Graduate,Self-Employed,1.6,628641,Own,West,603,8,11,1,0.421,235600,12,10.44,20761.23,Medical,Branch,0,Paid,Fair,High DTI
LN20260,CUST10260,22,Male,Post Graduate,Contract,12.2,572705,Mortgage,North,674,11,9,0,0.266,332300,60,13.55,7654.73,Personal,Mobile App,0,Paid,Good,Medium DTI
LN20261,CUST10261,21,Female,Post Graduate,Salaried,13.1,800309,Own,North,662,11,12,0,0.134,172400,60,12.73,3898.84,Vehicle,Mobile App,0,Paid,Fair,Low DTI
LN20262,CUST10262,32,Male,Post Graduate,Self-Employed,12.2,696600,Own,Central,675,7,9,0,0.168,217900,60,14.24,5097.3,Business,Branch,0,Paid,Good,Low DTI
LN20263,CUST10263,25,Female,Post Graduate,Salaried,6.6,691462,Rent,North,740,15,3,3,0.363,303300,24,11.72,14237.76,Home,Branch,0,Paid,Very Good/Excellent,Medium DTI
LN20264,CUST10264,57,Male,High School,Contract,6.9,342465,Own,South,702,9,1,1,0.339,167200,36,11.28,5496.11,Personal,Branch,0,Paid,Good,Medium DTI
LN20265,CUST10265,52,Male,High School,Self-Employed,1.7,237038,Mortgage,Central,706,2,1,1,0.205,126000,48,9.55,3168.52,Home,Branch,0,Paid,Good,Medium DTI
LN20266,CUST10266,29,Male,High School,Salaried,9.1,1124527,Mortgage,South,730,4,3,2,0.106,347600,36,10.96,11373.39,Personal,Mobile App,0,Paid,Good,Low DTI
LN20267,CUST10267,61,Male,Graduate,Salaried,7.8,444493,Own,West,761,13,10,3,0.292,99100,24,9.9,4568.39,Education,Branch,0,Paid,Very Good/Excellent,Medium DTI
LN20268,CUST10268,55,Female,Post Graduate,Salaried,21.2,584035,Own,South,451,14,8,2,0.061,366400,24,16.29,17990.9,Home,Mobile App,0,Paid,Poor,Low DTI
LN20269,CUST10269,39,Female,Graduate,Salaried,12.4,718143,Own,South,651,5,4,1,0.539,135200,60,12.1,3014.29,Business,Branch,0,Paid,Fair,High DTI
LN20270,CUST10270,36,Female,Graduate,Salaried,8.6,1469805,Mortgage,East,614,5,11,3,0.253,290900,24,14.2,13994.45,Vehicle,Branch,0,Paid,Fair,Medium DTI
LN20271,CUST10271,23,Male,Post Graduate,Contract,6.8,655682,Rent,West,716,12,8,1,0.296,260600,48,13.79,7093.86,Vehicle,Branch,0,Paid,Good,Medium DTI
LN20272,CUST10272,40,Male,Post Graduate,Salaried,12.0,482891,Rent,Central,645,1,7,1,0.471,270200,36,10.7,8807.66,Education,Branch,0,Paid,Fair,High DTI
LN20273,CUST10273,44,Male,Graduate,Self-Employed,2.4,449880,Rent,East,686,9,8,0,0.105,241700,48,12.21,6389.84,Business,Online,0,Paid,Good,Low DTI
LN20274,CUST10274,53,Female,Post Graduate,Salaried,12.7,587798,Mortgage,North,744,15,2,1,0.068,363800,48,11.27,9450.37,Business,Online,0,Paid,Very Good/Excellent,Low DTI
LN20275,CUST10275,44,Female,High School,Business,1.6,363864,Rent,South,635,9,8,1,0.134,80300,36,13.45,2723.06,Business,Online,0,Paid,Fair,Low DTI
LN20276,CUST10276,31,Female,Graduate,Self-Employed,4.2,609605,Mortgage,South,707,5,9,2,0.096,206000,36,12.92,6933.02,Business,Online,0,Paid,Good,Low DTI
LN20277,CUST10277,28,Female,Graduate,Salaried,0.0,583077,Mortgage,South,797,10,10,3,0.299,169700,48,12.93,4546.73,Vehicle,Online,0,Paid,Very Good/Excellent,Medium DTI
LN20278,CUST10278,56,Male,Graduate,Business,10.1,1479959,Mortgage,East,742,3,11,4,0.277,859000,36,9.71,27600.71,Home,Online,0,Paid,Very Good/Excellent,Medium DTI
LN20279,CUST10279,58,Male,High School,Business,8.2,573036,Own,South,561,8,6,1,0.121,225900,48,11.73,5918.91,Business,Mobile App,0,Paid,Poor,Low DTI
LN20280,CUST10280,60,Male,Post Graduate,Contract,4.2,208192,Rent,South,658,7,3,0,0.071,50000,48,12.91,1339.14,Business,Mobile App,0,Paid,Fair,Low DTI
LN20281,CUST10281,40,Male,Graduate,Salaried,2.4,2610666,Own,Central,707,5,7,1,0.104,1200000,36,12.57,40184.65,Education,Branch,0,Paid,Good,Low DTI
LN20282,CUST10282,55,Male,Graduate,Salaried,13.9,1015553,Rent,East,721,12,9,1,0.233,349700,36,12.77,11744.07,Medical,Online,0,Paid,Good,Medium DTI
LN20283,CUST10283,45,Female,Graduate,Contract,6.3,1886015,Mortgage,South,661,1,8,2,0.195,783800,24,11.44,36691.55,Home,Online,0,Paid,Fair,Low DTI
LN20284,CUST10284,55,Male,Post Graduate,Business,3.2,317476,Own,South,632,7,8,2,0.088,189500,48,10.65,4865.58,Vehicle,Branch,0,Paid,Fair,Low DTI
LN20285,CUST10285,45,Male,Graduate,Business,16.6,531087,Mortgage,West,685,11,11,4,0.181,147800,24,14.05,7099.8,Vehicle,Online,0,Paid,Good,Low DTI
LN20286,CUST10286,49,Male,High School,Self-Employed,3.7,869441,Mortgage,Central,598,1,7,2,0.151,234900,60,14.3,5502.32,Personal,Online,0,Paid,Fair,Low DTI
LN20287,CUST10287,38,Male,Graduate,Business,12.7,805888,Rent,West,762,1,5,0,0.105,226900,60,10.5,4876.97,Personal,Online,0,Paid,Very Good/Excellent,Low DTI
LN20288,CUST10288,38,Female,Post Graduate,Business,1.2,710341,Mortgage,South,820,9,2,2,0.167,226600,24,6.98,10143.41,Education,Branch,0,Paid,Very Good/Excellent,Low DTI
LN20289,CUST10289,22,Female,Post Graduate,Salaried,5.2,180000,Mortgage,West,710,6,5,3,0.153,50000,24,10.85,2326.91,Business,Online,0,Paid,Good,Low DTI
LN20290,CUST10290,55,Male,Graduate,Self-Employed,9.5,233945,Own,Central,663,7,5,1,0.277,116600,36,13.6,3962.5,Home,Online,0,Paid,Fair,Medium DTI
LN20291,CUST10291,36,Male,Graduate,Business,6.7,1382385,Mortgage,North,751,2,2,0,0.293,350700,60,11.89,7781.65,Personal,Mobile App,0,Paid,Very Good/Excellent,Medium DTI
LN20292,CUST10292,61,Male,Post Graduate,Salaried,8.2,1524407,Own,Central,738,15,11,1,0.231,934600,36,9.36,29876.87,Vehicle,Mobile App,0,Paid,Good,Medium DTI
LN20293,CUST10293,56,Female,Graduate,Salaried,4.3,565817,Rent,West,659,11,10,1,0.265,145900,36,13.54,4953.98,Personal,Online,0,Paid,Fair,Medium DTI
LN20294,CUST10294,53,Female,Post Graduate,Salaried,0.0,1289055,Own,South,676,15,1,0,0.103,358100,48,12.23,9470.64,Personal,Online,0,Paid,Good,Low DTI
LN20295,CUST10295,24,Male,Graduate,Business,14.3,341776,Mortgage,South,634,8,5,1,0.116,102000,24,14.89,4940.31,Home,Branch,0,Paid,Fair,Low DTI
LN20296,CUST10296,53,Male,Post Graduate,Business,4.6,387608,Rent,East,692,15,6,0,0.319,207100,36,11.07,6787.06,Education,Online,0,Paid,Good,Medium DTI
LN20297,CUST10297,34,Male,Graduate,Self-Employed,8.4,327234,Mortgage,South,702,7,7,2,0.175,119000,36,11.04,3898.16,Business,Branch,0,Paid,Good,Low DTI
LN20298,CUST10298,41,Female,Graduate,Business,10.5,375957,Mortgage,North,621,5,11,2,0.397,210400,36,13.36,7125.75,Home,Online,0,Paid,Fair,Medium DTI
LN20299,CUST10299,40,Male,High School,Salaried,8.5,892845,Rent,Central,599,8,2,0,0.348,484300,24,12.89,22999.49,Medical,Online,0,Paid,Fair,Medium DTI
LN20300,CUST10300,28,Female,Graduate,Business,3.5,373395,Own,East,581,2,6,0,0.258,229500,36,12.47,7674.31,Medical,Online,0,Paid,Fair,Medium DTI
LN20301,CUST10301,27,Male,Post Graduate,Salaried,12.8,2056557,Mortgage,East,711,6,12,1,0.137,1086500,60,14.6,25620.19,Personal,Online,0,Paid,Good,Low DTI
LN20302,CUST10302,23,Male,Graduate,Business,9.6,772760,Rent,North,679,4,8,2,0.02,136000,36,14.45,4677.94,Medical,Mobile App,0,Paid,Good,Low DTI
LN20303,CUST10303,37,Male,Graduate,Salaried,8.0,1089440,Mortgage,East,674,7,6,4,0.157,619500,48,10.95,15996.26,Personal,Mobile App,0,Paid,Good,Low DTI
LN20304,CUST10304,53,Female,Graduate,Salaried,7.9,785560,Own,West,715,6,3,1,0.202,486300,12,12.11,43232.19,Personal,Mobile App,0,Paid,Good,Medium DTI
LN20305,CUST10305,32,Female,Post Graduate,Salaried,15.4,1170022,Mortgage,South,612,12,3,4,0.097,756800,36,11.02,24783.83,Home,Branch,0,Paid,Fair,Low DTI
LN20306,CUST10306,42,Male,Graduate,Salaried,3.3,372237,Rent,South,600,6,11,2,0.087,79200,24,16.05,3879.77,Education,Branch,0,Paid,Fair,Low DTI
LN20307,CUST10307,42,Male,High School,Business,9.1,1329746,Mortgage,North,698,5,7,1,0.346,607200,36,13.17,20508.72,Business,Online,0,Paid,Good,Medium DTI
LN20308,CUST10308,50,Male,High School,Self-Employed,4.4,648360,Own,South,550,11,2,0,0.137,161900,36,15.76,5672.76,Personal,Branch,0,Paid,Poor,Low DTI
LN20309,CUST10309,58,Female,Post Graduate,Salaried,0.0,1166807,Own,Central,661,5,3,4,0.162,328200,36,12.21,10933.88,Medical,Mobile App,0,Paid,Fair,Low DTI
LN20310,CUST10310,58,Female,Graduate,Contract,0.0,271828,Own,South,850,2,7,0,0.318,142100,12,11.51,12592.86,Personal,Online,0,Paid,Very Good/Excellent,Medium DTI
LN20311,CUST10311,65,Female,High School,Salaried,1.9,662652,Own,North,579,11,9,1,0.33,423300,36,15.58,14794.35,Home,Online,0,Paid,Poor,Medium DTI
LN20312,CUST10312,28,Male,Graduate,Contract,3.7,649895,Mortgage,East,648,7,1,1,0.429,290800,36,12.53,9732.5,Education,Online,0,Paid,Fair,High DTI
LN20313,CUST10313,47,Female,Post Graduate,Contract,17.9,426815,Mortgage,East,521,7,5,1,0.452,245500,36,12.96,8267.14,Personal,Mobile App,0,Paid,Poor,High DTI
LN20314,CUST10314,47,Male,Post Graduate,Self-Employed,10.5,712760,Rent,South,662,8,2,4,0.275,110100,12,13.22,9845.2,Medical,Branch,0,Paid,Fair,Medium DTI
LN20315,CUST10315,54,Male,High School,Salaried,10.9,1399280,Rent,West,827,4,12,4,0.235,235500,48,9.91,5962.71,Personal,Mobile App,0,Paid,Very Good/Excellent,Medium DTI
LN20316,CUST10316,41,Male,High School,Self-Employed,3.8,409135,Mortgage,North,715,11,5,2,0.361,183400,36,14.55,6317.28,Home,Online,0,Paid,Good,Medium DTI
LN20317,CUST10317,50,Male,High School,Business,7.3,1018361,Rent,South,634,11,6,2,0.222,350800,36,13.07,11831.67,Home,Mobile App,0,Paid,Fair,Medium DTI
LN20318,CUST10318,53,Female,Post Graduate,Salaried,18.5,322740,Mortgage,North,844,11,8,1,0.137,192000,60,10.0,4079.43,Medical,Online,0,Paid,Very Good/Excellent,Low DTI
LN20319,CUST10319,48,Male,High School,Salaried,0.9,1914332,Mortgage,South,549,13,7,0,0.451,576200,36,15.48,20109.87,Medical,Online,0,Paid,Poor,High DTI
LN20320,CUST10320,53,Male,High School,Business,9.3,923767,Own,South,714,9,5,1,0.22,338100,24,11.79,15882.4,Vehicle,Online,0,Paid,Good,Medium DTI
LN20321,CUST10321,25,Female,High School,Self-Employed,15.1,1549588,Own,East,685,10,11,0,0.141,641500,36,13.27,21698.19,Home,Online,0,Paid,Good,Low DTI
LN20322,CUST10322,39,Female,Post Graduate,Salaried,11.8,868322,Own,North,661,3,5,0,0.143,248800,60,11.78,5506.8,Vehicle,Online,0,Paid,Fair,Low DTI
LN20323,CUST10323,24,Male,Graduate,Contract,16.0,743796,Own,North,741,3,2,0,0.385,449400,36,9.71,14439.76,Vehicle,Branch,0,Paid,Very Good/Excellent,Medium DTI
LN20324,CUST10324,55,Male,Graduate,Contract,8.1,928010,Rent,West,591,13,6,1,0.152,354700,60,12.27,7938.59,Personal,Mobile App,1,Default,Fair,Low DTI
LN20325,CUST10325,37,Female,Post Graduate,Salaried,10.0,556620,Own,South,703,2,3,3,0.316,201500,48,11.45,5252.02,Business,Mobile App,0,Paid,Good,Medium DTI
LN20326,CUST10326,64,Male,Graduate,Salaried,7.5,246441,Own,North,694,10,6,2,0.294,141700,36,12.27,4724.76,Vehicle,Branch,0,Paid,Good,Medium DTI
LN20327,CUST10327,48,Male,Graduate,Self-Employed,9.7,767393,Rent,South,615,7,3,0,0.173,234800,48,14.02,6418.61,Education,Online,0,Paid,Fair,Low DTI
LN20328,CUST10328,50,Male,High School,Salaried,2.4,395995,Rent,West,826,12,2,1,0.47,221300,36,10.79,7223.09,Education,Online,0,Paid,Very Good/Excellent,High DTI
LN20329,CUST10329,49,Male,Graduate,Salaried,11.0,327345,Mortgage,North,666,10,8,0,0.345,69100,36,12.53,2312.64,Home,Branch,0,Paid,Fair,Medium DTI
LN20330,CUST10330,26,Male,Post Graduate,Business,8.5,851408,Own,East,670,2,4,3,0.062,205500,36,10.84,6712.25,Personal,Mobile App,0,Paid,Good,Low DTI
LN20331,CUST10331,55,Female,Graduate,Contract,7.3,514615,Rent,South,603,7,5,0,0.381,321900,48,14.5,8877.34,Home,Branch,0,Paid,Fair,Medium DTI
LN20332,CUST10332,61,Female,High School,Salaried,15.7,1055919,Own,West,668,3,9,2,0.187,603200,36,10.23,19528.77,Vehicle,Branch,0,Paid,Fair,Low DTI
LN20333,CUST10333,57,Female,High School,Business,5.7,388779,Mortgage,West,850,15,4,2,0.11,133700,24,8.0,6046.89,Personal,Online,0,Paid,Very Good/Excellent,Low DTI
LN20334,CUST10334,44,Female,Post Graduate,Salaried,13.0,463114,Mortgage,West,661,1,1,0,0.145,217300,48,12.65,5791.94,Vehicle,Online,0,Paid,Fair,Low DTI
LN20335,CUST10335,49,Female,Graduate,Salaried,13.5,1129570,Mortgage,South,719,11,11,2,0.302,702000,48,12.91,18801.56,Education,Branch,0,Paid,Good,Medium DTI
LN20336,CUST10336,51,Female,Graduate,Salaried,11.3,699834,Rent,West,751,8,6,0,0.052,179100,60,12.18,4000.29,Business,Branch,0,Paid,Very Good/Excellent,Low DTI
LN20337,CUST10337,55,Female,Graduate,Salaried,2.2,266240,Own,West,666,8,11,1,0.277,50000,36,12.36,1669.33,Personal,Online,0,Paid,Fair,Medium DTI
LN20338,CUST10338,53,Male,High School,Self-Employed,8.8,691386,Rent,South,649,14,11,3,0.248,289500,12,13.43,25915.79,Medical,Online,0,Paid,Fair,Medium DTI
LN20339,CUST10339,41,Male,High School,Business,16.8,1355073,Mortgage,Central,715,13,5,1,0.295,299900,24,10.18,13863.79,Vehicle,Mobile App,1,Default,Good,Medium DTI
LN20340,CUST10340,52,Female,Graduate,Salaried,0.0,461145,Mortgage,Central,662,10,10,4,0.22,112400,48,11.73,2945.04,Personal,Branch,0,Paid,Fair,Medium DTI
LN20341,CUST10341,43,Male,Graduate,Self-Employed,6.1,833690,Rent,South,655,1,3,2,0.157,496700,12,11.86,44098.67,Education,Branch,0,Paid,Fair,Low DTI
LN20342,CUST10342,53,Female,Post Graduate,Salaried,12.8,376067,Mortgage,West,750,11,11,2,0.146,57800,60,9.79,1222.12,Vehicle,Online,0,Paid,Very Good/Excellent,Low DTI
LN20343,CUST10343,23,Female,High School,Business,6.4,556518,Rent,East,675,6,11,1,0.402,310800,36,11.84,10299.27,Personal,Branch,0,Paid,Good,High DTI
LN20344,CUST10344,38,Male,Graduate,Salaried,11.0,1092626,Own,East,771,4,5,2,0.205,446300,60,10.62,9619.28,Education,Online,0,Paid,Very Good/Excellent,Medium DTI
LN20345,CUST10345,45,Female,High School,Salaried,14.0,676889,Rent,South,673,5,8,3,0.145,290800,48,11.71,7616.54,Medical,Online,0,Paid,Good,Low DTI
LN20346,CUST10346,62,Male,Graduate,Salaried,8.2,1219295,Rent,South,581,14,1,2,0.133,592400,60,13.4,13600.53,Personal,Online,0,Paid,Fair,Low DTI
LN20347,CUST10347,51,Female,Graduate,Salaried,9.5,758123,Rent,Central,423,8,4,1,0.06,277300,24,11.86,13035.35,Personal,Branch,0,Paid,Poor,Low DTI
LN20348,CUST10348,23,Male,Graduate,Salaried,7.5,2032936,Rent,West,542,8,3,0,0.201,422500,36,14.95,14635.76,Personal,Online,0,Paid,Poor,Medium DTI
LN20349,CUST10349,60,Female,Graduate,Salaried,8.5,253719,Own,South,555,7,4,2,0.02,51100,24,13.57,2443.09,Personal,Online,0,Paid,Poor,Low DTI
LN20350,CUST10350,44,Male,High School,Business,17.5,532442,Mortgage,West,700,5,2,1,0.062,280700,24,11.39,13133.7,Home,Branch,0,Paid,Good,Low DTI
LN20351,CUST10351,52,Female,Graduate,Contract,6.7,330444,Rent,West,607,6,2,2,0.272,86100,36,11.31,2831.46,Education,Online,0,Paid,Fair,Medium DTI
LN20352,CUST10352,42,Male,Graduate,Salaried,5.2,343090,Mortgage,South,532,8,2,3,0.269,56300,48,16.85,1620.17,Business,Online,1,Default,Poor,Medium DTI
LN20353,CUST10353,43,Female,Graduate,Salaried,12.2,344805,Mortgage,North,670,5,3,0,0.153,220600,12,14.85,19895.37,Personal,Mobile App,0,Paid,Good,Low DTI
LN20354,CUST10354,22,Male,High School,Self-Employed,2.8,657983,Own,West,599,3,12,3,0.171,421200,60,11.01,9160.01,Home,Branch,1,Default,Fair,Low DTI
LN20355,CUST10355,47,Female,Graduate,Contract,3.9,679526,Mortgage,West,715,9,9,2,0.299,230400,12,11.42,20408.3,Education,Mobile App,0,Paid,Good,Medium DTI
LN20356,CUST10356,62,Male,Post Graduate,Salaried,4.0,759022,Mortgage,Central,713,9,5,4,0.136,123500,36,13.2,4173.11,Vehicle,Branch,0,Paid,Good,Low DTI
LN20357,CUST10357,22,Female,High School,Self-Employed,5.7,323515,Rent,North,721,10,4,3,0.076,166200,24,11.15,7757.8,Vehicle,Online,0,Paid,Good,Low DTI
LN20358,CUST10358,46,Female,Post Graduate,Salaried,5.9,502003,Mortgage,East,488,1,4,2,0.295,283900,48,14.27,7796.49,Business,Mobile App,0,Paid,Poor,Medium DTI
LN20359,CUST10359,37,Male,Graduate,Self-Employed,10.5,353035,Own,West,683,7,3,0,0.267,75000,24,11.25,3504.3,Home,Online,0,Paid,Good,Medium DTI
LN20360,CUST10360,60,Male,High School,Salaried,5.3,1003917,Mortgage,East,671,4,9,1,0.112,218600,60,12.9,4962.64,Personal,Branch,0,Paid,Good,Low DTI
LN20361,CUST10361,53,Male,Graduate,Salaried,10.7,371773,Rent,West,588,6,11,1,0.422,208600,36,17.6,7499.6,Home,Online,0,Paid,Fair,High DTI
LN20362,CUST10362,29,Female,High School,Salaried,11.3,533462,Mortgage,North,520,13,10,0,0.252,325900,60,15.94,7914.87,Personal,Branch,0,Paid,Poor,Medium DTI
LN20363,CUST10363,63,Female,Graduate,Salaried,3.7,816558,Rent,North,672,7,1,3,0.129,445300,36,10.76,14527.99,Business,Mobile App,0,Paid,Good,Low DTI
LN20364,CUST10364,59,Female,Graduate,Salaried,11.2,427662,Mortgage,North,760,8,6,4,0.21,107100,36,10.16,3463.87,Personal,Branch,0,Paid,Very Good/Excellent,Medium DTI
LN20365,CUST10365,49,Female,Post Graduate,Self-Employed,11.7,878805,Rent,South,486,11,4,2,0.023,312600,48,14.81,8669.81,Home,Branch,0,Paid,Poor,Low DTI
LN20366,CUST10366,62,Male,Graduate,Self-Employed,0.0,1443424,Rent,South,618,5,8,2,0.218,650100,60,11.94,14441.41,Personal,Mobile App,0,Paid,Fair,Medium DTI
LN20367,CUST10367,46,Female,Graduate,Self-Employed,8.5,665988,Rent,Central,690,5,7,0,0.05,153300,36,10.58,4988.41,Business,Online,0,Paid,Good,Low DTI
LN20368,CUST10368,55,Female,Graduate,Salaried,4.5,985171,Rent,North,764,12,3,0,0.327,251500,60,12.16,5614.83,Personal,Online,0,Paid,Very Good/Excellent,Medium DTI
LN20369,CUST10369,45,Female,Graduate,Salaried,13.5,191818,Mortgage,South,657,6,5,1,0.438,55900,24,11.89,2628.54,Business,Mobile App,0,Paid,Fair,High DTI
LN20370,CUST10370,44,Male,Graduate,Business,4.4,473879,Rent,Central,825,15,11,4,0.107,191800,48,10.68,4927.42,Home,Branch,0,Paid,Very Good/Excellent,Low DTI
LN20371,CUST10371,33,Male,High School,Salaried,0.3,664228,Mortgage,East,545,7,11,4,0.074,269300,36,17.0,9601.28,Business,Branch,1,Default,Poor,Low DTI
LN20372,CUST10372,27,Male,Graduate,Contract,6.9,336231,Own,North,529,15,4,0,0.215,187300,24,13.78,8973.36,Personal,Branch,0,Paid,Poor,Medium DTI
LN20373,CUST10373,56,Male,High School,Business,2.5,672591,Own,South,756,5,4,3,0.44,354100,36,11.57,11688.6,Medical,Online,0,Paid,Very Good/Excellent,High DTI
LN20374,CUST10374,65,Male,Graduate,Salaried,11.2,1074808,Mortgage,West,504,5,10,1,0.131,652300,60,13.4,14975.74,Business,Online,1,Default,Poor,Low DTI
LN20375,CUST10375,40,Male,Graduate,Business,3.0,213401,Rent,North,715,12,8,2,0.047,120900,60,12.4,2713.86,Personal,Online,0,Paid,Good,Low DTI
LN20376,CUST10376,21,Male,Graduate,Self-Employed,6.9,311980,Mortgage,Central,658,4,9,1,0.1,86400,36,14.58,2977.34,Personal,Online,0,Paid,Fair,Low DTI
LN20377,CUST10377,28,Female,High School,Self-Employed,14.7,664196,Mortgage,East,612,1,11,3,0.167,209700,60,15.19,5009.69,Education,Branch,0,Paid,Fair,Low DTI
LN20378,CUST10378,36,Female,High School,Business,12.5,772908,Own,West,648,14,4,0,0.098,309300,36,12.84,10397.72,Education,Online,0,Paid,Fair,Low DTI
LN20379,CUST10379,34,Male,High School,Salaried,9.4,900431,Mortgage,East,583,7,12,2,0.069,141500,48,12.98,3794.69,Vehicle,Branch,0,Paid,Fair,Low DTI
LN20380,CUST10380,32,Female,High School,Business,6.4,637732,Own,Central,656,7,2,1,0.429,383900,12,13.02,34292.5,Personal,Online,0,Paid,Fair,High DTI
LN20381,CUST10381,43,Female,Graduate,Self-Employed,8.9,773373,Mortgage,East,681,13,1,2,0.089,133200,36,12.36,4447.08,Home,Online,0,Paid,Good,Low DTI
LN20382,CUST10382,35,Male,Graduate,Business,10.4,986185,Rent,West,649,6,10,2,0.09,306900,12,13.46,27477.75,Vehicle,Online,0,Paid,Fair,Low DTI
LN20383,CUST10383,48,Male,High School,Self-Employed,2.1,477698,Rent,Central,636,10,4,3,0.14,207600,36,12.01,6896.28,Home,Branch,0,Paid,Fair,Low DTI
LN20384,CUST10384,54,Male,High School,Salaried,11.3,429322,Mortgage,Central,699,2,8,0,0.144,175600,36,11.41,5783.07,Medical,Online,0,Paid,Good,Low DTI
LN20385,CUST10385,22,Male,Graduate,Salaried,1.5,546892,Mortgage,North,804,2,5,3,0.265,261000,60,10.11,5559.62,Education,Branch,0,Paid,Very Good/Excellent,Medium DTI
LN20386,CUST10386,52,Female,High School,Contract,9.9,669578,Mortgage,South,660,6,2,2,0.355,277000,36,13.6,9413.48,Vehicle,Online,0,Paid,Fair,Medium DTI
LN20387,CUST10387,43,Male,High School,Salaried,1.5,417748,Own,South,741,12,11,3,0.063,110500,60,12.58,2490.52,Medical,Online,0,Paid,Very Good/Excellent,Low DTI
LN20388,CUST10388,42,Female,Graduate,Salaried,16.8,483167,Rent,North,608,13,4,1,0.225,121100,60,12.73,2738.69,Business,Mobile App,0,Paid,Fair,Medium DTI
LN20389,CUST10389,45,Male,High School,Salaried,10.8,746702,Mortgage,Central,580,9,4,1,0.226,450700,24,12.07,21230.75,Personal,Online,1,Default,Fair,Medium DTI
LN20390,CUST10390,42,Male,Post Graduate,Salaried,0.0,654383,Mortgage,South,714,5,10,0,0.145,184500,36,12.33,6157.16,Home,Mobile App,0,Paid,Good,Low DTI
LN20391,CUST10391,42,Male,Graduate,Salaried,7.0,541853,Mortgage,South,662,7,5,1,0.121,157400,48,13.67,4275.18,Medical,Mobile App,0,Paid,Fair,Low DTI
LN20392,CUST10392,62,Male,Graduate,Salaried,4.4,230290,Own,North,765,2,2,0,0.297,82100,60,10.82,1777.69,Medical,Branch,0,Paid,Very Good/Excellent,Medium DTI
LN20393,CUST10393,26,Female,High School,Salaried,3.8,598843,Own,Central,779,6,7,0,0.249,131600,60,9.74,2779.31,Vehicle,Branch,0,Paid,Very Good/Excellent,Medium DTI
LN20394,CUST10394,35,Female,High School,Business,7.7,351928,Own,West,743,11,5,2,0.286,142100,48,10.64,3647.86,Business,Mobile App,0,Paid,Very Good/Excellent,Medium DTI
LN20395,CUST10395,63,Male,High School,Self-Employed,2.4,1030320,Mortgage,East,741,6,4,1,0.131,497100,36,13.84,16951.1,Vehicle,Mobile App,0,Paid,Very Good/Excellent,Low DTI
LN20396,CUST10396,57,Male,High School,Self-Employed,10.8,506302,Own,West,423,10,8,1,0.341,274900,48,16.49,7859.9,Education,Branch,0,Paid,Poor,Medium DTI
LN20397,CUST10397,53,Female,Graduate,Salaried,10.5,346888,Rent,West,713,6,2,1,0.329,175400,36,13.33,5937.84,Medical,Online,0,Paid,Good,Medium DTI
LN20398,CUST10398,28,Male,High School,Business,8.8,580031,Rent,West,745,6,1,2,0.432,129800,36,10.12,4195.6,Personal,Online,0,Paid,Very Good/Excellent,High DTI
LN20399,CUST10399,64,Female,Post Graduate,Self-Employed,6.9,1206905,Rent,North,585,14,6,0,0.26,456300,48,15.54,12824.42,Personal,Online,0,Paid,Fair,Medium DTI
LN20400,CUST10400,64,Male,Post Graduate,Salaried,10.3,848847,Rent,West,681,4,10,3,0.139,143700,60,13.63,3316.15,Business,Online,0,Paid,Good,Low DTI
LN20401,CUST10401,25,Female,Graduate,Salaried,11.0,677144,Rent,East,602,5,10,2,0.225,107600,60,13.32,2465.89,Business,Online,0,Paid,Fair,Medium DTI
LN20402,CUST10402,59,Male,Post Graduate,Business,9.3,289333,Own,West,757,4,8,0,0.474,107100,36,12.06,3560.32,Vehicle,Branch,0,Paid,Very Good/Excellent,High DTI
LN20403,CUST10403,24,Female,Graduate,Business,0.4,1463827,Mortgage,East,608,6,7,0,0.233,404700,48,15.32,11328.86,Home,Branch,0,Paid,Fair,Medium DTI
LN20404,CUST10404,26,Male,Graduate,Contract,3.1,426254,Own,Central,621,9,9,1,0.159,209600,60,11.52,4611.76,Business,Branch,0,Paid,Fair,Low DTI
LN20405,CUST10405,65,Male,High School,Salaried,5.7,1002759,Own,West,645,13,1,1,0.192,513500,36,12.04,17065.36,Personal,Online,0,Paid,Fair,Low DTI
LN20406,CUST10406,52,Male,Post Graduate,Contract,0.0,501689,Mortgage,East,849,5,3,2,0.195,299900,36,10.55,9754.55,Personal,Online,0,Paid,Very Good/Excellent,Low DTI
LN20407,CUST10407,50,Female,Graduate,Salaried,8.1,951043,Mortgage,West,755,5,9,1,0.201,504400,36,11.21,16563.62,Personal,Branch,0,Paid,Very Good/Excellent,Medium DTI
LN20408,CUST10408,55,Male,Graduate,Salaried,14.1,1231158,Own,South,801,3,5,0,0.209,214400,36,11.1,7029.34,Vehicle,Branch,0,Paid,Very Good/Excellent,Medium DTI
LN20409,CUST10409,60,Female,Post Graduate,Salaried,13.3,856972,Mortgage,South,544,13,6,2,0.397,287800,36,15.37,10028.91,Personal,Branch,0,Paid,Poor,Medium DTI
LN20410,CUST10410,36,Male,High School,Salaried,10.7,909277,Own,East,585,11,11,5,0.219,260500,36,14.47,8962.85,Home,Online,0,Paid,Fair,Medium DTI
LN20411,CUST10411,33,Male,Graduate,Self-Employed,10.6,568379,Rent,East,780,7,7,3,0.145,195000,60,10.42,4183.59,Personal,Mobile App,0,Paid,Very Good/Excellent,Low DTI
LN20412,CUST10412,62,Female,Post Graduate,Contract,18.1,472599,Rent,South,548,5,3,1,0.053,108700,24,14.0,5219.0,Vehicle,Branch,0,Paid,Poor,Low DTI
LN20413,CUST10413,50,Female,Graduate,Contract,11.2,647419,Rent,West,630,14,7,2,0.179,128700,36,15.38,4485.41,Business,Branch,0,Paid,Fair,Low DTI
LN20414,CUST10414,39,Female,Graduate,Self-Employed,11.6,497690,Rent,West,834,2,3,2,0.239,204300,36,10.12,6603.7,Education,Online,0,Paid,Very Good/Excellent,Medium DTI
LN20415,CUST10415,37,Male,Graduate,Self-Employed,0.0,2330625,Mortgage,East,608,9,6,4,0.239,1189100,36,15.41,41459.69,Business,Mobile App,0,Paid,Fair,Medium DTI
LN20416,CUST10416,39,Female,Graduate,Contract,13.7,347628,Own,East,543,5,8,2,0.365,174100,60,16.49,4279.23,Education,Online,1,Default,Poor,Medium DTI
LN20417,CUST10417,48,Male,Graduate,Self-Employed,9.0,1041145,Rent,South,684,7,7,3,0.416,390900,36,11.07,12810.53,Medical,Online,0,Paid,Good,High DTI
LN20418,CUST10418,46,Male,Post Graduate,Contract,6.6,797425,Own,Central,547,12,5,0,0.161,327900,36,15.4,11431.1,Personal,Mobile App,0,Paid,Poor,Low DTI
LN20419,CUST10419,57,Male,High School,Contract,5.4,680862,Mortgage,West,773,7,12,2,0.205,277900,60,9.28,5806.58,Personal,Branch,0,Paid,Very Good/Excellent,Medium DTI
LN20420,CUST10420,46,Male,Graduate,Salaried,4.3,1354066,Rent,East,613,10,6,1,0.223,671300,24,15.73,32782.4,Home,Online,0,Paid,Fair,Medium DTI
LN20421,CUST10421,43,Male,Graduate,Salaried,13.3,707005,Rent,West,598,12,4,3,0.153,123000,60,13.81,2849.89,Business,Mobile App,0,Paid,Fair,Low DTI
LN20422,CUST10422,29,Male,Graduate,Salaried,6.9,423152,Mortgage,South,682,8,2,1,0.245,213700,36,12.48,7146.99,Business,Online,0,Paid,Good,Medium DTI
LN20423,CUST10423,32,Female,Graduate,Business,4.4,704425,Rent,North,650,4,7,2,0.408,310700,12,11.45,27525.44,Personal,Mobile App,1,Default,Fair,High DTI
LN20424,CUST10424,21,Female,Post Graduate,Business,3.1,542496,Mortgage,North,699,7,4,2,0.212,135100,60,11.1,2944.14,Home,Mobile App,0,Paid,Good,Medium DTI
LN20425,CUST10425,21,Male,Post Graduate,Self-Employed,7.9,791347,Own,North,719,3,6,2,0.239,138100,12,12.05,12273.25,Education,Online,0,Paid,Good,Medium DTI
LN20426,CUST10426,54,Female,Graduate,Salaried,5.2,938347,Mortgage,East,664,9,10,0,0.24,191700,36,12.68,6429.62,Home,Branch,0,Paid,Fair,Medium DTI
LN20427,CUST10427,52,Male,High School,Salaried,4.1,374066,Rent,West,593,15,12,1,0.448,154200,12,13.03,13774.89,Home,Online,0,Paid,Fair,High DTI
LN20428,CUST10428,45,Male,High School,Contract,0.1,1157901,Mortgage,South,735,15,2,4,0.053,612800,12,12.79,54673.27,Vehicle,Branch,0,Paid,Good,Low DTI
LN20429,CUST10429,60,Male,Graduate,Salaried,11.8,521513,Rent,East,628,8,2,1,0.133,165500,60,13.08,3772.41,Personal,Online,0,Paid,Fair,Low DTI
LN20430,CUST10430,65,Male,Post Graduate,Self-Employed,6.3,765797,Mortgage,North,615,12,6,2,0.369,260000,48,11.76,6816.2,Home,Branch,0,Paid,Fair,Medium DTI
LN20431,CUST10431,21,Male,Graduate,Contract,1.6,842435,Mortgage,West,691,15,8,2,0.136,519800,24,13.22,24765.99,Education,Mobile App,0,Paid,Good,Low DTI
LN20432,CUST10432,36,Female,Graduate,Business,5.6,734356,Mortgage,North,535,10,1,1,0.192,188400,36,12.74,6324.37,Vehicle,Mobile App,0,Paid,Poor,Low DTI
LN20433,CUST10433,59,Male,Graduate,Self-Employed,9.7,565053,Own,West,709,9,10,1,0.148,114100,48,8.98,2838.3,Personal,Online,0,Paid,Good,Low DTI
LN20434,CUST10434,25,Female,High School,Salaried,7.1,458610,Own,South,695,2,7,3,0.077,147500,60,12.22,3297.48,Personal,Online,0,Paid,Good,Low DTI
LN20435,CUST10435,42,Female,High School,Business,8.0,517486,Mortgage,North,764,4,6,2,0.129,270600,36,9.49,8666.85,Personal,Online,0,Paid,Very Good/Excellent,Low DTI
LN20436,CUST10436,49,Male,Graduate,Salaried,7.2,1419094,Rent,East,642,1,5,1,0.116,657100,60,13.14,14998.18,Home,Online,0,Paid,Fair,Low DTI
LN20437,CUST10437,23,Female,Post Graduate,Self-Employed,0.6,372674,Rent,West,779,8,10,2,0.223,133400,36,12.04,4433.34,Vehicle,Online,0,Paid,Very Good/Excellent,Medium DTI
LN20438,CUST10438,32,Male,Post Graduate,Salaried,11.7,403972,Own,South,720,13,12,0,0.325,255500,48,13.18,6877.27,Home,Mobile App,0,Paid,Good,Medium DTI
LN20439,CUST10439,46,Male,Graduate,Business,0.0,394334,Mortgage,South,678,4,8,3,0.191,204100,60,13.08,4652.26,Business,Online,0,Paid,Good,Low DTI
LN20440,CUST10440,36,Female,Graduate,Contract,9.3,646514,Mortgage,North,816,4,1,1,0.155,117000,24,8.27,5306.01,Home,Branch,0,Paid,Very Good/Excellent,Low DTI
LN20441,CUST10441,57,Male,Graduate,Contract,10.1,259392,Mortgage,East,687,7,5,0,0.23,135500,24,11.11,6322.28,Personal,Branch,0,Paid,Good,Medium DTI
LN20442,CUST10442,42,Male,Graduate,Salaried,5.9,284995,Mortgage,West,641,14,12,0,0.239,50000,36,12.89,1682.05,Vehicle,Online,0,Paid,Fair,Medium DTI
LN20443,CUST10443,49,Male,Graduate,Self-Employed,8.8,519779,Own,East,689,6,6,3,0.182,247000,24,12.19,11649.08,Business,Online,0,Paid,Good,Low DTI
LN20444,CUST10444,34,Female,Graduate,Salaried,5.6,295495,Rent,North,640,3,4,1,0.293,75400,36,11.49,2486.03,Medical,Mobile App,0,Paid,Fair,Medium DTI
LN20445,CUST10445,48,Male,High School,Salaried,8.8,309043,Rent,West,708,8,10,1,0.147,154000,48,11.19,3994.43,Personal,Online,0,Paid,Good,Low DTI
LN20446,CUST10446,25,Male,High School,Salaried,12.0,296718,Own,North,779,2,11,2,0.068,90500,36,12.03,3007.19,Home,Branch,0,Paid,Very Good/Excellent,Low DTI
LN20447,CUST10447,50,Female,Graduate,Business,3.0,376641,Rent,West,679,13,12,1,0.313,220900,36,13.07,7450.44,Vehicle,Online,0,Paid,Good,Medium DTI
LN20448,CUST10448,25,Male,Graduate,Salaried,10.4,897053,Own,Central,687,1,10,2,0.113,285700,36,11.73,9452.53,Business,Branch,0,Paid,Good,Low DTI
LN20449,CUST10449,32,Male,High School,Salaried,15.5,1014924,Own,East,740,12,2,0,0.124,466700,24,12.94,22174.62,Medical,Online,0,Paid,Very Good/Excellent,Low DTI
LN20450,CUST10450,36,Male,Post Graduate,Self-Employed,8.3,1723962,Rent,Central,769,12,8,1,0.294,505100,36,8.98,16057.34,Education,Online,0,Paid,Very Good/Excellent,Medium DTI
LN20451,CUST10451,46,Male,Post Graduate,Salaried,4.5,1689569,Rent,North,646,13,5,2,0.064,1028300,36,14.04,35164.84,Education,Online,0,Paid,Fair,Low DTI
LN20452,CUST10452,46,Female,Graduate,Salaried,18.3,924637,Mortgage,South,693,12,10,1,0.37,499800,24,13.13,23791.93,Business,Online,0,Paid,Good,Medium DTI
LN20453,CUST10453,41,Male,Graduate,Self-Employed,7.4,1055904,Mortgage,South,740,15,6,1,0.117,286800,60,12.52,6455.33,Personal,Mobile App,0,Paid,Very Good/Excellent,Low DTI
LN20454,CUST10454,59,Male,High School,Self-Employed,8.2,644862,Rent,West,705,2,9,0,0.253,402700,36,12.37,13446.68,Medical,Online,0,Paid,Good,Medium DTI
LN20455,CUST10455,56,Male,Post Graduate,Self-Employed,8.3,798596,Rent,East,540,9,2,1,0.201,262400,60,13.42,6026.97,Vehicle,Mobile App,0,Paid,Poor,Medium DTI
LN20456,CUST10456,53,Male,Graduate,Salaried,9.2,1747447,Own,South,754,15,5,2,0.238,831700,24,12.08,39182.09,Home,Mobile App,0,Paid,Very Good/Excellent,Medium DTI
LN20457,CUST10457,50,Female,High School,Salaried,5.3,735902,Rent,North,719,5,12,2,0.112,383700,48,11.09,9933.71,Education,Online,0,Paid,Good,Low DTI
LN20458,CUST10458,57,Female,Graduate,Salaried,7.9,1131400,Rent,West,725,5,1,2,0.265,182700,36,11.93,6062.15,Medical,Mobile App,0,Paid,Good,Medium DTI
LN20459,CUST10459,43,Female,Graduate,Salaried,11.8,358897,Mortgage,North,591,6,3,3,0.272,225900,60,12.54,5086.88,Education,Branch,0,Paid,Fair,Medium DTI
LN20460,CUST10460,30,Male,Post Graduate,Salaried,5.1,415922,Mortgage,South,691,3,6,2,0.324,134000,36,11.62,4426.44,Personal,Branch,0,Paid,Good,Medium DTI
LN20461,CUST10461,25,Male,Graduate,Business,4.9,712349,Own,South,743,1,8,3,0.156,174400,60,11.14,3804.07,Personal,Mobile App,0,Paid,Very Good/Excellent,Low DTI
LN20462,CUST10462,56,Male,High School,Salaried,5.5,651575,Own,North,614,13,12,1,0.235,374900,36,13.89,12793.17,Home,Online,0,Paid,Fair,Medium DTI
LN20463,CUST10463,54,Female,Post Graduate,Salaried,1.5,426651,Mortgage,North,633,8,5,0,0.376,213900,48,13.86,5830.12,Home,Online,1,Default,Fair,Medium DTI
LN20464,CUST10464,51,Male,Graduate,Salaried,3.6,2255185,Rent,East,745,7,12,3,0.14,436100,60,13.87,10117.92,Education,Online,0,Paid,Very Good/Excellent,Low DTI
LN20465,CUST10465,30,Female,Graduate,Salaried,3.4,659747,Rent,South,630,12,4,1,0.435,137600,48,13.27,3709.93,Home,Mobile App,0,Paid,Fair,High DTI
LN20466,CUST10466,39,Male,Graduate,Salaried,7.0,470328,Mortgage,East,664,15,5,5,0.077,238700,36,11.12,7828.3,Home,Online,0,Paid,Fair,Low DTI
LN20467,CUST10467,52,Male,Post Graduate,Salaried,11.2,652180,Rent,West,602,14,4,2,0.333,122200,36,14.67,4216.38,Education,Mobile App,0,Paid,Fair,Medium DTI
LN20468,CUST10468,21,Female,Graduate,Salaried,14.3,608450,Rent,Central,816,8,2,2,0.15,370300,60,10.77,8008.81,Medical,Online,0,Paid,Very Good/Excellent,Low DTI
LN20469,CUST10469,25,Male,High School,Contract,7.3,665289,Mortgage,North,719,9,1,2,0.145,346500,36,11.43,11414.65,Business,Branch,0,Paid,Good,Low DTI
LN20470,CUST10470,65,Male,Graduate,Contract,9.3,249731,Own,North,661,2,8,0,0.231,79400,36,11.98,2636.46,Education,Branch,0,Paid,Fair,Medium DTI
LN20471,CUST10471,24,Male,Post Graduate,Business,8.2,1221091,Mortgage,South,647,5,1,3,0.391,404800,12,11.87,35941.38,Business,Mobile App,0,Paid,Fair,Medium DTI
LN20472,CUST10472,36,Male,Graduate,Salaried,0.0,1259898,Own,East,588,2,2,2,0.127,508100,36,12.7,17046.57,Home,Online,0,Paid,Fair,Low DTI
LN20473,CUST10473,44,Female,Graduate,Salaried,1.3,1346961,Own,North,672,13,5,2,0.227,445200,48,10.59,11417.98,Personal,Online,0,Paid,Good,Medium DTI
LN20474,CUST10474,36,Female,Graduate,Self-Employed,10.8,717603,Own,West,730,8,8,1,0.294,388800,36,13.0,13100.21,Business,Mobile App,0,Paid,Good,Medium DTI
LN20475,CUST10475,22,Female,Post Graduate,Salaried,11.3,863759,Rent,East,619,4,10,4,0.254,550500,36,13.87,18780.05,Personal,Mobile App,0,Paid,Fair,Medium DTI
LN20476,CUST10476,48,Male,Graduate,Self-Employed,11.2,372600,Own,West,688,11,3,2,0.24,164800,24,12.32,7782.36,Education,Online,0,Paid,Good,Medium DTI
LN20477,CUST10477,52,Female,Post Graduate,Self-Employed,6.1,948635,Mortgage,South,652,4,11,1,0.091,353900,36,11.79,11719.08,Medical,Branch,0,Paid,Fair,Low DTI
LN20478,CUST10478,47,Male,High School,Self-Employed,0.0,689118,Rent,South,784,10,11,1,0.043,180100,48,12.37,4775.51,Business,Online,0,Paid,Very Good/Excellent,Low DTI
LN20479,CUST10479,40,Male,Graduate,Salaried,1.9,465777,Rent,West,632,8,9,1,0.241,222000,24,10.89,10335.61,Personal,Branch,0,Paid,Fair,Medium DTI
LN20480,CUST10480,44,Male,Graduate,Salaried,2.6,965397,Rent,South,738,7,6,2,0.291,475700,36,11.23,15625.67,Education,Mobile App,0,Paid,Good,Medium DTI
LN20481,CUST10481,32,Male,Graduate,Business,10.1,986168,Own,South,785,1,11,1,0.156,485800,36,12.2,16181.96,Vehicle,Mobile App,0,Paid,Very Good/Excellent,Low DTI
LN20482,CUST10482,55,Female,High School,Business,5.2,620338,Mortgage,North,652,7,3,2,0.098,101400,60,9.73,2141.0,Personal,Online,0,Paid,Fair,Low DTI
LN20483,CUST10483,53,Male,Graduate,Self-Employed,15.5,763597,Mortgage,East,636,14,10,0,0.323,457800,12,13.22,40936.72,Business,Online,0,Paid,Fair,Medium DTI
LN20484,CUST10484,53,Male,High School,Salaried,14.3,340184,Mortgage,Central,749,10,7,3,0.203,108500,24,10.27,5020.26,Home,Branch,0,Paid,Very Good/Excellent,Medium DTI
LN20485,CUST10485,63,Female,Graduate,Business,15.4,1188777,Mortgage,North,546,3,12,0,0.364,620600,36,14.49,21358.63,Medical,Mobile App,0,Paid,Poor,Medium DTI
LN20486,CUST10486,57,Male,Graduate,Contract,2.4,365981,Mortgage,East,712,5,7,2,0.183,193900,36,11.26,6371.94,Personal,Mobile App,0,Paid,Good,Low DTI
LN20487,CUST10487,32,Male,Graduate,Self-Employed,9.5,407054,Rent,West,562,8,7,2,0.289,193500,12,14.96,17461.33,Personal,Branch,0,Paid,Poor,Medium DTI
LN20488,CUST10488,23,Female,Graduate,Salaried,4.6,620921,Mortgage,East,772,6,4,1,0.051,215700,60,12.77,4882.48,Education,Online,0,Paid,Very Good/Excellent,Low DTI
LN20489,CUST10489,21,Female,Graduate,Business,8.6,1107559,Own,South,661,8,6,0,0.404,503000,36,16.35,17771.03,Personal,Online,0,Paid,Fair,High DTI
LN20490,CUST10490,53,Male,Post Graduate,Self-Employed,3.0,1107213,Mortgage,Central,673,5,3,1,0.057,188300,36,12.23,6274.96,Business,Mobile App,0,Paid,Good,Low DTI
LN20491,CUST10491,60,Male,Graduate,Business,13.1,598410,Mortgage,North,626,10,4,4,0.216,317700,36,14.22,10892.21,Medical,Branch,0,Paid,Fair,Medium DTI
LN20492,CUST10492,30,Female,Graduate,Business,3.1,917899,Own,North,561,9,3,2,0.539,183400,60,14.6,4324.66,Business,Branch,1,Default,Poor,High DTI
LN20493,CUST10493,63,Male,High School,Business,0.0,236973,Rent,Central,775,13,3,1,0.209,82600,24,11.5,3869.01,Medical,Online,0,Paid,Very Good/Excellent,Medium DTI
LN20494,CUST10494,64,Female,High School,Self-Employed,17.2,403955,Mortgage,South,667,15,1,1,0.317,81500,24,14.71,3940.44,Personal,Online,0,Paid,Fair,Medium DTI
LN20495,CUST10495,49,Male,High School,Salaried,9.2,408506,Mortgage,West,850,13,5,0,0.02,232300,24,8.72,10582.75,Home,Mobile App,0,Paid,Very Good/Excellent,Low DTI
LN20496,CUST10496,33,Male,Graduate,Salaried,1.7,1194696,Mortgage,South,619,14,12,1,0.107,507900,36,12.68,17034.98,Personal,Mobile App,0,Paid,Fair,Low DTI
LN20497,CUST10497,32,Female,Graduate,Salaried,6.2,860049,Rent,West,631,11,3,2,0.268,426100,60,12.77,9644.99,Education,Online,0,Paid,Fair,Medium DTI
LN20498,CUST10498,51,Male,Post Graduate,Salaried,4.1,664137,Rent,West,613,6,12,0,0.048,326300,36,11.83,10811.35,Business,Branch,0,Paid,Fair,Low DTI
LN20499,CUST10499,22,Male,Graduate,Business,7.0,700563,Own,East,667,11,1,3,0.364,399900,24,12.49,18916.32,Personal,Mobile App,0,Paid,Fair,Medium DTI
LN20500,CUST10500,55,Male,Post Graduate,Salaried,11.0,1421569,Mortgage,East,798,15,9,0,0.313,307500,24,11.52,14406.26,Personal,Online,0,Paid,Very Good/Excellent,Medium DTI
LN20501,CUST10501,43,Male,High School,Salaried,10.2,546389,Own,North,756,9,11,0,0.02,262200,36,12.4,8758.97,Vehicle,Mobile App,0,Paid,Very Good/Excellent,Low DTI
LN20502,CUST10502,37,Male,Post Graduate,Salaried,8.3,291253,Rent,North,567,13,12,2,0.271,127400,24,13.72,6100.0,Home,Online,0,Paid,Poor,Medium DTI
LN20503,CUST10503,46,Male,Graduate,Salaried,7.0,1091040,Mortgage,West,770,4,4,1,0.103,180500,60,12.66,4075.58,Personal,Mobile App,0,Paid,Very Good/Excellent,Low DTI
LN20504,CUST10504,28,Male,High School,Business,12.4,663110,Rent,West,731,2,12,1,0.265,166200,24,8.42,7548.65,Medical,Branch,0,Paid,Good,Medium DTI
LN20505,CUST10505,49,Female,Graduate,Business,0.0,1013788,Rent,West,716,14,9,1,0.172,287700,12,15.25,26001.27,Vehicle,Branch,0,Paid,Good,Low DTI
LN20506,CUST10506,46,Female,Graduate,Business,3.3,585408,Mortgage,Central,629,8,2,2,0.059,109000,24,13.92,5229.29,Business,Branch,0,Paid,Fair,Low DTI
LN20507,CUST10507,30,Female,Graduate,Salaried,2.1,378286,Own,Central,634,5,2,2,0.091,123800,60,12.34,2775.18,Business,Online,0,Paid,Fair,Low DTI
LN20508,CUST10508,46,Male,High School,Salaried,12.0,748807,Mortgage,West,690,2,4,5,0.111,122500,48,12.84,3276.65,Education,Online,0,Paid,Good,Low DTI
LN20509,CUST10509,54,Male,Graduate,Contract,3.3,603367,Own,Central,639,6,4,2,0.263,257400,60,12.69,5815.87,Education,Online,0,Paid,Fair,Medium DTI
LN20510,CUST10510,61,Male,High School,Salaried,0.6,664243,Rent,North,778,13,5,1,0.482,169900,36,7.7,5300.57,Home,Branch,0,Paid,Very Good/Excellent,High DTI
LN20511,CUST10511,27,Male,High School,Self-Employed,9.7,1459784,Own,West,635,3,11,2,0.446,428400,24,13.05,20376.98,Personal,Online,0,Paid,Fair,High DTI
LN20512,CUST10512,24,Male,Post Graduate,Business,2.5,327879,Mortgage,West,534,1,1,1,0.296,198400,36,15.86,6961.45,Medical,Online,0,Paid,Poor,Medium DTI
LN20513,CUST10513,65,Female,Graduate,Salaried,5.2,702177,Own,North,582,12,5,0,0.083,281900,36,15.22,9802.55,Education,Online,0,Paid,Fair,Low DTI
LN20514,CUST10514,31,Male,Graduate,Self-Employed,18.9,382405,Own,Central,587,6,12,0,0.02,108800,36,14.07,3722.23,Personal,Branch,0,Paid,Fair,Low DTI
LN20515,CUST10515,49,Male,Graduate,Salaried,10.9,180000,Own,North,660,11,10,2,0.264,80900,36,14.04,2766.54,Business,Mobile App,0,Paid,Fair,Medium DTI
LN20516,CUST10516,56,Male,Post Graduate,Contract,5.9,584057,Mortgage,South,696,8,2,1,0.068,146500,12,12.71,13065.06,Home,Online,0,Paid,Good,Low DTI
LN20517,CUST10517,45,Male,Graduate,Salaried,6.4,610325,Own,North,684,1,5,1,0.381,114300,12,12.57,10185.92,Vehicle,Online,1,Default,Good,Medium DTI
LN20518,CUST10518,41,Male,Graduate,Salaried,11.5,845448,Mortgage,East,715,3,10,1,0.118,135700,48,10.74,3490.13,Home,Branch,0,Paid,Good,Low DTI
LN20519,CUST10519,56,Male,Post Graduate,Self-Employed,10.3,532340,Mortgage,South,661,6,10,3,0.097,333100,36,12.06,11073.23,Home,Branch,0,Paid,Fair,Low DTI
LN20520,CUST10520,30,Male,High School,Salaried,7.4,264537,Rent,West,664,15,6,3,0.233,135500,60,12.16,3025.09,Business,Branch,1,Default,Fair,Medium DTI
LN20521,CUST10521,57,Male,Graduate,Self-Employed,7.5,381684,Rent,West,811,10,3,2,0.124,209900,36,10.76,6848.03,Personal,Online,0,Paid,Very Good/Excellent,Low DTI
LN20522,CUST10522,29,Male,Graduate,Self-Employed,0.0,1238006,Mortgage,West,770,13,4,1,0.449,792900,60,12.15,17697.78,Vehicle,Branch,1,Default,Very Good/Excellent,High DTI
LN20523,CUST10523,44,Male,Graduate,Salaried,0.0,378715,Rent,West,711,3,5,0,0.207,233200,36,10.91,7624.73,Personal,Online,1,Default,Good,Medium DTI
LN20524,CUST10524,55,Male,Post Graduate,Salaried,6.1,1433255,Mortgage,North,749,7,6,4,0.208,743100,24,9.18,34009.74,Vehicle,Online,0,Paid,Very Good/Excellent,Medium DTI
LN20525,CUST10525,55,Male,Post Graduate,Salaried,3.8,1068938,Mortgage,South,536,15,9,3,0.314,531300,60,16.62,13095.86,Education,Branch,0,Paid,Poor,Medium DTI
LN20526,CUST10526,56,Female,Post Graduate,Salaried,9.9,503785,Mortgage,West,618,6,9,1,0.246,160400,36,11.78,5310.74,Personal,Mobile App,0,Paid,Fair,Medium DTI
LN20527,CUST10527,38,Male,High School,Salaried,8.0,401793,Mortgage,West,648,9,6,0,0.308,81200,36,13.52,2756.33,Vehicle,Online,0,Paid,Fair,Medium DTI
LN20528,CUST10528,59,Female,High School,Business,3.1,1067721,Rent,West,619,13,12,3,0.407,466400,48,13.59,12649.35,Medical,Branch,1,Default,Fair,High DTI
LN20529,CUST10529,52,Male,Graduate,Salaried,7.8,525541,Mortgage,South,564,6,1,1,0.112,230300,36,13.52,7817.52,Home,Online,0,Paid,Poor,Low DTI
LN20530,CUST10530,44,Female,Graduate,Salaried,4.9,256421,Mortgage,South,712,7,6,1,0.318,160500,48,12.73,4284.34,Home,Mobile App,0,Paid,Good,Medium DTI
LN20531,CUST10531,43,Female,Graduate,Salaried,17.3,817461,Mortgage,Central,784,2,10,3,0.254,303500,60,8.93,6289.85,Vehicle,Online,0,Paid,Very Good/Excellent,Medium DTI
LN20532,CUST10532,52,Female,Post Graduate,Self-Employed,8.9,754779,Rent,West,679,10,3,0,0.093,373900,36,14.76,12917.47,Personal,Online,0,Paid,Good,Low DTI
LN20533,CUST10533,57,Male,High School,Business,0.0,1121776,Own,North,729,4,5,1,0.132,490800,48,15.52,13789.05,Personal,Mobile App,0,Paid,Good,Low DTI
LN20534,CUST10534,32,Male,Graduate,Contract,16.1,727204,Mortgage,East,677,5,5,1,0.284,173400,48,14.19,4754.95,Business,Online,0,Paid,Good,Medium DTI
LN20535,CUST10535,33,Female,High School,Salaried,3.8,443589,Rent,East,647,2,10,0,0.484,197900,24,11.58,9277.07,Business,Branch,0,Paid,Fair,High DTI
LN20536,CUST10536,43,Male,Graduate,Salaried,2.1,1206228,Own,South,749,11,4,0,0.363,506700,36,7.78,15826.76,Personal,Mobile App,0,Paid,Very Good/Excellent,Medium DTI
LN20537,CUST10537,45,Female,Graduate,Salaried,17.7,1272545,Rent,East,573,10,3,0,0.087,505100,24,14.62,24399.51,Vehicle,Branch,0,Paid,Poor,Low DTI
LN20538,CUST10538,55,Female,High School,Salaried,8.7,682111,Rent,West,540,10,1,1,0.265,277400,36,12.46,9274.71,Personal,Branch,1,Default,Poor,Medium DTI
LN20539,CUST10539,61,Female,Post Graduate,Business,10.5,620240,Mortgage,Central,572,10,7,0,0.109,143900,60,13.3,3296.31,Business,Online,0,Paid,Poor,Low DTI
LN20540,CUST10540,50,Male,Graduate,Self-Employed,10.7,289782,Mortgage,Central,744,7,8,1,0.235,110600,36,13.62,3759.67,Home,Mobile App,0,Paid,Very Good/Excellent,Medium DTI
LN20541,CUST10541,37,Male,Graduate,Salaried,6.0,429572,Rent,Central,687,4,5,2,0.224,194500,24,14.63,9396.5,Home,Online,0,Paid,Good,Medium DTI
LN20542,CUST10542,40,Male,High School,Business,4.1,911738,Mortgage,West,708,14,8,2,0.231,359900,36,14.48,12384.6,Vehicle,Mobile App,0,Paid,Good,Medium DTI
LN20543,CUST10543,45,Female,Post Graduate,Business,5.0,441609,Own,North,806,9,4,2,0.129,174100,60,10.56,3747.26,Education,Branch,0,Paid,Very Good/Excellent,Low DTI
LN20544,CUST10544,42,Male,Post Graduate,Business,15.0,269258,Rent,South,593,14,8,4,0.063,50800,36,14.95,1759.76,Medical,Branch,0,Paid,Fair,Low DTI
LN20545,CUST10545,33,Male,High School,Salaried,8.0,3000000,Own,East,770,8,3,4,0.486,736200,60,7.96,14913.39,Personal,Online,0,Paid,Very Good/Excellent,High DTI
LN20546,CUST10546,39,Female,High School,Salaried,13.6,268287,Own,West,650,10,8,3,0.408,83300,48,10.5,2132.76,Personal,Online,0,Paid,Fair,High DTI
LN20547,CUST10547,56,Female,Graduate,Salaried,6.6,2075885,Rent,Central,639,9,6,2,0.246,746600,12,12.48,66502.27,Home,Online,0,Paid,Fair,Medium DTI
LN20548,CUST10548,32,Male,Graduate,Salaried,3.2,506663,Own,South,686,8,9,1,0.225,226500,24,13.47,10818.29,Business,Mobile App,0,Paid,Good,Medium DTI
LN20549,CUST10549,61,Male,Graduate,Salaried,0.0,572733,Rent,South,698,5,5,4,0.25,333100,36,11.39,10966.89,Personal,Branch,0,Paid,Good,Medium DTI
LN20550,CUST10550,39,Male,Graduate,Business,10.2,414543,Mortgage,South,664,9,1,1,0.402,95200,48,13.74,2589.08,Vehicle,Branch,0,Paid,Fair,High DTI
LN20551,CUST10551,32,Male,Graduate,Salaried,15.5,922872,Rent,East,726,5,8,3,0.186,145400,60,9.88,3080.74,Personal,Mobile App,0,Paid,Good,Low DTI
LN20552,CUST10552,29,Male,Post Graduate,Self-Employed,2.6,271797,Own,South,686,8,11,3,0.186,101800,48,12.36,2698.81,Medical,Mobile App,0,Paid,Good,Low DTI
LN20553,CUST10553,27,Female,Graduate,Business,9.6,218055,Mortgage,Central,665,4,3,0,0.194,79800,36,13.35,2702.25,Medical,Online,0,Paid,Fair,Low DTI
LN20554,CUST10554,48,Female,High School,Salaried,0.1,1454655,Mortgage,South,649,13,11,2,0.156,619600,24,13.9,29719.52,Home,Online,0,Paid,Fair,Low DTI
LN20555,CUST10555,34,Female,Graduate,Salaried,4.2,385579,Own,Central,698,5,5,2,0.171,218500,48,11.35,5684.46,Home,Branch,0,Paid,Good,Low DTI
LN20556,CUST10556,51,Male,High School,Self-Employed,8.3,904406,Mortgage,North,578,11,2,0,0.381,498500,24,13.87,23903.82,Home,Mobile App,0,Paid,Poor,Medium DTI
LN20557,CUST10557,39,Female,Graduate,Business,0.0,330276,Mortgage,North,599,4,7,2,0.02,66100,48,11.2,1714.82,Vehicle,Branch,0,Paid,Fair,Low DTI
LN20558,CUST10558,36,Male,Graduate,Contract,6.9,885862,Rent,East,652,2,5,3,0.246,546600,24,12.56,25873.54,Vehicle,Online,0,Paid,Fair,Medium DTI
LN20559,CUST10559,25,Female,Post Graduate,Business,2.8,1514560,Mortgage,Central,721,4,12,3,0.164,310800,24,13.31,14821.29,Personal,Branch,0,Paid,Good,Low DTI
LN20560,CUST10560,55,Female,High School,Business,10.0,448996,Mortgage,South,841,11,7,1,0.214,209800,24,9.49,9631.9,Education,Branch,0,Paid,Very Good/Excellent,Medium DTI
LN20561,CUST10561,32,Female,Post Graduate,Self-Employed,6.2,207169,Mortgage,West,668,15,12,1,0.083,100700,36,11.36,3313.98,Home,Mobile App,0,Paid,Fair,Low DTI
LN20562,CUST10562,45,Male,Graduate,Salaried,11.7,1518937,Rent,South,547,5,7,2,0.207,744200,48,15.47,20889.38,Education,Branch,0,Paid,Poor,Medium DTI
LN20563,CUST10563,41,Male,High School,Business,5.6,998610,Mortgage,Central,621,6,5,2,0.292,282300,24,16.61,13904.71,Vehicle,Mobile App,0,Paid,Fair,Medium DTI
LN20564,CUST10564,56,Female,High School,Contract,0.2,462416,Rent,South,729,4,5,2,0.11,145700,60,14.82,3452.44,Personal,Online,0,Paid,Good,Low DTI
LN20565,CUST10565,43,Female,High School,Salaried,0.0,532220,Mortgage,East,607,11,9,2,0.046,225800,36,13.79,7694.3,Business,Mobile App,0,Paid,Fair,Low DTI
LN20566,CUST10566,36,Male,Post Graduate,Salaried,0.0,325731,Mortgage,South,582,14,3,0,0.351,81400,36,14.93,2818.97,Personal,Online,0,Paid,Fair,Medium DTI
LN20567,CUST10567,59,Female,High School,Self-Employed,10.2,1310378,Own,North,729,10,8,2,0.105,209900,36,14.02,7175.92,Personal,Mobile App,0,Paid,Good,Low DTI
LN20568,CUST10568,65,Female,High School,Contract,19.8,447124,Rent,South,715,13,1,0,0.233,192700,36,12.14,6413.29,Personal,Mobile App,0,Paid,Good,Medium DTI
LN20569,CUST10569,62,Male,High School,Salaried,9.2,274964,Mortgage,South,570,12,4,0,0.279,105200,12,14.64,9477.31,Home,Branch,0,Paid,Poor,Medium DTI
LN20570,CUST10570,59,Male,Graduate,Business,15.4,674813,Rent,West,613,4,12,3,0.201,322800,60,12.82,7314.98,Personal,Branch,1,Default,Fair,Medium DTI
LN20571,CUST10571,34,Female,Graduate,Business,12.7,373875,Own,West,773,6,2,3,0.127,83500,36,14.46,2872.52,Vehicle,Mobile App,0,Paid,Very Good/Excellent,Low DTI
LN20572,CUST10572,51,Male,High School,Business,4.4,340502,Mortgage,South,744,15,3,1,0.219,194200,12,12.42,17292.61,Personal,Online,0,Paid,Very Good/Excellent,Medium DTI
LN20573,CUST10573,25,Female,Post Graduate,Self-Employed,13.3,473606,Mortgage,Central,590,7,11,1,0.281,105700,36,13.25,3574.19,Personal,Branch,0,Paid,Fair,Medium DTI
LN20574,CUST10574,55,Female,Post Graduate,Contract,4.6,629185,Own,Central,531,13,6,2,0.386,374800,36,13.67,12749.79,Personal,Mobile App,0,Paid,Poor,Medium DTI
LN20575,CUST10575,43,Male,Graduate,Salaried,4.7,280709,Own,Central,700,7,4,0,0.161,105200,12,9.21,9210.14,Medical,Branch,0,Paid,Good,Low DTI
LN20576,CUST10576,49,Female,Graduate,Salaried,6.0,1285318,Mortgage,East,658,4,1,2,0.227,546100,60,10.26,11673.0,Personal,Mobile App,0,Paid,Fair,Medium DTI
LN20577,CUST10577,63,Male,Graduate,Salaried,6.2,870761,Mortgage,South,694,5,5,4,0.279,521000,12,11.0,46046.84,Home,Branch,0,Paid,Good,Medium DTI
LN20578,CUST10578,31,Male,Post Graduate,Salaried,10.3,490772,Mortgage,South,728,15,3,1,0.147,147200,36,12.97,4957.62,Vehicle,Branch,0,Paid,Good,Low DTI
LN20579,CUST10579,38,Female,Graduate,Salaried,3.6,365071,Mortgage,North,608,3,12,3,0.202,88000,60,13.87,2041.68,Home,Online,0,Paid,Fair,Medium DTI
LN20580,CUST10580,32,Male,Graduate,Salaried,11.4,571266,Mortgage,West,648,5,2,1,0.292,213000,24,10.9,9917.58,Personal,Online,0,Paid,Fair,Medium DTI
LN20581,CUST10581,29,Male,Graduate,Business,11.4,983993,Mortgage,East,613,10,4,1,0.141,267800,24,11.92,12596.27,Education,Mobile App,0,Paid,Fair,Low DTI
LN20582,CUST10582,30,Male,Post Graduate,Salaried,8.7,903658,Mortgage,West,615,5,4,2,0.15,374000,12,13.7,33527.61,Home,Online,0,Paid,Fair,Low DTI
LN20583,CUST10583,64,Male,Graduate,Business,16.7,1073959,Own,East,722,14,3,0,0.256,308900,12,14.18,27761.41,Personal,Online,0,Paid,Good,Medium DTI
LN20584,CUST10584,37,Male,Post Graduate,Salaried,13.4,460688,Mortgage,North,691,4,5,1,0.087,268200,12,10.48,23638.96,Vehicle,Mobile App,0,Paid,Good,Low DTI
LN20585,CUST10585,58,Male,High School,Salaried,12.3,180000,Own,West,563,6,5,1,0.189,81700,60,14.74,1932.5,Business,Branch,0,Paid,Poor,Low DTI
LN20586,CUST10586,27,Female,Post Graduate,Salaried,7.3,1191807,Mortgage,South,734,5,8,1,0.106,178900,60,10.82,3873.68,Education,Online,0,Paid,Good,Low DTI
LN20587,CUST10587,33,Male,Post Graduate,Salaried,8.8,547286,Rent,East,654,8,10,1,0.114,302500,48,12.07,7976.39,Personal,Branch,0,Paid,Fair,Low DTI
LN20588,CUST10588,60,Male,Post Graduate,Salaried,9.6,865512,Mortgage,South,738,13,7,1,0.185,272700,36,9.67,8757.07,Home,Branch,0,Paid,Good,Low DTI
LN20589,CUST10589,62,Female,High School,Salaried,7.1,1502680,Own,North,604,13,11,2,0.103,466000,60,14.38,10935.03,Personal,Mobile App,0,Paid,Fair,Low DTI
LN20590,CUST10590,29,Male,Graduate,Self-Employed,5.1,2288964,Own,Central,611,2,9,1,0.137,781800,36,12.61,26195.31,Home,Branch,0,Paid,Fair,Low DTI
LN20591,CUST10591,47,Male,Post Graduate,Salaried,0.0,419695,Own,North,699,6,7,2,0.301,195200,36,11.49,6435.99,Business,Branch,0,Paid,Good,Medium DTI
LN20592,CUST10592,22,Female,Post Graduate,Salaried,10.6,645876,Mortgage,East,598,2,2,2,0.112,239600,36,15.01,8306.99,Home,Online,0,Paid,Fair,Low DTI
LN20593,CUST10593,25,Male,High School,Salaried,12.2,1272438,Mortgage,Central,659,12,3,4,0.498,590800,12,14.17,53093.5,Home,Mobile App,1,Default,Fair,High DTI
LN20594,CUST10594,49,Male,Graduate,Business,1.2,377125,Own,South,589,6,6,3,0.262,84200,60,12.57,1897.33,Vehicle,Branch,0,Paid,Fair,Medium DTI
LN20595,CUST10595,57,Male,High School,Salaried,10.0,435619,Rent,South,651,4,1,2,0.348,276700,36,13.18,9347.12,Vehicle,Online,0,Paid,Fair,Medium DTI
LN20596,CUST10596,58,Female,Graduate,Salaried,4.0,434201,Mortgage,South,678,13,8,0,0.242,223500,48,13.69,6072.77,Home,Branch,0,Paid,Good,Medium DTI
LN20597,CUST10597,39,Female,High School,Salaried,5.2,590801,Mortgage,North,681,1,7,0,0.308,162500,48,12.01,4280.05,Education,Online,0,Paid,Good,Medium DTI
LN20598,CUST10598,28,Male,High School,Business,13.6,531584,Mortgage,South,653,6,6,2,0.358,272200,48,13.71,7398.73,Business,Mobile App,0,Paid,Fair,Medium DTI
LN20599,CUST10599,65,Male,Graduate,Salaried,2.0,432829,Mortgage,East,705,3,5,2,0.298,189400,12,11.45,16779.27,Personal,Branch,0,Paid,Good,Medium DTI
LN20600,CUST10600,21,Female,High School,Salaried,2.0,352751,Rent,North,691,13,10,2,0.159,72200,36,11.62,2384.99,Vehicle,Online,0,Paid,Good,Low DTI
LN20601,CUST10601,42,Male,Post Graduate,Self-Employed,16.0,937763,Own,East,673,15,5,1,0.341,224200,60,11.01,4875.77,Medical,Online,0,Paid,Good,Medium DTI
LN20602,CUST10602,37,Male,Graduate,Self-Employed,6.3,1252299,Own,North,633,7,8,3,0.33,213700,12,15.57,19345.73,Home,Online,0,Paid,Fair,Medium DTI
LN20603,CUST10603,27,Male,Graduate,Salaried,13.2,1356174,Rent,Central,760,3,8,3,0.323,752200,60,10.37,16119.31,Home,Branch,0,Paid,Very Good/Excellent,Medium DTI
LN20604,CUST10604,45,Female,Post Graduate,Salaried,0.0,460512,Mortgage,West,709,10,3,0,0.051,196100,36,10.66,6388.53,Personal,Branch,0,Paid,Good,Low DTI
LN20605,CUST10605,65,Female,Graduate,Contract,0.0,959563,Rent,North,602,4,9,1,0.126,295900,36,11.9,9813.99,Business,Online,1,Default,Fair,Low DTI
LN20606,CUST10606,24,Male,High School,Salaried,2.4,683283,Own,West,729,9,3,0,0.204,145700,36,11.69,4817.78,Business,Mobile App,0,Paid,Good,Medium DTI
LN20607,CUST10607,56,Male,Graduate,Salaried,4.6,438369,Own,South,746,7,10,1,0.247,171900,60,9.78,3633.79,Vehicle,Mobile App,0,Paid,Very Good/Excellent,Medium DTI
LN20608,CUST10608,26,Male,Graduate,Salaried,0.0,898521,Mortgage,South,674,4,8,2,0.329,370800,36,11.32,12195.78,Education,Online,0,Paid,Good,Medium DTI
LN20609,CUST10609,51,Male,Post Graduate,Business,8.8,427433,Own,South,679,2,7,2,0.26,214100,48,13.51,5798.11,Business,Online,0,Paid,Good,Medium DTI
LN20610,CUST10610,39,Male,Graduate,Salaried,9.2,487862,Mortgage,East,526,5,9,0,0.303,309800,36,15.28,10781.85,Business,Mobile App,0,Paid,Poor,Medium DTI
LN20611,CUST10611,64,Male,Graduate,Salaried,2.5,281386,Rent,North,617,8,11,2,0.118,103400,36,11.23,3396.46,Business,Online,0,Paid,Fair,Low DTI
LN20612,CUST10612,59,Male,Graduate,Salaried,2.9,464800,Own,North,743,2,9,4,0.244,164100,24,12.44,7758.52,Medical,Online,0,Paid,Very Good/Excellent,Medium DTI
LN20613,CUST10613,47,Male,Graduate,Salaried,3.6,689905,Mortgage,West,621,9,11,2,0.146,231100,12,13.23,20666.17,Personal,Online,0,Paid,Fair,Low DTI
LN20614,CUST10614,30,Male,Graduate,Contract,1.2,1422034,Mortgage,Central,668,5,1,2,0.332,801300,24,14.19,38544.69,Personal,Online,0,Paid,Fair,Medium DTI
LN20615,CUST10615,46,Female,High School,Salaried,0.0,493986,Mortgage,East,616,6,1,2,0.18,112700,36,15.39,3928.34,Personal,Online,0,Paid,Fair,Low DTI
LN20616,CUST10616,39,Male,Post Graduate,Salaried,6.6,338978,Own,South,697,7,3,1,0.086,109100,24,9.63,5015.8,Education,Mobile App,0,Paid,Good,Low DTI
LN20617,CUST10617,59,Female,Graduate,Salaried,4.8,1367149,Own,Central,710,13,7,0,0.34,700600,36,13.0,23605.98,Business,Online,0,Paid,Good,Medium DTI
LN20618,CUST10618,23,Male,Graduate,Business,5.4,454604,Own,South,712,9,3,2,0.287,71800,36,14.27,2463.38,Business,Online,0,Paid,Good,Medium DTI
LN20619,CUST10619,65,Male,Graduate,Salaried,1.9,229366,Rent,South,595,7,3,2,0.18,67600,12,13.89,6066.11,Education,Online,0,Paid,Fair,Low DTI
LN20620,CUST10620,33,Male,High School,Self-Employed,11.1,645568,Mortgage,Central,688,4,4,0,0.247,303900,12,13.21,27173.47,Personal,Online,0,Paid,Good,Medium DTI
LN20621,CUST10621,48,Female,Graduate,Salaried,19.1,501851,Rent,West,798,5,8,2,0.212,121900,24,10.87,5674.14,Personal,Branch,0,Paid,Very Good/Excellent,Medium DTI
LN20622,CUST10622,40,Male,Graduate,Self-Employed,2.8,2126318,Own,North,736,12,1,4,0.258,640800,36,12.93,21569.49,Business,Branch,0,Paid,Good,Medium DTI
LN20623,CUST10623,48,Male,Graduate,Salaried,14.0,779288,Own,West,687,3,4,4,0.263,306300,12,12.77,27324.84,Personal,Online,0,Paid,Good,Medium DTI
LN20624,CUST10624,28,Male,Graduate,Salaried,8.8,553599,Mortgage,West,535,1,4,3,0.252,199900,36,11.44,6586.2,Personal,Mobile App,0,Paid,Poor,Medium DTI
LN20625,CUST10625,61,Female,Graduate,Self-Employed,7.2,360848,Rent,South,661,3,8,2,0.157,73300,36,12.4,2448.64,Personal,Mobile App,0,Paid,Fair,Low DTI
LN20626,CUST10626,59,Female,Post Graduate,Salaried,5.3,719475,Mortgage,South,803,13,7,2,0.153,445400,36,10.18,14409.47,Education,Mobile App,0,Paid,Very Good/Excellent,Low DTI
LN20627,CUST10627,21,Female,Post Graduate,Business,6.6,1336915,Mortgage,North,779,1,4,0,0.219,230100,48,11.89,6047.0,Education,Online,0,Paid,Very Good/Excellent,Medium DTI
LN20628,CUST10628,23,Male,Post Graduate,Salaried,12.7,712249,Mortgage,West,715,5,12,0,0.126,373800,24,13.54,17866.09,Education,Online,0,Paid,Good,Low DTI
LN20629,CUST10629,33,Female,High School,Contract,1.3,376472,Own,West,626,7,8,1,0.074,69900,24,12.77,3315.63,Home,Branch,0,Paid,Fair,Low DTI
LN20630,CUST10630,48,Male,Graduate,Salaried,5.6,806959,Rent,North,684,9,11,1,0.253,309600,36,10.4,10048.16,Business,Branch,0,Paid,Good,Medium DTI
LN20631,CUST10631,45,Female,Post Graduate,Salaried,13.2,584172,Own,West,738,4,3,2,0.192,138900,12,11.89,12333.95,Vehicle,Online,0,Paid,Good,Low DTI
LN20632,CUST10632,53,Female,Graduate,Salaried,11.9,767906,Mortgage,West,751,10,10,1,0.344,169400,24,10.07,7822.42,Education,Mobile App,0,Paid,Very Good/Excellent,Medium DTI
LN20633,CUST10633,58,Male,Post Graduate,Salaried,1.4,493630,Mortgage,North,703,14,7,2,0.14,105100,48,11.05,2718.92,Vehicle,Mobile App,0,Paid,Good,Low DTI
LN20634,CUST10634,26,Female,Post Graduate,Salaried,6.1,487294,Own,East,744,10,9,2,0.347,183400,24,14.91,8884.61,Personal,Online,0,Paid,Very Good/Excellent,Medium DTI
LN20635,CUST10635,64,Female,High School,Salaried,10.6,476826,Rent,East,676,1,6,2,0.153,194400,60,11.34,4259.76,Education,Mobile App,0,Paid,Good,Low DTI
LN20636,CUST10636,65,Male,Graduate,Business,10.3,1007433,Rent,South,672,7,4,2,0.361,218300,24,10.07,10080.49,Home,Branch,0,Paid,Good,Medium DTI
LN20637,CUST10637,52,Female,Graduate,Self-Employed,11.9,490000,Own,Central,646,3,4,2,0.103,313500,48,13.72,8522.88,Business,Online,0,Paid,Fair,Low DTI
LN20638,CUST10638,65,Male,Graduate,Salaried,8.9,465950,Mortgage,South,712,1,1,4,0.326,129900,48,12.88,3477.16,Business,Online,0,Paid,Good,Medium DTI
LN20639,CUST10639,41,Female,Post Graduate,Business,9.8,357378,Mortgage,North,755,4,6,3,0.162,135600,36,12.49,4535.66,Education,Online,0,Paid,Very Good/Excellent,Low DTI
LN20640,CUST10640,36,Male,High School,Salaried,8.7,770190,Own,West,733,14,3,0,0.116,198800,36,12.76,6675.4,Medical,Online,0,Paid,Good,Low DTI
LN20641,CUST10641,41,Male,Graduate,Business,14.9,712205,Rent,East,589,11,3,5,0.126,282700,36,13.88,9645.55,Vehicle,Online,0,Paid,Fair,Low DTI
LN20642,CUST10642,31,Male,Post Graduate,Salaried,4.9,468768,Mortgage,Central,593,9,1,3,0.144,247500,60,13.84,5738.38,Home,Branch,1,Default,Fair,Low DTI
LN20643,CUST10643,57,Female,High School,Salaried,7.2,406170,Mortgage,South,763,15,7,0,0.089,166800,36,12.46,5576.87,Business,Online,0,Paid,Very Good/Excellent,Low DTI
LN20644,CUST10644,56,Female,Graduate,Business,1.9,1683828,Rent,South,693,6,9,0,0.142,493100,12,14.52,44394.76,Home,Online,0,Paid,Good,Low DTI
LN20645,CUST10645,55,Male,Graduate,Salaried,0.9,213297,Mortgage,East,696,6,3,0,0.072,58500,36,10.17,1892.3,Personal,Online,0,Paid,Good,Low DTI
LN20646,CUST10646,39,Male,Post Graduate,Self-Employed,8.6,786958,Mortgage,Central,694,7,7,1,0.18,416700,24,11.18,19456.33,Personal,Online,0,Paid,Good,Low DTI
LN20647,CUST10647,40,Female,Graduate,Business,3.4,1220727,Rent,South,811,1,9,1,0.277,255300,60,11.28,5586.56,Personal,Online,0,Paid,Very Good/Excellent,Medium DTI
LN20648,CUST10648,38,Male,High School,Business,6.7,180000,Own,West,647,5,3,2,0.096,60300,48,13.18,1623.09,Education,Online,0,Paid,Fair,Low DTI
LN20649,CUST10649,61,Female,Post Graduate,Business,15.1,928627,Rent,North,764,4,9,1,0.073,209600,12,8.35,18266.71,Education,Branch,0,Paid,Very Good/Excellent,Low DTI
LN20650,CUST10650,34,Female,Graduate,Salaried,14.8,531546,Mortgage,South,698,4,11,2,0.412,148300,36,11.17,4867.1,Business,Online,0,Paid,Good,High DTI
LN20651,CUST10651,35,Female,Graduate,Business,18.1,690737,Rent,North,560,7,2,2,0.374,156300,12,14.55,14074.21,Education,Online,1,Default,Poor,Medium DTI
LN20652,CUST10652,51,Female,Graduate,Salaried,15.2,502276,Rent,Central,618,2,3,3,0.104,298000,60,13.25,6818.61,Personal,Mobile App,0,Paid,Fair,Low DTI
LN20653,CUST10653,21,Female,High School,Business,19.0,1083981,Mortgage,North,634,5,11,1,0.421,559300,60,12.45,12568.88,Business,Online,0,Paid,Fair,High DTI
LN20654,CUST10654,23,Male,Post Graduate,Salaried,9.2,732633,Own,South,762,7,4,2,0.373,315400,24,14.59,15231.32,Business,Online,0,Paid,Very Good/Excellent,Medium DTI
LN20655,CUST10655,36,Male,High School,Salaried,2.5,645081,Own,North,772,3,7,1,0.386,169100,36,10.88,5526.51,Home,Online,0,Paid,Very Good/Excellent,Medium DTI
LN20656,CUST10656,43,Male,Graduate,Business,2.0,365972,Own,Central,707,14,11,1,0.412,148300,60,12.24,3316.87,Personal,Branch,0,Paid,Good,High DTI
LN20657,CUST10657,31,Female,Post Graduate,Business,14.0,1689504,Mortgage,West,641,2,9,1,0.212,693400,24,13.08,32991.56,Personal,Mobile App,0,Paid,Fair,Medium DTI
LN20658,CUST10658,32,Female,Graduate,Contract,7.3,603286,Own,Central,612,12,1,3,0.381,268600,36,13.64,9133.22,Education,Online,0,Paid,Fair,Medium DTI
LN20659,CUST10659,30,Male,Graduate,Salaried,7.6,2113970,Mortgage,North,765,1,12,3,0.118,380600,36,11.08,12474.78,Medical,Online,0,Paid,Very Good/Excellent,Low DTI
LN20660,CUST10660,52,Male,High School,Salaried,4.3,1732105,Mortgage,North,584,5,9,0,0.306,1102400,12,10.62,97236.65,Education,Branch,0,Paid,Fair,Medium DTI
LN20661,CUST10661,36,Male,Graduate,Contract,4.9,225616,Own,South,672,12,10,2,0.211,86300,12,10.93,7624.52,Personal,Online,0,Paid,Good,Medium DTI
LN20662,CUST10662,28,Female,High School,Salaried,8.9,418514,Mortgage,West,850,12,5,0,0.156,256700,60,9.28,5363.62,Business,Mobile App,0,Paid,Very Good/Excellent,Low DTI
LN20663,CUST10663,58,Male,Post Graduate,Business,1.7,339206,Mortgage,South,641,5,4,0,0.262,52500,36,14.1,1796.88,Vehicle,Branch,0,Paid,Fair,Medium DTI
LN20664,CUST10664,32,Male,Graduate,Business,8.3,584301,Rent,West,585,4,11,0,0.533,160000,36,13.28,5412.64,Business,Online,0,Paid,Fair,High DTI
LN20665,CUST10665,44,Male,Graduate,Business,14.6,665055,Own,North,548,8,12,0,0.318,134300,36,13.03,4527.04,Personal,Online,0,Paid,Poor,Medium DTI
LN20666,CUST10666,48,Male,High School,Self-Employed,0.0,680882,Own,East,850,2,6,3,0.106,364100,48,11.17,9440.44,Vehicle,Online,0,Paid,Very Good/Excellent,Low DTI
LN20667,CUST10667,28,Male,Graduate,Business,0.0,1071377,Rent,South,706,15,10,1,0.109,332200,36,13.94,11344.13,Personal,Online,0,Paid,Good,Low DTI
LN20668,CUST10668,48,Male,Post Graduate,Salaried,10.4,1364305,Own,East,615,13,5,1,0.082,778000,24,10.98,36253.67,Personal,Branch,0,Paid,Fair,Low DTI
LN20669,CUST10669,56,Female,Post Graduate,Contract,13.8,1021521,Rent,East,666,12,5,1,0.381,578400,24,12.66,27405.91,Vehicle,Online,0,Paid,Fair,Medium DTI
LN20670,CUST10670,46,Male,High School,Salaried,4.6,440722,Mortgage,North,630,4,12,3,0.294,213300,48,9.04,5312.03,Education,Online,1,Default,Fair,Medium DTI
LN20671,CUST10671,28,Male,Post Graduate,Salaried,0.0,390261,Own,Central,540,5,5,2,0.146,188500,24,13.93,9044.2,Home,Online,0,Paid,Poor,Low DTI
LN20672,CUST10672,48,Male,High School,Self-Employed,14.2,600912,Mortgage,West,739,9,8,3,0.228,300500,12,14.24,27014.97,Business,Mobile App,0,Paid,Good,Medium DTI
LN20673,CUST10673,48,Female,Graduate,Business,2.9,758464,Rent,South,683,3,10,0,0.097,369300,36,12.39,12334.95,Vehicle,Online,0,Paid,Good,Low DTI
LN20674,CUST10674,57,Male,Post Graduate,Business,5.2,542493,Rent,East,733,13,8,2,0.234,186300,12,9.43,16329.38,Home,Online,0,Paid,Good,Medium DTI
LN20675,CUST10675,61,Male,Post Graduate,Salaried,8.6,286264,Rent,North,680,1,10,0,0.082,140700,60,10.27,3008.19,Business,Online,0,Paid,Good,Low DTI
LN20676,CUST10676,56,Male,Graduate,Business,3.7,873111,Mortgage,East,690,14,4,1,0.243,522700,36,10.75,17050.71,Personal,Online,0,Paid,Good,Medium DTI
LN20677,CUST10677,47,Male,High School,Business,2.6,483551,Mortgage,South,512,4,9,2,0.55,152900,24,13.81,7327.45,Business,Mobile App,1,Default,Poor,High DTI
LN20678,CUST10678,37,Male,High School,Self-Employed,2.7,475586,Mortgage,South,748,10,8,2,0.136,296000,24,8.44,13446.76,Home,Branch,0,Paid,Very Good/Excellent,Low DTI
LN20679,CUST10679,29,Male,Graduate,Salaried,16.3,582246,Mortgage,West,598,6,12,3,0.084,91300,36,14.02,3121.3,Vehicle,Online,0,Paid,Fair,Low DTI
LN20680,CUST10680,53,Male,High School,Self-Employed,12.8,525834,Rent,North,618,7,6,0,0.287,170700,36,14.05,5838.27,Vehicle,Mobile App,0,Paid,Fair,Medium DTI
LN20681,CUST10681,40,Male,Graduate,Business,9.9,490465,Own,North,640,4,2,2,0.373,106000,48,12.37,2810.68,Medical,Online,0,Paid,Fair,Medium DTI
LN20682,CUST10682,33,Female,High School,Contract,0.0,296741,Mortgage,East,526,4,9,2,0.394,63300,36,17.68,2278.3,Vehicle,Mobile App,1,Default,Poor,Medium DTI
LN20683,CUST10683,48,Female,Graduate,Salaried,9.9,564079,Mortgage,West,636,6,6,2,0.046,314600,36,12.32,10497.37,Vehicle,Branch,0,Paid,Fair,Low DTI
LN20684,CUST10684,49,Male,Post Graduate,Salaried,9.6,883202,Mortgage,North,631,1,8,0,0.388,538000,60,14.84,12753.84,Personal,Branch,0,Paid,Fair,Medium DTI
LN20685,CUST10685,33,Male,Graduate,Salaried,0.6,694008,Own,East,652,5,6,1,0.068,374000,36,10.64,12180.62,Vehicle,Online,0,Paid,Fair,Low DTI
LN20686,CUST10686,55,Male,High School,Salaried,8.3,1010698,Own,South,552,11,5,2,0.436,645100,36,14.67,22258.49,Vehicle,Mobile App,0,Paid,Poor,High DTI
LN20687,CUST10687,26,Male,Graduate,Salaried,12.3,401911,Mortgage,West,750,3,7,4,0.305,103800,48,11.93,2729.89,Education,Branch,0,Paid,Very Good/Excellent,Medium DTI
LN20688,CUST10688,38,Male,Post Graduate,Self-Employed,9.8,297079,Rent,East,710,8,12,0,0.086,65500,60,10.78,1416.95,Home,Online,0,Paid,Good,Low DTI
LN20689,CUST10689,25,Male,Graduate,Self-Employed,3.6,524116,Mortgage,West,615,5,4,1,0.156,215100,36,13.53,7302.6,Medical,Online,0,Paid,Fair,Low DTI
LN20690,CUST10690,45,Female,Graduate,Salaried,7.1,427990,Mortgage,South,636,7,10,2,0.225,241600,48,11.88,6348.03,Personal,Online,0,Paid,Fair,Medium DTI
LN20691,CUST10691,22,Female,Post Graduate,Salaried,10.7,453160,Mortgage,West,743,8,11,0,0.25,77000,36,10.89,2516.87,Home,Online,0,Paid,Very Good/Excellent,Medium DTI
LN20692,CUST10692,30,Female,Graduate,Salaried,7.3,674109,Mortgage,West,661,8,3,4,0.117,436700,36,12.16,14538.08,Home,Online,1,Default,Fair,Low DTI
LN20693,CUST10693,50,Male,Graduate,Salaried,13.3,454972,Own,West,587,13,11,0,0.129,205200,24,11.59,9620.23,Vehicle,Online,0,Paid,Fair,Low DTI
LN20694,CUST10694,65,Female,Graduate,Business,9.0,301688,Own,West,674,2,12,1,0.303,192900,48,13.17,5191.31,Business,Branch,0,Paid,Good,Medium DTI
LN20695,CUST10695,25,Female,Post Graduate,Salaried,10.8,441193,Rent,East,598,13,7,0,0.138,146700,24,14.42,7072.63,Vehicle,Branch,0,Paid,Fair,Low DTI
LN20696,CUST10696,53,Female,Graduate,Self-Employed,11.1,723400,Mortgage,South,627,15,2,0,0.051,274200,12,12.53,24430.37,Vehicle,Online,0,Paid,Fair,Low DTI
LN20697,CUST10697,21,Male,Post Graduate,Salaried,1.7,868045,Own,West,676,2,10,2,0.316,456700,60,12.72,10325.98,Medical,Online,0,Paid,Good,Medium DTI
LN20698,CUST10698,38,Female,Graduate,Self-Employed,7.2,863257,Own,South,759,13,3,3,0.239,471600,36,9.74,15159.7,Business,Online,0,Paid,Very Good/Excellent,Medium DTI
LN20699,CUST10699,52,Male,Graduate,Self-Employed,5.3,757778,Rent,North,832,15,1,2,0.461,202000,24,8.14,9148.82,Education,Online,0,Paid,Very Good/Excellent,High DTI
LN20700,CUST10700,31,Male,Graduate,Salaried,12.2,547016,Mortgage,Central,782,15,11,1,0.333,336400,36,10.17,10881.55,Personal,Branch,0,Paid,Very Good/Excellent,Medium DTI
LN20701,CUST10701,41,Male,Post Graduate,Self-Employed,9.3,749669,Rent,South,675,10,12,2,0.17,437600,36,13.41,14831.04,Education,Online,0,Paid,Good,Low DTI
LN20702,CUST10702,46,Female,Graduate,Salaried,6.1,586191,Mortgage,North,849,5,1,1,0.151,93300,36,9.65,2995.22,Home,Mobile App,0,Paid,Very Good/Excellent,Low DTI
LN20703,CUST10703,45,Female,High School,Salaried,0.6,638507,Own,West,722,13,2,0,0.174,136800,12,11.01,12091.25,Home,Online,0,Paid,Good,Low DTI
LN20704,CUST10704,42,Female,High School,Business,0.0,357917,Rent,Central,607,3,1,0,0.186,142500,12,13.9,12787.96,Personal,Online,0,Paid,Fair,Low DTI
LN20705,CUST10705,47,Female,Graduate,Self-Employed,8.6,614655,Own,Central,687,12,2,0,0.271,233900,36,10.82,7637.66,Vehicle,Mobile App,0,Paid,Good,Medium DTI
LN20706,CUST10706,33,Male,High School,Business,3.4,738925,Mortgage,East,631,12,1,1,0.061,372600,36,11.2,12233.77,Home,Online,0,Paid,Fair,Low DTI
LN20707,CUST10707,53,Female,Graduate,Salaried,10.3,723825,Own,North,586,10,3,0,0.068,141000,24,13.18,6715.32,Personal,Online,0,Paid,Fair,Low DTI
LN20708,CUST10708,54,Male,Graduate,Salaried,0.0,295537,Mortgage,West,592,1,9,1,0.489,139600,36,12.34,4659.42,Business,Mobile App,0,Paid,Fair,High DTI
LN20709,CUST10709,61,Male,Graduate,Salaried,15.0,632622,Rent,East,669,8,9,2,0.185,289900,36,10.68,9447.08,Personal,Online,0,Paid,Fair,Low DTI
LN20710,CUST10710,55,Female,High School,Salaried,10.3,271182,Mortgage,North,737,6,8,2,0.365,72400,12,12.8,6459.78,Vehicle,Mobile App,0,Paid,Good,Medium DTI
LN20711,CUST10711,21,Female,High School,Salaried,7.5,660140,Own,Central,760,3,9,0,0.145,278000,60,14.4,6526.37,Home,Online,0,Paid,Very Good/Excellent,Low DTI
LN20712,CUST10712,41,Female,Graduate,Self-Employed,15.4,407970,Mortgage,North,587,8,12,1,0.29,106500,60,11.36,2334.73,Home,Mobile App,0,Paid,Fair,Medium DTI
LN20713,CUST10713,26,Female,Graduate,Business,11.7,1533079,Mortgage,South,657,13,4,1,0.033,342600,24,12.02,16130.57,Medical,Online,0,Paid,Fair,Low DTI
LN20714,CUST10714,48,Male,High School,Business,4.6,640669,Rent,North,716,11,8,4,0.033,279700,24,12.02,13169.06,Personal,Mobile App,0,Paid,Good,Low DTI
LN20715,CUST10715,37,Male,Graduate,Self-Employed,7.4,932221,Rent,Central,691,1,11,3,0.228,595400,36,9.55,19086.34,Education,Branch,0,Paid,Good,Medium DTI
LN20716,CUST10716,25,Female,High School,Salaried,0.0,1915836,Own,North,732,3,5,2,0.475,514300,36,11.19,16883.84,Home,Online,0,Paid,Good,High DTI
LN20717,CUST10717,51,Male,Post Graduate,Salaried,12.3,382741,Rent,South,647,9,4,1,0.448,125400,60,12.57,2825.71,Business,Mobile App,1,Default,Fair,High DTI
LN20718,CUST10718,25,Male,Graduate,Salaried,5.5,762461,Own,Central,775,6,4,2,0.089,212200,36,11.59,7006.59,Education,Online,0,Paid,Very Good/Excellent,Low DTI
LN20719,CUST10719,58,Male,Graduate,Salaried,0.0,312523,Own,South,680,1,2,2,0.094,88500,36,11.14,2903.25,Personal,Branch,0,Paid,Good,Low DTI
LN20720,CUST10720,23,Male,Post Graduate,Self-Employed,1.1,725327,Own,North,737,9,10,1,0.131,255400,60,10.6,5502.2,Vehicle,Branch,0,Paid,Good,Low DTI
LN20721,CUST10721,43,Male,Graduate,Business,11.4,1584572,Own,North,651,7,9,0,0.341,793800,36,14.19,27203.51,Personal,Branch,0,Paid,Fair,Medium DTI
LN20722,CUST10722,57,Male,Post Graduate,Self-Employed,15.1,424790,Rent,South,684,1,9,2,0.306,72000,24,12.87,3418.62,Personal,Online,0,Paid,Good,Medium DTI
LN20723,CUST10723,57,Female,Graduate,Salaried,7.1,368579,Rent,South,560,1,1,1,0.075,231700,36,15.19,8053.53,Medical,Mobile App,0,Paid,Poor,Low DTI
LN20724,CUST10724,30,Female,High School,Contract,2.1,570654,Rent,West,617,5,12,0,0.133,98800,24,10.61,4586.99,Personal,Branch,0,Paid,Fair,Low DTI
LN20725,CUST10725,30,Male,Graduate,Salaried,0.0,1848499,Rent,South,664,11,4,0,0.16,1091800,12,11.54,96770.32,Business,Online,0,Paid,Fair,Low DTI
LN20726,CUST10726,39,Female,High School,Contract,14.1,916902,Mortgage,West,688,4,9,3,0.234,547600,48,14.45,15087.88,Business,Online,0,Paid,Good,Medium DTI
LN20727,CUST10727,37,Male,Graduate,Business,9.2,364755,Own,Central,850,12,4,1,0.133,150400,24,9.62,6913.85,Personal,Branch,0,Paid,Very Good/Excellent,Low DTI
LN20728,CUST10728,41,Female,Graduate,Salaried,5.3,1335703,Mortgage,Central,651,8,2,1,0.234,291800,12,12.55,26001.22,Business,Mobile App,0,Paid,Fair,Medium DTI
LN20729,CUST10729,34,Male,High School,Salaried,4.2,241446,Rent,West,577,13,2,1,0.187,104400,60,13.72,2414.08,Home,Branch,1,Default,Poor,Low DTI
LN20730,CUST10730,29,Female,High School,Contract,10.4,1943095,Rent,Central,808,2,10,2,0.138,902200,36,12.73,30281.49,Home,Online,0,Paid,Very Good/Excellent,Low DTI
LN20731,CUST10731,21,Female,Graduate,Self-Employed,10.2,961003,Mortgage,Central,761,6,9,0,0.165,556300,24,9.97,25662.72,Business,Online,0,Paid,Very Good/Excellent,Low DTI
LN20732,CUST10732,65,Male,Post Graduate,Salaried,2.5,1582698,Rent,East,593,15,11,2,0.079,673400,36,14.61,23215.23,Education,Branch,0,Paid,Fair,Low DTI
LN20733,CUST10733,33,Female,High School,Self-Employed,1.3,242412,Rent,South,715,8,4,5,0.24,86100,24,12.17,4059.86,Vehicle,Online,0,Paid,Good,Medium DTI
LN20734,CUST10734,24,Male,High School,Self-Employed,1.5,658604,Own,Central,743,1,1,2,0.486,374800,24,9.31,17176.0,Personal,Online,0,Paid,Very Good/Excellent,High DTI
LN20735,CUST10735,21,Female,Post Graduate,Salaried,4.7,557404,Mortgage,West,692,3,12,4,0.301,357000,60,11.67,7881.86,Personal,Branch,0,Paid,Good,Medium DTI
LN20736,CUST10736,60,Male,Graduate,Salaried,3.6,344844,Own,North,704,1,1,2,0.111,163000,24,10.69,7573.64,Business,Online,0,Paid,Good,Low DTI
LN20737,CUST10737,52,Female,Post Graduate,Salaried,15.1,294158,Mortgage,Central,633,7,1,2,0.122,172700,36,11.1,5662.16,Business,Online,0,Paid,Fair,Low DTI
LN20738,CUST10738,54,Male,Graduate,Salaried,4.5,793001,Rent,South,718,1,8,2,0.193,356300,12,13.52,31910.74,Business,Online,0,Paid,Good,Low DTI
LN20739,CUST10739,48,Female,Post Graduate,Salaried,0.8,833540,Rent,South,643,12,1,2,0.31,412500,60,11.03,8974.92,Business,Branch,0,Paid,Fair,Medium DTI
LN20740,CUST10740,51,Female,Graduate,Salaried,1.0,1226495,Mortgage,South,482,9,5,3,0.334,606000,36,16.39,21422.03,Personal,Branch,0,Paid,Poor,Medium DTI
LN20741,CUST10741,28,Male,High School,Salaried,6.1,454887,Rent,South,695,8,9,1,0.199,228500,60,10.78,4943.11,Vehicle,Mobile App,0,Paid,Good,Low DTI
LN20742,CUST10742,59,Female,Post Graduate,Salaried,0.0,555042,Own,East,554,15,4,3,0.185,172300,36,16.23,6077.14,Vehicle,Branch,1,Default,Poor,Low DTI
LN20743,CUST10743,46,Male,Post Graduate,Contract,6.7,280501,Own,East,756,11,11,0,0.188,122800,60,10.53,2641.28,Medical,Online,0,Paid,Very Good/Excellent,Low DTI
LN20744,CUST10744,54,Female,Graduate,Self-Employed,0.3,1400188,Own,South,595,3,9,1,0.079,626000,60,14.08,14591.9,Business,Mobile App,0,Paid,Fair,Low DTI
LN20745,CUST10745,23,Male,Post Graduate,Salaried,12.8,623395,Rent,South,496,12,5,1,0.293,191700,48,14.21,5258.7,Vehicle,Branch,0,Paid,Poor,Medium DTI
LN20746,CUST10746,32,Male,High School,Self-Employed,7.6,892792,Rent,West,547,13,9,1,0.307,290100,24,11.04,13526.32,Personal,Mobile App,0,Paid,Poor,Medium DTI
LN20747,CUST10747,21,Male,Post Graduate,Salaried,17.6,910303,Mortgage,North,677,12,2,0,0.452,483500,12,9.84,42471.36,Personal,Mobile App,0,Paid,Good,High DTI
LN20748,CUST10748,64,Female,Graduate,Business,5.9,1338679,Rent,Central,694,4,8,1,0.43,590800,24,9.24,27055.65,Business,Branch,0,Paid,Good,High DTI
LN20749,CUST10749,25,Male,Graduate,Self-Employed,0.0,379806,Rent,West,574,15,7,0,0.187,85300,24,14.27,4106.39,Home,Mobile App,0,Paid,Poor,Low DTI
LN20750,CUST10750,50,Male,Graduate,Salaried,14.3,880599,Mortgage,West,600,9,7,1,0.136,500900,48,13.46,13552.53,Home,Online,0,Paid,Fair,Low DTI
LN20751,CUST10751,50,Male,Graduate,Contract,9.5,591804,Mortgage,South,679,10,3,1,0.369,350100,36,13.21,11831.7,Business,Online,0,Paid,Good,Medium DTI
LN20752,CUST10752,37,Male,Graduate,Business,10.3,1910370,Rent,Central,753,6,10,2,0.168,731800,36,10.19,23678.46,Personal,Online,0,Paid,Very Good/Excellent,Low DTI
LN20753,CUST10753,43,Male,Graduate,Salaried,2.0,379187,Own,North,589,5,12,1,0.14,96500,24,10.41,4471.27,Home,Branch,1,Default,Fair,Low DTI
LN20754,CUST10754,35,Male,Graduate,Contract,6.8,1142774,Own,North,708,13,2,0,0.28,712900,24,13.83,34171.16,Medical,Branch,0,Paid,Good,Medium DTI
LN20755,CUST10755,57,Female,High School,Business,7.9,727503,Own,West,550,15,11,2,0.545,430100,24,15.73,21003.59,Education,Mobile App,1,Default,Poor,High DTI
LN20756,CUST10756,41,Male,Graduate,Contract,5.8,706802,Rent,West,704,5,10,4,0.169,192400,36,12.5,6436.48,Vehicle,Branch,0,Paid,Good,Low DTI
LN20757,CUST10757,34,Female,High School,Salaried,0.0,618094,Rent,South,737,1,1,2,0.359,122300,48,13.11,3287.68,Personal,Branch,0,Paid,Good,Medium DTI
LN20758,CUST10758,22,Male,High School,Contract,20.8,1258399,Mortgage,East,719,12,1,2,0.081,466000,24,11.56,21840.61,Personal,Mobile App,0,Paid,Good,Low DTI
LN20759,CUST10759,31,Female,High School,Self-Employed,11.2,693706,Rent,East,755,14,7,4,0.121,338700,48,11.57,8847.93,Education,Branch,0,Paid,Very Good/Excellent,Low DTI
LN20760,CUST10760,59,Male,High School,Self-Employed,9.1,259434,Mortgage,East,750,15,9,0,0.259,61700,36,10.19,1996.39,Business,Online,0,Paid,Very Good/Excellent,Medium DTI
LN20761,CUST10761,58,Male,High School,Salaried,13.6,1173395,Mortgage,East,819,15,1,1,0.187,477100,60,8.61,9813.75,Vehicle,Mobile App,0,Paid,Very Good/Excellent,Low DTI
LN20762,CUST10762,54,Male,High School,Salaried,10.2,1060866,Rent,Central,688,1,10,2,0.054,384800,24,9.81,17722.84,Business,Branch,0,Paid,Good,Low DTI
LN20763,CUST10763,58,Male,Graduate,Salaried,3.6,828698,Mortgage,Central,819,3,4,0,0.152,493300,36,9.09,15707.48,Personal,Mobile App,0,Paid,Very Good/Excellent,Low DTI
LN20764,CUST10764,54,Male,High School,Salaried,13.2,322554,Mortgage,Central,609,2,2,1,0.329,117700,24,17.36,5839.73,Business,Branch,0,Paid,Fair,Medium DTI
LN20765,CUST10765,38,Male,Post Graduate,Salaried,11.3,351327,Own,East,665,10,8,0,0.24,146500,36,10.24,4743.67,Education,Online,0,Paid,Fair,Medium DTI
LN20766,CUST10766,50,Male,High School,Salaried,3.8,213649,Own,South,671,14,9,0,0.125,134100,36,11.03,4392.17,Home,Online,0,Paid,Good,Low DTI
LN20767,CUST10767,35,Male,Graduate,Contract,11.0,772870,Mortgage,East,602,1,3,3,0.199,231700,48,13.64,6289.78,Personal,Online,0,Paid,Fair,Low DTI
LN20768,CUST10768,47,Female,Graduate,Business,5.8,285624,Own,West,503,12,3,1,0.465,84100,24,18.55,4221.0,Education,Online,0,Paid,Poor,High DTI
LN20769,CUST10769,54,Male,Graduate,Self-Employed,8.0,233135,Rent,South,745,5,7,2,0.203,128200,24,9.75,5901.0,Education,Mobile App,0,Paid,Very Good/Excellent,Medium DTI
LN20770,CUST10770,58,Female,High School,Business,10.0,1209756,Mortgage,West,610,14,9,2,0.303,349300,36,12.41,11670.28,Personal,Branch,0,Paid,Fair,Medium DTI
LN20771,CUST10771,53,Male,High School,Self-Employed,13.8,915462,Mortgage,West,650,14,7,3,0.075,518100,36,13.76,17647.1,Medical,Online,1,Default,Fair,Low DTI
LN20772,CUST10772,44,Male,Post Graduate,Salaried,3.8,499539,Rent,Central,799,11,12,2,0.4,98800,36,11.44,3255.21,Vehicle,Online,0,Paid,Very Good/Excellent,High DTI
LN20773,CUST10773,35,Male,Graduate,Self-Employed,8.8,557356,Rent,South,723,3,7,6,0.323,114600,60,10.61,2469.45,Education,Branch,0,Paid,Good,Medium DTI
LN20774,CUST10774,50,Female,Graduate,Self-Employed,17.1,180000,Own,West,811,15,2,3,0.02,108100,36,9.08,3441.58,Vehicle,Online,0,Paid,Very Good/Excellent,Low DTI
LN20775,CUST10775,62,Female,Graduate,Salaried,6.1,993406,Mortgage,South,689,15,12,0,0.282,417600,48,12.84,11170.03,Medical,Online,0,Paid,Good,Medium DTI
LN20776,CUST10776,37,Female,Graduate,Salaried,8.0,409906,Rent,North,722,14,11,0,0.137,208800,48,11.21,5417.86,Personal,Online,0,Paid,Good,Low DTI
LN20777,CUST10777,25,Male,Post Graduate,Salaried,17.1,719524,Own,South,662,7,1,4,0.167,189000,60,13.0,4300.33,Home,Branch,0,Paid,Fair,Low DTI
LN20778,CUST10778,49,Female,Graduate,Self-Employed,10.2,180000,Own,North,616,8,2,0,0.285,50000,36,13.01,1684.94,Personal,Mobile App,0,Paid,Fair,Medium DTI
LN20779,CUST10779,24,Male,Graduate,Salaried,0.0,1027200,Mortgage,South,721,10,12,2,0.076,582900,12,12.21,51847.24,Vehicle,Mobile App,0,Paid,Good,Low DTI
LN20780,CUST10780,30,Male,Post Graduate,Business,3.0,396575,Mortgage,North,647,6,6,1,0.397,130600,36,13.48,4430.69,Business,Branch,0,Paid,Fair,Medium DTI
LN20781,CUST10781,37,Male,Graduate,Salaried,10.4,281493,Own,Central,728,12,12,4,0.33,106300,60,8.66,2189.11,Education,Branch,1,Default,Good,Medium DTI
LN20782,CUST10782,30,Male,Graduate,Self-Employed,9.1,497775,Mortgage,North,637,5,12,1,0.37,81600,24,12.25,3850.73,Personal,Branch,0,Paid,Fair,Medium DTI
LN20783,CUST10783,37,Male,Post Graduate,Contract,7.8,432210,Mortgage,West,667,15,10,0,0.555,148200,36,13.0,4993.44,Personal,Online,0,Paid,Fair,High DTI
LN20784,CUST10784,40,Female,Graduate,Business,17.8,1083310,Mortgage,Central,673,10,8,1,0.267,579800,60,13.62,13376.98,Home,Online,0,Paid,Good,Medium DTI
LN20785,CUST10785,44,Male,Post Graduate,Business,3.9,476140,Rent,East,761,12,8,4,0.452,266900,36,10.59,8686.23,Vehicle,Online,0,Paid,Very Good/Excellent,High DTI
LN20786,CUST10786,25,Male,Graduate,Salaried,6.6,1269488,Rent,North,648,5,6,2,0.23,634000,36,10.01,20460.37,Medical,Online,0,Paid,Fair,Medium DTI
LN20787,CUST10787,54,Male,Graduate,Business,0.0,719465,Mortgage,East,769,1,2,1,0.177,356900,24,12.84,16940.87,Personal,Online,0,Paid,Very Good/Excellent,Low DTI
LN20788,CUST10788,26,Male,Post Graduate,Self-Employed,12.8,981255,Mortgage,South,612,12,9,1,0.464,395600,36,14.6,13636.24,Education,Branch,0,Paid,Fair,High DTI
LN20789,CUST10789,22,Male,High School,Business,3.0,599285,Rent,North,700,6,10,0,0.206,251200,24,12.16,11843.63,Home,Online,0,Paid,Good,Medium DTI
LN20790,CUST10790,33,Male,Graduate,Business,12.3,1207808,Mortgage,East,628,6,4,1,0.223,629600,60,12.38,14126.3,Vehicle,Online,0,Paid,Fair,Medium DTI
LN20791,CUST10791,63,Male,High School,Salaried,11.8,318122,Rent,South,764,3,5,0,0.047,87100,48,11.94,2291.11,Home,Branch,0,Paid,Very Good/Excellent,Low DTI
LN20792,CUST10792,63,Male,High School,Self-Employed,18.7,638692,Mortgage,West,619,15,1,3,0.291,169700,48,12.53,4513.14,Medical,Branch,0,Paid,Fair,Medium DTI
LN20793,CUST10793,31,Female,Graduate,Salaried,10.2,482456,Mortgage,East,626,4,9,0,0.368,301500,36,14.42,10366.17,Business,Online,0,Paid,Fair,Medium DTI
LN20794,CUST10794,43,Female,Graduate,Salaried,5.2,1293459,Own,West,586,4,11,1,0.206,211900,24,16.41,10416.84,Education,Mobile App,0,Paid,Fair,Medium DTI
LN20795,CUST10795,36,Male,Graduate,Self-Employed,9.3,1368402,Rent,North,688,6,11,1,0.254,300700,36,11.45,9908.74,Personal,Branch,0,Paid,Good,Medium DTI
LN20796,CUST10796,51,Female,Post Graduate,Salaried,3.2,600139,Mortgage,South,724,14,11,0,0.345,261200,24,12.81,12394.63,Personal,Online,0,Paid,Good,Medium DTI
LN20797,CUST10797,31,Male,Graduate,Self-Employed,8.6,294889,Rent,East,716,8,10,1,0.166,153000,36,10.78,4993.1,Vehicle,Mobile App,0,Paid,Good,Low DTI
LN20798,CUST10798,36,Male,Graduate,Business,6.0,758872,Mortgage,Central,669,12,1,0,0.285,317900,36,14.01,10866.61,Business,Online,0,Paid,Fair,Medium DTI
LN20799,CUST10799,28,Female,Graduate,Self-Employed,6.6,240181,Own,West,630,13,7,1,0.168,78700,36,12.68,2639.6,Vehicle,Branch,0,Paid,Fair,Low DTI
LN20800,CUST10800,24,Male,High School,Contract,2.5,1467489,Mortgage,West,659,13,11,1,0.192,937700,36,14.79,32409.33,Business,Online,0,Paid,Fair,Low DTI
LN20801,CUST10801,60,Female,Graduate,Business,8.5,462518,Own,East,662,9,9,1,0.463,232100,60,12.15,5180.55,Education,Online,0,Paid,Fair,High DTI
LN20802,CUST10802,24,Male,Graduate,Contract,11.1,589996,Mortgage,West,699,9,3,0,0.277,333800,36,10.67,10876.09,Education,Online,0,Paid,Good,Medium DTI
LN20803,CUST10803,45,Female,Graduate,Business,0.0,412570,Mortgage,North,694,5,2,1,0.173,70200,36,11.59,2317.92,Business,Branch,0,Paid,Good,Low DTI
LN20804,CUST10804,23,Male,High School,Self-Employed,3.6,365384,Own,East,810,8,10,1,0.219,97900,24,10.02,4518.49,Personal,Online,0,Paid,Very Good/Excellent,Medium DTI
LN20805,CUST10805,52,Female,Graduate,Salaried,7.8,900041,Own,East,683,15,8,1,0.314,303400,36,12.61,10165.85,Medical,Mobile App,0,Paid,Good,Medium DTI
LN20806,CUST10806,23,Male,Post Graduate,Business,0.0,549875,Rent,South,707,13,4,0,0.265,132700,24,11.4,6209.53,Vehicle,Branch,0,Paid,Good,Medium DTI
LN20807,CUST10807,47,Male,High School,Self-Employed,15.7,614184,Rent,Central,685,8,1,1,0.282,114500,36,12.59,3835.38,Home,Mobile App,0,Paid,Good,Medium DTI
LN20808,CUST10808,49,Female,High School,Self-Employed,3.4,345430,Own,West,655,10,8,1,0.374,90700,36,13.07,3059.1,Personal,Online,0,Paid,Fair,Medium DTI
LN20809,CUST10809,52,Female,High School,Business,2.3,960796,Mortgage,North,707,4,6,0,0.213,400500,12,11.25,35443.57,Business,Online,0,Paid,Good,Medium DTI
LN20810,CUST10810,39,Female,Post Graduate,Business,6.0,1016087,Mortgage,Central,648,4,6,2,0.188,505900,60,13.27,11580.82,Business,Online,0,Paid,Fair,Low DTI
LN20811,CUST10811,41,Male,Graduate,Salaried,7.7,534867,Mortgage,South,676,3,4,1,0.352,287200,24,11.48,13449.86,Medical,Mobile App,0,Paid,Good,Medium DTI
LN20812,CUST10812,25,Female,Post Graduate,Self-Employed,3.2,1205063,Own,North,767,13,6,0,0.113,206600,36,13.99,7060.09,Personal,Online,0,Paid,Very Good/Excellent,Low DTI
LN20813,CUST10813,38,Female,Post Graduate,Self-Employed,11.9,566604,Own,Central,644,5,2,1,0.157,206200,36,13.29,6976.53,Home,Mobile App,0,Paid,Fair,Low DTI
LN20814,CUST10814,48,Male,Post Graduate,Salaried,9.0,921309,Rent,South,709,8,6,1,0.222,194500,36,12.78,6532.88,Personal,Online,0,Paid,Good,Medium DTI
LN20815,CUST10815,62,Male,Graduate,Contract,2.8,245751,Rent,West,494,8,2,1,0.432,89800,48,14.8,2490.11,Personal,Mobile App,1,Default,Poor,High DTI
LN20816,CUST10816,42,Male,Graduate,Business,4.4,728740,Mortgage,South,666,9,6,3,0.142,267400,36,11.43,8808.88,Vehicle,Branch,0,Paid,Fair,Low DTI
LN20817,CUST10817,41,Male,Post Graduate,Salaried,0.0,516779,Rent,Central,643,14,9,2,0.362,206200,36,14.11,7058.45,Education,Branch,0,Paid,Fair,Medium DTI
LN20818,CUST10818,26,Female,Graduate,Salaried,0.7,653581,Mortgage,West,689,1,7,0,0.336,389800,12,12.66,34753.73,Business,Mobile App,0,Paid,Good,Medium DTI
LN20819,CUST10819,21,Male,High School,Business,8.9,637660,Own,East,662,14,12,3,0.145,352300,48,8.65,8708.57,Business,Mobile App,0,Paid,Fair,Low DTI
LN20820,CUST10820,25,Male,Graduate,Salaried,2.9,642948,Rent,West,691,12,12,1,0.244,301100,36,15.02,10440.68,Personal,Mobile App,0,Paid,Good,Medium DTI
LN20821,CUST10821,61,Male,Graduate,Salaried,16.0,841819,Own,Central,652,4,4,4,0.309,498900,60,13.83,11564.61,Medical,Branch,0,Paid,Fair,Medium DTI
LN20822,CUST10822,32,Female,High School,Salaried,7.4,439696,Rent,South,709,6,1,3,0.303,215100,36,11.29,7071.68,Medical,Mobile App,0,Paid,Good,Medium DTI
LN20823,CUST10823,46,Male,Post Graduate,Business,0.2,820508,Mortgage,East,551,5,9,1,0.267,459000,48,15.14,12806.91,Business,Branch,0,Paid,Poor,Medium DTI
LN20824,CUST10824,54,Male,Post Graduate,Business,1.3,1181829,Rent,West,688,4,1,3,0.252,510400,60,12.81,11563.59,Vehicle,Mobile App,0,Paid,Good,Medium DTI
LN20825,CUST10825,34,Female,High School,Salaried,12.3,276263,Mortgage,South,610,13,5,1,0.094,114000,48,14.09,3120.37,Medical,Branch,0,Paid,Fair,Low DTI
LN20826,CUST10826,46,Female,High School,Business,6.6,390580,Rent,Central,768,15,7,4,0.149,200000,36,9.67,6422.5,Vehicle,Mobile App,0,Paid,Very Good/Excellent,Low DTI
LN20827,CUST10827,65,Male,High School,Contract,12.0,399708,Own,North,609,11,10,1,0.408,63900,36,13.47,2167.54,Personal,Branch,0,Paid,Fair,High DTI
LN20828,CUST10828,47,Female,Graduate,Self-Employed,5.2,329081,Own,South,755,3,10,2,0.271,163000,36,11.63,5385.17,Vehicle,Branch,0,Paid,Very Good/Excellent,Medium DTI
LN20829,CUST10829,29,Female,Graduate,Salaried,4.2,462130,Rent,West,679,2,6,2,0.235,285300,36,14.16,9773.06,Education,Online,0,Paid,Good,Medium DTI
LN20830,CUST10830,46,Female,Graduate,Business,12.6,1059068,Rent,South,543,9,3,1,0.201,536900,24,14.51,25907.66,Business,Branch,0,Paid,Poor,Medium DTI
LN20831,CUST10831,42,Female,Post Graduate,Salaried,2.7,1330224,Rent,South,614,15,11,1,0.331,224000,48,13.94,6114.39,Business,Online,0,Paid,Fair,Medium DTI
LN20832,CUST10832,50,Male,High School,Self-Employed,9.4,636081,Mortgage,South,744,10,8,3,0.311,215600,24,9.97,9945.86,Business,Branch,0,Paid,Very Good/Excellent,Medium DTI
LN20833,CUST10833,63,Male,Graduate,Salaried,5.9,502000,Mortgage,Central,739,3,11,0,0.55,278500,12,11.52,24681.89,Business,Branch,0,Paid,Good,High DTI
LN20834,CUST10834,37,Female,Graduate,Self-Employed,11.4,933124,Mortgage,East,583,4,7,3,0.281,587200,36,15.06,20372.74,Education,Mobile App,0,Paid,Fair,Medium DTI
LN20835,CUST10835,46,Male,Graduate,Salaried,16.1,180000,Own,South,797,15,9,1,0.139,60300,24,9.52,2769.2,Personal,Branch,0,Paid,Very Good/Excellent,Low DTI
LN20836,CUST10836,56,Female,Graduate,Self-Employed,5.0,335822,Rent,West,678,1,1,3,0.143,191600,48,11.75,5022.08,Education,Branch,1,Default,Good,Low DTI
LN20837,CUST10837,21,Male,Graduate,Salaried,4.3,180000,Rent,East,746,1,8,2,0.125,104700,60,9.86,2217.36,Medical,Online,0,Paid,Very Good/Excellent,Low DTI
LN20838,CUST10838,28,Male,High School,Self-Employed,10.3,333884,Rent,East,589,10,4,2,0.301,70700,60,11.63,1559.5,Education,Mobile App,1,Default,Fair,Medium DTI
LN20839,CUST10839,55,Male,High School,Business,1.6,393496,Mortgage,South,646,9,7,2,0.369,225400,48,11.52,5882.66,Education,Online,1,Default,Fair,Medium DTI
LN20840,CUST10840,35,Female,Graduate,Salaried,15.1,1352425,Mortgage,North,711,11,7,1,0.071,422100,36,12.68,14157.25,Business,Mobile App,0,Paid,Good,Low DTI
LN20841,CUST10841,42,Female,Graduate,Business,14.2,180000,Rent,West,657,4,4,1,0.312,80400,36,12.28,2681.2,Personal,Branch,0,Paid,Fair,Medium DTI
LN20842,CUST10842,34,Male,High School,Salaried,2.0,477108,Rent,South,461,10,8,3,0.183,200100,36,14.3,6868.14,Education,Online,1,Default,Poor,Low DTI
LN20843,CUST10843,46,Male,Post Graduate,Self-Employed,0.0,843611,Rent,South,666,4,12,2,0.31,406200,24,15.78,19846.14,Business,Mobile App,0,Paid,Fair,Medium DTI
LN20844,CUST10844,48,Male,Post Graduate,Salaried,1.2,752072,Mortgage,South,533,6,1,1,0.202,391300,36,13.45,13269.42,Education,Online,0,Paid,Poor,Medium DTI
LN20845,CUST10845,43,Female,Graduate,Self-Employed,1.3,1340618,Rent,South,600,2,5,2,0.106,496600,48,14.44,13680.19,Education,Online,1,Default,Fair,Low DTI
LN20846,CUST10846,34,Male,High School,Salaried,11.0,655572,Own,West,575,6,4,1,0.38,389500,24,14.37,18769.17,Business,Online,0,Paid,Poor,Medium DTI
LN20847,CUST10847,44,Male,Graduate,Salaried,14.7,737144,Mortgage,East,765,13,4,2,0.316,408900,36,11.4,13464.45,Medical,Mobile App,0,Paid,Very Good/Excellent,Medium DTI
LN20848,CUST10848,22,Male,High School,Salaried,11.0,218274,Own,North,788,7,3,2,0.37,118500,48,7.93,2889.04,Personal,Mobile App,0,Paid,Very Good/Excellent,Medium DTI
LN20849,CUST10849,65,Male,Graduate,Business,5.8,348411,Rent,North,706,1,1,0,0.072,132100,24,13.82,6331.27,Education,Mobile App,1,Default,Good,Low DTI
LN20850,CUST10850,46,Female,Graduate,Self-Employed,8.7,225077,Mortgage,South,663,8,5,2,0.31,50000,24,13.03,2377.8,Personal,Online,0,Paid,Fair,Medium DTI
LN20851,CUST10851,34,Male,High School,Contract,2.7,822102,Own,East,682,13,8,2,0.231,325700,12,13.65,29190.05,Education,Online,1,Default,Good,Medium DTI
LN20852,CUST10852,27,Male,Graduate,Business,12.5,726842,Mortgage,East,765,6,10,0,0.232,435500,48,12.73,11625.1,Home,Branch,0,Paid,Very Good/Excellent,Medium DTI
LN20853,CUST10853,23,Female,Graduate,Business,9.2,712925,Own,North,531,9,6,1,0.253,174800,36,17.11,6241.67,Medical,Branch,0,Paid,Poor,Medium DTI
LN20854,CUST10854,43,Female,Graduate,Self-Employed,10.9,369496,Own,South,599,13,12,2,0.127,237000,48,12.02,6243.45,Business,Branch,0,Paid,Fair,Low DTI
LN20855,CUST10855,63,Female,High School,Salaried,3.4,351359,Own,North,755,4,1,0,0.289,194600,24,10.1,8988.79,Home,Branch,0,Paid,Very Good/Excellent,Medium DTI
LN20856,CUST10856,65,Male,Graduate,Contract,6.2,673256,Mortgage,North,771,11,5,1,0.222,339900,48,10.06,8630.54,Home,Online,0,Paid,Very Good/Excellent,Medium DTI
LN20857,CUST10857,38,Male,High School,Salaried,10.6,415203,Own,Central,724,2,6,1,0.213,202900,36,10.34,6579.45,Home,Online,0,Paid,Good,Medium DTI
LN20858,CUST10858,58,Male,Graduate,Self-Employed,14.2,342307,Own,West,602,9,9,1,0.118,151800,36,15.45,5295.71,Medical,Branch,0,Paid,Fair,Low DTI
LN20859,CUST10859,55,Male,Graduate,Business,4.0,453645,Own,West,754,8,9,4,0.053,231500,36,9.69,7436.21,Education,Online,0,Paid,Very Good/Excellent,Low DTI
LN20860,CUST10860,35,Female,Post Graduate,Salaried,10.9,417182,Own,North,782,2,5,2,0.112,150600,36,10.2,4873.59,Education,Mobile App,0,Paid,Very Good/Excellent,Low DTI
LN20861,CUST10861,45,Female,Graduate,Salaried,3.4,372498,Own,South,734,8,3,0,0.259,213300,36,9.04,6786.85,Vehicle,Mobile App,0,Paid,Good,Medium DTI
LN20862,CUST10862,57,Female,Post Graduate,Salaried,17.6,305747,Mortgage,South,493,11,6,1,0.026,152300,48,16.2,4331.84,Education,Mobile App,0,Paid,Poor,Low DTI
LN20863,CUST10863,48,Male,High School,Contract,4.9,767938,Mortgage,West,689,8,11,1,0.274,411300,24,11.97,19355.56,Personal,Online,0,Paid,Good,Medium DTI
LN20864,CUST10864,30,Female,Graduate,Contract,10.2,1411992,Rent,East,724,5,8,1,0.341,771300,36,12.96,25973.29,Vehicle,Online,0,Paid,Good,Medium DTI
LN20865,CUST10865,59,Male,Graduate,Business,7.8,587266,Own,East,641,7,12,3,0.223,115100,36,13.94,3930.49,Home,Branch,0,Paid,Fair,Medium DTI
LN20866,CUST10866,37,Male,High School,Business,20.0,678082,Rent,North,694,7,11,3,0.059,120600,36,9.63,3870.51,Business,Branch,0,Paid,Good,Low DTI
LN20867,CUST10867,59,Female,Post Graduate,Salaried,8.1,805882,Mortgage,East,641,4,12,0,0.191,443600,36,13.16,14980.85,Medical,Mobile App,0,Paid,Fair,Low DTI
LN20868,CUST10868,42,Male,Post Graduate,Salaried,4.4,734023,Mortgage,West,615,6,12,1,0.404,205300,60,11.64,4529.52,Vehicle,Mobile App,0,Paid,Fair,High DTI
LN20869,CUST10869,46,Male,High School,Salaried,10.2,376579,Mortgage,East,793,10,5,2,0.264,166100,60,10.82,3596.52,Vehicle,Online,0,Paid,Very Good/Excellent,Medium DTI
LN20870,CUST10870,64,Female,Post Graduate,Salaried,10.1,1545102,Own,North,696,6,8,2,0.119,574600,36,11.18,18860.68,Medical,Mobile App,0,Paid,Good,Low DTI
LN20871,CUST10871,45,Female,High School,Salaried,6.2,395602,Mortgage,South,597,13,1,2,0.076,63700,48,16.3,1815.08,Education,Online,0,Paid,Fair,Low DTI
LN20872,CUST10872,37,Female,High School,Salaried,1.5,856949,Rent,West,577,6,8,3,0.208,145800,12,17.84,13355.84,Personal,Mobile App,0,Paid,Poor,Medium DTI
LN20873,CUST10873,33,Male,High School,Self-Employed,4.4,803145,Rent,North,615,9,2,2,0.065,452600,48,12.91,12121.92,Vehicle,Branch,0,Paid,Fair,Low DTI
LN20874,CUST10874,40,Male,Graduate,Salaried,11.4,204340,Rent,East,616,15,7,2,0.162,92700,36,13.41,3141.77,Education,Branch,0,Paid,Fair,Low DTI
LN20875,CUST10875,45,Female,Post Graduate,Salaried,0.0,492534,Rent,Central,691,2,2,1,0.24,202900,36,8.71,6424.82,Vehicle,Branch,0,Paid,Good,Medium DTI
LN20876,CUST10876,24,Male,High School,Business,5.8,618981,Mortgage,South,716,15,3,0,0.317,385100,24,9.29,17644.48,Business,Mobile App,0,Paid,Good,Medium DTI
LN20877,CUST10877,30,Male,Post Graduate,Salaried,12.0,645589,Mortgage,North,716,10,5,3,0.163,152700,12,12.34,13591.51,Education,Branch,0,Paid,Good,Low DTI
LN20878,CUST10878,23,Male,High School,Salaried,6.5,708189,Rent,West,624,8,10,1,0.283,197600,12,13.09,17657.44,Business,Mobile App,0,Paid,Fair,Medium DTI
LN20879,CUST10879,61,Female,Post Graduate,Salaried,17.9,910182,Rent,North,749,15,7,1,0.239,480900,24,11.9,22615.18,Home,Online,0,Paid,Very Good/Excellent,Medium DTI
LN20880,CUST10880,65,Male,Post Graduate,Business,0.0,597525,Own,North,772,8,9,0,0.293,321200,12,9.72,28196.77,Personal,Mobile App,0,Paid,Very Good/Excellent,Medium DTI
LN20881,CUST10881,38,Female,Graduate,Self-Employed,2.2,729216,Rent,North,661,1,12,3,0.112,257000,48,13.04,6899.77,Medical,Mobile App,0,Paid,Fair,Low DTI
LN20882,CUST10882,56,Female,Graduate,Self-Employed,0.0,585347,Mortgage,North,603,11,12,0,0.426,366100,24,9.66,16836.26,Personal,Branch,0,Paid,Fair,High DTI
LN20883,CUST10883,42,Female,High School,Salaried,17.0,342885,Mortgage,Central,688,13,5,1,0.247,212300,36,11.27,6977.61,Personal,Mobile App,0,Paid,Good,Medium DTI
LN20884,CUST10884,54,Male,High School,Salaried,2.3,610788,Rent,West,842,14,11,1,0.147,95400,60,10.57,2053.83,Personal,Online,0,Paid,Very Good/Excellent,Low DTI
LN20885,CUST10885,28,Male,Graduate,Salaried,0.0,905900,Mortgage,South,601,14,1,0,0.278,213900,24,16.03,10476.28,Personal,Mobile App,0,Paid,Fair,Medium DTI
LN20886,CUST10886,60,Female,Graduate,Salaried,3.9,1104075,Rent,Central,641,2,11,0,0.29,618400,60,12.71,13978.87,Business,Online,0,Paid,Fair,Medium DTI
LN20887,CUST10887,64,Female,Graduate,Self-Employed,0.0,806298,Rent,West,684,13,3,2,0.362,256100,36,13.12,8643.83,Vehicle,Branch,0,Paid,Good,Medium DTI
LN20888,CUST10888,39,Male,High School,Business,4.0,1249904,Own,South,721,14,5,4,0.268,247100,36,10.68,8052.34,Business,Branch,0,Paid,Good,Medium DTI
LN20889,CUST10889,62,Male,Graduate,Salaried,7.2,755444,Own,North,531,4,12,4,0.352,409800,24,15.2,19908.79,Business,Branch,1,Default,Poor,Medium DTI
LN20890,CUST10890,61,Male,Graduate,Business,11.0,964938,Mortgage,West,778,5,3,3,0.37,364100,24,10.09,16816.5,Medical,Branch,0,Paid,Very Good/Excellent,Medium DTI
LN20891,CUST10891,57,Male,Graduate,Salaried,6.1,1004751,Rent,South,777,5,8,3,0.356,398100,36,13.78,13563.62,Home,Online,1,Default,Very Good/Excellent,Medium DTI
LN20892,CUST10892,26,Male,Post Graduate,Salaried,7.1,530642,Own,South,648,15,8,4,0.266,129000,24,12.29,6089.96,Home,Mobile App,0,Paid,Fair,Medium DTI
LN20893,CUST10893,46,Male,Graduate,Salaried,4.1,894470,Rent,South,850,6,11,5,0.363,429700,36,9.5,13764.56,Personal,Online,0,Paid,Very Good/Excellent,Medium DTI
LN20894,CUST10894,54,Female,High School,Contract,0.0,357657,Mortgage,North,772,7,1,1,0.227,152200,12,12.08,13528.48,Personal,Branch,0,Paid,Very Good/Excellent,Medium DTI
LN20895,CUST10895,65,Male,High School,Salaried,0.0,727291,Rent,West,768,1,8,3,0.359,184200,36,11.73,6094.35,Personal,Mobile App,0,Paid,Very Good/Excellent,Medium DTI
LN20896,CUST10896,26,Male,Graduate,Self-Employed,5.2,824102,Own,North,769,7,4,2,0.199,263800,24,10.42,12224.23,Vehicle,Mobile App,0,Paid,Very Good/Excellent,Low DTI
LN20897,CUST10897,57,Male,High School,Salaried,7.4,1069591,Own,East,767,6,11,0,0.243,479600,48,11.61,12538.07,Medical,Branch,0,Paid,Very Good/Excellent,Medium DTI
LN20898,CUST10898,53,Male,Graduate,Salaried,4.8,942322,Own,North,678,5,6,1,0.183,577100,24,10.75,26830.45,Personal,Branch,0,Paid,Good,Low DTI
LN20899,CUST10899,42,Female,Post Graduate,Salaried,0.0,1077278,Mortgage,West,671,15,10,2,0.337,657300,48,12.77,17558.77,Vehicle,Branch,0,Paid,Good,Medium DTI
LN20900,CUST10900,41,Male,Post Graduate,Salaried,8.0,568085,Mortgage,South,609,14,8,2,0.193,167000,24,14.19,8033.15,Medical,Online,0,Paid,Fair,Low DTI
LN20901,CUST10901,26,Female,Graduate,Business,15.1,496192,Rent,West,637,6,2,0,0.109,256900,48,12.31,6804.33,Personal,Online,0,Paid,Fair,Low DTI
LN20902,CUST10902,26,Male,Post Graduate,Business,6.4,515808,Mortgage,North,657,11,8,1,0.382,277400,36,12.09,9225.58,Vehicle,Branch,0,Paid,Fair,Medium DTI
LN20903,CUST10903,24,Male,Post Graduate,Salaried,4.1,694634,Mortgage,South,685,8,7,1,0.144,385100,36,11.28,12658.8,Personal,Branch,0,Paid,Good,Low DTI
LN20904,CUST10904,50,Male,Graduate,Self-Employed,6.7,221876,Rent,North,800,13,4,2,0.274,96600,12,8.35,8418.72,Business,Branch,0,Paid,Very Good/Excellent,Medium DTI
LN20905,CUST10905,31,Male,Post Graduate,Salaried,1.5,1248123,Mortgage,West,522,12,12,0,0.262,193800,36,15.29,6745.7,Vehicle,Branch,1,Default,Poor,Medium DTI
LN20906,CUST10906,50,Female,Post Graduate,Business,1.2,614654,Own,North,781,6,5,0,0.258,326300,24,10.07,15067.63,Personal,Branch,0,Paid,Very Good/Excellent,Medium DTI
LN20907,CUST10907,51,Male,Post Graduate,Self-Employed,9.3,477555,Rent,East,604,5,6,2,0.149,97100,36,14.27,3331.4,Home,Online,0,Paid,Fair,Low DTI
LN20908,CUST10908,44,Female,Graduate,Salaried,12.0,180000,Own,North,672,6,3,0,0.153,50000,24,12.15,2357.18,Business,Mobile App,0,Paid,Good,Low DTI
LN20909,CUST10909,29,Male,Graduate,Business,6.3,587974,Own,Central,626,9,2,0,0.401,266200,36,14.03,9101.96,Business,Mobile App,0,Paid,Fair,High DTI
LN20910,CUST10910,23,Male,Graduate,Salaried,0.0,537951,Mortgage,South,819,12,2,2,0.173,345200,24,7.64,15555.84,Home,Online,0,Paid,Very Good/Excellent,Low DTI
LN20911,CUST10911,51,Female,Post Graduate,Salaried,8.8,366337,Own,North,643,1,4,3,0.197,99400,24,11.14,4639.28,Personal,Mobile App,0,Paid,Fair,Low DTI
LN20912,CUST10912,60,Female,High School,Business,17.3,414368,Mortgage,North,719,14,7,0,0.165,196000,36,10.45,6365.86,Personal,Branch,0,Paid,Good,Low DTI
LN20913,CUST10913,57,Male,Post Graduate,Salaried,5.8,591274,Mortgage,South,723,3,12,4,0.256,178500,60,13.45,4102.66,Business,Online,0,Paid,Good,Medium DTI
LN20914,CUST10914,56,Male,High School,Salaried,6.1,434154,Mortgage,Central,593,15,1,2,0.261,260200,36,14.21,8919.58,Education,Online,0,Paid,Fair,Medium DTI
LN20915,CUST10915,44,Female,High School,Salaried,2.6,821772,Mortgage,North,673,3,1,1,0.152,367100,48,12.01,9668.95,Personal,Online,0,Paid,Good,Low DTI
LN20916,CUST10916,51,Female,Post Graduate,Business,9.4,397462,Mortgage,West,770,9,4,0,0.224,100900,36,10.23,3266.67,Personal,Mobile App,0,Paid,Very Good/Excellent,Medium DTI
LN20917,CUST10917,26,Female,Post Graduate,Salaried,3.6,653253,Mortgage,South,615,15,9,1,0.656,183600,36,14.17,6290.18,Personal,Online,0,Paid,Fair,Very High DTI
LN20918,CUST10918,22,Male,Graduate,Salaried,12.1,1148204,Own,West,742,3,12,2,0.408,420500,12,10.49,37064.53,Vehicle,Online,0,Paid,Very Good/Excellent,High DTI
LN20919,CUST10919,40,Female,Post Graduate,Salaried,3.7,588044,Mortgage,Central,655,6,12,1,0.292,124100,24,13.78,5945.51,Vehicle,Online,0,Paid,Fair,Medium DTI
LN20920,CUST10920,48,Female,Post Graduate,Salaried,8.7,729761,Mortgage,Central,767,9,5,1,0.295,138200,60,10.67,2982.11,Home,Online,0,Paid,Very Good/Excellent,Medium DTI
LN20921,CUST10921,31,Female,Post Graduate,Business,6.8,704782,Mortgage,North,811,15,1,1,0.032,345400,36,12.27,11516.82,Education,Branch,0,Paid,Very Good/Excellent,Low DTI
LN20922,CUST10922,24,Male,Graduate,Salaried,14.8,602645,Mortgage,West,529,10,3,1,0.564,213100,36,13.15,7195.59,Home,Branch,0,Paid,Poor,High DTI
LN20923,CUST10923,35,Male,Post Graduate,Business,9.0,578290,Rent,North,580,5,11,0,0.307,296700,36,13.61,10084.39,Medical,Online,0,Paid,Fair,Medium DTI
LN20924,CUST10924,26,Female,Post Graduate,Self-Employed,13.9,438199,Own,South,647,10,6,2,0.479,89800,36,11.42,2957.83,Personal,Branch,0,Paid,Fair,High DTI
LN20925,CUST10925,50,Female,Post Graduate,Salaried,7.5,651962,Rent,West,790,11,3,0,0.43,296600,36,13.09,10006.49,Personal,Online,0,Paid,Very Good/Excellent,High DTI
LN20926,CUST10926,58,Male,Graduate,Salaried,6.1,513440,Own,South,720,9,11,1,0.281,190800,36,11.73,6312.71,Home,Branch,0,Paid,Good,Medium DTI
LN20927,CUST10927,22,Male,Graduate,Business,6.8,1404279,Mortgage,East,587,9,6,1,0.026,251400,24,12.18,11855.41,Education,Online,0,Paid,Fair,Low DTI
LN20928,CUST10928,35,Male,Post Graduate,Self-Employed,3.1,937352,Mortgage,Central,731,15,6,2,0.271,395900,36,10.18,12808.06,Home,Branch,0,Paid,Good,Medium DTI
LN20929,CUST10929,31,Male,Graduate,Business,9.7,269857,Mortgage,West,611,6,5,1,0.221,51700,36,14.11,1769.75,Personal,Online,1,Default,Fair,Medium DTI
LN20930,CUST10930,28,Male,Post Graduate,Contract,3.5,278242,Own,South,745,8,10,2,0.27,156900,60,8.6,3226.61,Business,Branch,0,Paid,Very Good/Excellent,Medium DTI
LN20931,CUST10931,46,Male,Post Graduate,Business,7.6,558456,Mortgage,East,720,9,5,3,0.234,260200,36,11.43,8571.7,Education,Online,0,Paid,Good,Medium DTI
LN20932,CUST10932,65,Female,Post Graduate,Contract,11.3,482756,Rent,North,611,9,9,0,0.172,206900,48,12.06,5454.57,Home,Online,0,Paid,Fair,Low DTI
LN20933,CUST10933,64,Female,Graduate,Self-Employed,14.9,542492,Rent,South,675,8,3,0,0.409,117600,24,12.14,5543.53,Business,Branch,0,Paid,Good,High DTI
LN20934,CUST10934,25,Female,High School,Salaried,7.8,858399,Own,East,772,13,11,1,0.22,252100,12,11.07,22289.25,Vehicle,Branch,0,Paid,Very Good/Excellent,Medium DTI
LN20935,CUST10935,26,Female,Graduate,Self-Employed,11.3,713787,Mortgage,West,538,4,10,2,0.216,283000,60,14.28,6626.07,Education,Online,0,Paid,Poor,Medium DTI
LN20936,CUST10936,46,Male,Graduate,Salaried,10.7,709830,Own,Central,703,15,7,3,0.454,331200,48,11.56,8650.39,Personal,Online,0,Paid,Good,High DTI
LN20937,CUST10937,24,Male,High School,Salaried,5.1,1329206,Own,South,597,8,4,2,0.063,321200,36,13.79,10945.12,Home,Branch,0,Paid,Fair,Low DTI
LN20938,CUST10938,39,Male,High School,Salaried,17.5,279510,Own,Central,679,2,2,1,0.115,50000,36,14.94,1731.8,Education,Online,0,Paid,Good,Low DTI
LN20939,CUST10939,40,Male,Graduate,Salaried,4.1,635299,Mortgage,West,714,3,10,3,0.143,204800,24,13.7,9804.04,Business,Online,0,Paid,Good,Low DTI
LN20940,CUST10940,53,Male,Post Graduate,Salaried,7.5,436353,Rent,North,831,9,3,2,0.301,170800,48,9.53,4293.48,Medical,Online,0,Paid,Very Good/Excellent,Medium DTI
LN20941,CUST10941,40,Female,High School,Salaried,14.3,1321363,Mortgage,South,678,10,3,4,0.489,320100,12,13.42,28653.57,Personal,Mobile App,0,Paid,Good,High DTI
LN20942,CUST10942,32,Male,High School,Salaried,14.1,180000,Rent,East,790,4,3,2,0.29,71300,48,11.66,1865.72,Vehicle,Online,0,Paid,Very Good/Excellent,Medium DTI
LN20943,CUST10943,21,Male,Graduate,Salaried,7.1,182348,Rent,South,617,2,3,0,0.146,58200,36,12.68,1952.03,Business,Mobile App,0,Paid,Fair,Low DTI
LN20944,CUST10944,46,Male,High School,Business,12.0,709443,Mortgage,North,643,3,10,2,0.215,267800,36,12.81,8998.75,Personal,Mobile App,0,Paid,Fair,Medium DTI
LN20945,CUST10945,34,Male,High School,Salaried,5.9,1114758,Mortgage,East,724,7,6,4,0.162,360900,60,12.45,8110.33,Medical,Mobile App,0,Paid,Good,Low DTI
LN20946,CUST10946,58,Female,High School,Business,4.6,918020,Rent,North,695,9,6,1,0.093,426200,60,10.98,9262.37,Education,Mobile App,0,Paid,Good,Low DTI
LN20947,CUST10947,57,Male,Graduate,Business,0.9,386213,Mortgage,Central,655,15,11,5,0.19,66200,24,12.31,3125.86,Business,Mobile App,0,Paid,Fair,Low DTI
LN20948,CUST10948,31,Male,High School,Business,10.6,1373973,Mortgage,Central,653,7,9,2,0.111,323500,60,12.41,7263.28,Home,Mobile App,0,Paid,Fair,Low DTI
LN20949,CUST10949,56,Male,Post Graduate,Salaried,11.1,304790,Rent,East,780,8,8,0,0.291,111700,48,10.4,2854.51,Home,Online,0,Paid,Very Good/Excellent,Medium DTI
LN20950,CUST10950,33,Male,High School,Business,4.2,1231571,Own,North,658,3,10,1,0.119,404100,48,12.17,10675.26,Home,Online,0,Paid,Fair,Low DTI
LN20951,CUST10951,63,Male,Post Graduate,Salaried,8.3,327784,Mortgage,East,603,7,7,0,0.065,113400,60,14.12,2645.68,Education,Online,0,Paid,Fair,Low DTI
LN20952,CUST10952,23,Male,Post Graduate,Self-Employed,20.3,494440,Own,East,616,15,12,1,0.226,272900,36,13.3,9234.56,Personal,Branch,0,Paid,Fair,Medium DTI
LN20953,CUST10953,53,Female,Post Graduate,Salaried,12.7,852802,Rent,Central,730,1,12,2,0.217,505900,48,12.51,13449.32,Vehicle,Branch,0,Paid,Good,Medium DTI
LN20954,CUST10954,26,Male,High School,Self-Employed,2.5,267874,Rent,North,849,12,2,1,0.17,73500,60,13.55,1693.12,Vehicle,Mobile App,0,Paid,Very Good/Excellent,Low DTI
LN20955,CUST10955,30,Female,Graduate,Business,12.0,1346000,Mortgage,West,641,6,10,1,0.205,764800,36,12.08,25431.54,Business,Mobile App,0,Paid,Fair,Medium DTI
LN20956,CUST10956,25,Female,Post Graduate,Self-Employed,2.5,492779,Mortgage,East,841,3,2,2,0.149,187000,36,10.21,6052.42,Home,Online,0,Paid,Very Good/Excellent,Low DTI
LN20957,CUST10957,43,Male,Graduate,Self-Employed,0.0,647055,Rent,North,679,2,1,1,0.361,185600,36,13.08,6260.75,Education,Branch,0,Paid,Good,Medium DTI
LN20958,CUST10958,30,Male,Graduate,Salaried,6.9,1136990,Mortgage,North,659,14,7,3,0.186,730800,48,14.25,20061.96,Home,Branch,0,Paid,Fair,Low DTI
LN20959,CUST10959,64,Male,High School,Self-Employed,14.8,387886,Rent,West,612,15,7,2,0.167,218100,48,13.97,5956.62,Home,Branch,1,Default,Fair,Low DTI
LN20960,CUST10960,22,Male,Graduate,Salaried,14.0,1075324,Mortgage,South,665,4,1,0,0.04,695900,36,10.89,22746.64,Personal,Branch,0,Paid,Fair,Low DTI
LN20961,CUST10961,33,Male,High School,Salaried,8.9,1479150,Rent,Central,623,11,6,0,0.052,346300,36,12.16,11528.6,Vehicle,Mobile App,0,Paid,Fair,Low DTI
LN20962,CUST10962,60,Male,Post Graduate,Salaried,4.3,418368,Mortgage,Central,617,14,11,0,0.126,92800,12,13.46,8308.68,Business,Mobile App,0,Paid,Fair,Low DTI
LN20963,CUST10963,22,Male,Graduate,Salaried,9.4,1274224,Mortgage,East,556,9,12,3,0.369,511800,12,13.12,45741.4,Business,Online,1,Default,Poor,Medium DTI
LN20964,CUST10964,40,Male,High School,Salaried,5.7,227833,Own,West,812,6,7,2,0.25,106900,36,8.11,3355.28,Personal,Online,0,Paid,Very Good/Excellent,Medium DTI
LN20965,CUST10965,21,Female,Graduate,Self-Employed,4.4,743382,Mortgage,North,760,12,1,3,0.393,175100,36,9.89,5640.95,Personal,Mobile App,0,Paid,Very Good/Excellent,Medium DTI
LN20966,CUST10966,57,Male,Graduate,Self-Employed,12.3,305271,Rent,Central,700,9,12,2,0.114,177100,48,10.8,4560.06,Vehicle,Branch,0,Paid,Good,Low DTI
LN20967,CUST10967,29,Female,High School,Salaried,4.4,1007616,Mortgage,South,669,14,6,1,0.147,419200,36,10.95,13714.15,Business,Branch,0,Paid,Fair,Low DTI
LN20968,CUST10968,37,Female,Graduate,Salaried,12.6,963122,Mortgage,East,680,15,10,1,0.126,342400,60,16.09,8342.89,Personal,Mobile App,0,Paid,Good,Low DTI
LN20969,CUST10969,29,Female,High School,Self-Employed,4.0,1880868,Mortgage,Central,622,8,9,0,0.256,848300,24,13.64,40585.21,Medical,Online,0,Paid,Fair,Medium DTI
LN20970,CUST10970,31,Female,Graduate,Business,17.3,1311118,Mortgage,North,595,5,12,2,0.403,612900,60,13.75,14181.8,Home,Branch,0,Paid,Fair,High DTI
LN20971,CUST10971,35,Male,Graduate,Salaried,0.0,547715,Mortgage,East,734,8,1,0,0.311,93900,36,12.87,3157.99,Business,Mobile App,0,Paid,Good,Medium DTI
LN20972,CUST10972,44,Male,Graduate,Self-Employed,2.2,330950,Mortgage,West,660,2,2,2,0.262,215100,48,15.3,6019.16,Home,Branch,1,Default,Fair,Medium DTI
LN20973,CUST10973,58,Male,Graduate,Business,6.2,818978,Rent,North,704,8,2,1,0.257,271900,36,12.52,9098.65,Personal,Branch,0,Paid,Good,Medium DTI
LN20974,CUST10974,55,Male,Post Graduate,Salaried,0.0,580290,Mortgage,North,555,1,10,2,0.142,104900,36,15.7,3672.45,Personal,Online,0,Paid,Poor,Low DTI
LN20975,CUST10975,50,Male,Graduate,Salaried,0.0,1408196,Rent,East,656,11,3,1,0.235,811300,24,11.91,38156.62,Business,Online,0,Paid,Fair,Medium DTI
LN20976,CUST10976,51,Male,Graduate,Contract,0.0,182257,Rent,East,593,13,4,2,0.214,117800,24,12.25,5559.02,Home,Online,0,Paid,Fair,Medium DTI
LN20977,CUST10977,25,Female,Post Graduate,Salaried,5.5,1998917,Own,South,716,12,7,0,0.289,1115800,48,13.12,30000.62,Home,Branch,0,Paid,Good,Medium DTI
LN20978,CUST10978,64,Male,High School,Self-Employed,5.7,803940,Rent,Central,755,3,3,2,0.166,463000,36,12.51,15491.25,Business,Branch,0,Paid,Very Good/Excellent,Low DTI
LN20979,CUST10979,34,Male,High School,Self-Employed,8.7,383666,Own,South,789,7,7,0,0.195,177600,60,11.86,3938.06,Personal,Mobile App,0,Paid,Very Good/Excellent,Low DTI
LN20980,CUST10980,31,Male,Post Graduate,Salaried,6.0,898407,Mortgage,East,633,4,5,2,0.305,549100,36,13.19,18551.64,Education,Online,0,Paid,Fair,Medium DTI
LN20981,CUST10981,29,Male,Graduate,Salaried,8.5,1224774,Own,North,595,13,5,2,0.211,205600,60,12.41,4616.17,Vehicle,Online,0,Paid,Fair,Medium DTI
LN20982,CUST10982,54,Female,Post Graduate,Self-Employed,4.7,638946,Mortgage,North,649,15,7,2,0.211,340800,24,12.04,16049.01,Business,Online,0,Paid,Fair,Medium DTI
LN20983,CUST10983,32,Female,High School,Business,10.6,227289,Mortgage,South,628,11,7,2,0.407,110300,24,14.81,5338.13,Personal,Branch,0,Paid,Fair,High DTI
LN20984,CUST10984,55,Male,Post Graduate,Salaried,10.0,510461,Rent,East,712,7,7,2,0.353,89200,36,10.93,2917.34,Business,Mobile App,0,Paid,Good,Medium DTI
LN20985,CUST10985,55,Male,High School,Self-Employed,5.4,1062731,Rent,West,575,1,9,3,0.02,448500,60,14.15,10470.72,Home,Mobile App,0,Paid,Poor,Low DTI
LN20986,CUST10986,21,Male,Post Graduate,Self-Employed,9.7,788471,Rent,South,548,7,1,2,0.171,321300,36,13.12,10844.45,Vehicle,Branch,1,Default,Poor,Low DTI
LN20987,CUST10987,60,Male,Post Graduate,Salaried,6.0,550513,Mortgage,South,654,14,1,0,0.137,272900,24,12.4,12897.39,Vehicle,Online,0,Paid,Fair,Low DTI
LN20988,CUST10988,42,Male,Graduate,Self-Employed,0.0,1232135,Mortgage,East,734,3,3,1,0.291,232600,24,9.87,10719.36,Personal,Online,0,Paid,Good,Medium DTI
LN20989,CUST10989,49,Female,Graduate,Salaried,11.5,901038,Rent,South,603,2,6,1,0.076,497900,36,13.34,16857.87,Personal,Mobile App,0,Paid,Fair,Low DTI
LN20990,CUST10990,28,Male,Graduate,Salaried,2.5,940034,Own,South,744,9,2,2,0.122,206500,36,10.62,6723.45,Business,Branch,0,Paid,Very Good/Excellent,Low DTI
LN20991,CUST10991,31,Male,High School,Self-Employed,11.5,478703,Own,Central,707,2,9,0,0.106,172000,36,9.34,5496.81,Personal,Online,0,Paid,Good,Low DTI
LN20992,CUST10992,61,Female,Graduate,Salaried,8.6,453896,Own,East,796,3,1,0,0.201,268100,48,11.54,6999.7,Personal,Branch,0,Paid,Very Good/Excellent,Medium DTI
LN20993,CUST10993,57,Male,Graduate,Salaried,6.6,235557,Mortgage,North,620,3,5,2,0.273,101400,36,14.11,3471.03,Personal,Online,0,Paid,Fair,Medium DTI
LN20994,CUST10994,34,Female,Post Graduate,Business,0.0,520226,Rent,West,560,4,7,1,0.208,176800,60,14.18,4130.34,Education,Branch,0,Paid,Poor,Medium DTI
LN20995,CUST10995,50,Female,Post Graduate,Self-Employed,14.7,1003647,Mortgage,West,725,11,10,2,0.275,174700,36,9.94,5632.16,Personal,Mobile App,0,Paid,Good,Medium DTI
LN20996,CUST10996,55,Female,Graduate,Self-Employed,5.2,536292,Mortgage,West,701,7,3,2,0.296,260700,36,10.32,8451.28,Personal,Online,0,Paid,Good,Medium DTI
LN20997,CUST10997,41,Male,Graduate,Business,10.2,766608,Rent,East,695,7,2,2,0.098,493100,60,15.57,11878.87,Education,Branch,0,Paid,Good,Low DTI
LN20998,CUST10998,57,Male,High School,Contract,6.4,1105540,Mortgage,East,601,15,3,1,0.158,669800,36,9.55,21471.33,Business,Online,1,Default,Fair,Low DTI
LN20999,CUST10999,25,Male,Graduate,Self-Employed,5.6,736558,Mortgage,West,738,9,12,1,0.347,374600,36,9.79,12050.39,Medical,Mobile App,0,Paid,Good,Medium DTI
LN21000,CUST11000,39,Male,Graduate,Salaried,8.0,777212,Own,West,632,15,7,2,0.11,157500,60,16.24,3850.21,Personal,Online,0,Paid,Fair,Low DTI
LN21001,CUST11001,34,Male,Post Graduate,Business,7.1,284328,Mortgage,East,695,10,1,2,0.332,76700,24,15.77,3747.05,Home,Branch,0,Paid,Good,Medium DTI
LN21002,CUST11002,46,Male,Graduate,Salaried,5.7,502462,Mortgage,West,646,8,8,1,0.055,122300,36,15.36,4261.16,Personal,Online,0,Paid,Fair,Low DTI
LN21003,CUST11003,24,Female,High School,Self-Employed,6.7,1550874,Rent,North,707,6,3,2,0.401,508300,24,12.69,24091.56,Business,Mobile App,0,Paid,Good,High DTI
LN21004,CUST11004,45,Male,High School,Self-Employed,9.1,635250,Rent,North,590,6,5,1,0.279,170100,24,12.7,8062.92,Personal,Online,1,Default,Fair,Medium DTI
LN21005,CUST11005,65,Female,Graduate,Contract,9.5,1702981,Own,Central,717,5,10,2,0.241,463600,12,9.22,40589.82,Personal,Online,0,Paid,Good,Medium DTI
LN21006,CUST11006,62,Male,Graduate,Contract,7.2,403113,Own,Central,729,2,11,1,0.178,184800,12,12.17,16433.96,Business,Online,0,Paid,Good,Low DTI
LN21007,CUST11007,45,Female,Post Graduate,Business,10.1,682390,Rent,West,689,6,5,2,0.037,211100,36,11.02,6913.14,Medical,Mobile App,0,Paid,Good,Low DTI
LN21008,CUST11008,38,Female,Graduate,Salaried,4.9,486120,Mortgage,South,803,6,6,1,0.07,237500,60,12.63,5358.98,Medical,Online,0,Paid,Very Good/Excellent,Low DTI
LN21009,CUST11009,60,Male,Graduate,Self-Employed,18.1,830910,Own,North,696,12,7,2,0.254,518400,36,9.28,16552.62,Home,Online,0,Paid,Good,Medium DTI
LN21010,CUST11010,28,Female,Post Graduate,Salaried,14.4,981601,Own,South,749,5,11,2,0.164,460600,36,11.57,15204.09,Personal,Branch,0,Paid,Very Good/Excellent,Low DTI
LN21011,CUST11011,59,Female,Graduate,Business,10.8,835714,Own,West,687,14,1,3,0.093,439400,36,13.59,14930.3,Business,Mobile App,0,Paid,Good,Low DTI
LN21012,CUST11012,60,Female,Graduate,Business,0.0,1064168,Mortgage,South,742,6,6,0,0.219,559500,60,12.89,12698.86,Personal,Branch,0,Paid,Very Good/Excellent,Medium DTI
LN21013,CUST11013,34,Female,Graduate,Business,10.0,595669,Mortgage,West,565,5,2,2,0.405,187800,60,15.28,4495.4,Education,Online,0,Paid,Poor,High DTI
LN21014,CUST11014,52,Male,Graduate,Salaried,5.3,540308,Rent,West,682,11,10,1,0.276,85100,60,12.78,1926.72,Education,Branch,0,Paid,Good,Medium DTI
LN21015,CUST11015,58,Male,Post Graduate,Salaried,2.1,228132,Rent,West,595,14,3,0,0.097,50000,60,13.77,1157.46,Home,Branch,1,Default,Fair,Low DTI
LN21016,CUST11016,53,Female,Post Graduate,Self-Employed,5.2,852419,Own,Central,691,12,5,2,0.248,248100,24,13.5,11853.48,Home,Branch,0,Paid,Good,Medium DTI
LN21017,CUST11017,43,Female,Graduate,Salaried,2.7,659598,Own,Central,709,4,1,0,0.352,326400,36,12.38,10900.49,Personal,Online,1,Default,Good,Medium DTI
LN21018,CUST11018,35,Female,Post Graduate,Salaried,9.5,578002,Mortgage,West,741,3,7,0,0.309,348700,36,11.94,11571.84,Home,Mobile App,0,Paid,Very Good/Excellent,Medium DTI
LN21019,CUST11019,53,Male,High School,Salaried,15.1,540222,Mortgage,North,717,14,1,1,0.137,340000,36,11.8,11260.41,Business,Online,0,Paid,Good,Low DTI
LN21020,CUST11020,45,Female,Post Graduate,Contract,11.1,587952,Rent,Central,655,1,8,2,0.267,95800,36,12.1,3186.51,Vehicle,Online,0,Paid,Fair,Medium DTI
LN21021,CUST11021,37,Male,High School,Business,20.8,526894,Mortgage,South,623,11,11,0,0.37,339900,24,11.13,15862.53,Home,Online,0,Paid,Fair,Medium DTI
LN21022,CUST11022,53,Male,High School,Self-Employed,0.0,448770,Own,South,504,4,12,3,0.244,139700,24,13.17,6652.75,Vehicle,Mobile App,0,Paid,Poor,Medium DTI
LN21023,CUST11023,22,Male,Post Graduate,Salaried,4.5,684510,Rent,West,685,13,6,3,0.145,391200,60,11.65,8633.0,Personal,Mobile App,0,Paid,Good,Low DTI
LN21024,CUST11024,34,Female,Graduate,Salaried,2.3,783066,Rent,North,765,15,11,4,0.245,188100,36,10.84,6143.91,Vehicle,Mobile App,0,Paid,Very Good/Excellent,Medium DTI
LN21025,CUST11025,60,Male,Graduate,Salaried,13.1,392728,Own,West,688,9,1,1,0.2,71300,36,10.73,2325.16,Home,Online,0,Paid,Good,Medium DTI
LN21026,CUST11026,60,Male,Graduate,Self-Employed,5.9,481317,Own,South,674,7,7,1,0.16,163300,36,10.83,5333.1,Vehicle,Branch,0,Paid,Good,Low DTI
LN21027,CUST11027,59,Female,High School,Business,7.9,536136,Mortgage,West,691,7,10,0,0.192,310700,36,11.59,10258.95,Vehicle,Online,0,Paid,Good,Low DTI
LN21028,CUST11028,26,Male,High School,Salaried,10.2,601590,Own,Central,651,7,3,2,0.441,156700,36,14.09,5362.49,Vehicle,Mobile App,0,Paid,Fair,High DTI
LN21029,CUST11029,26,Male,High School,Salaried,0.0,559156,Mortgage,West,695,14,7,3,0.246,126900,36,8.89,4028.89,Business,Branch,0,Paid,Good,Medium DTI
LN21030,CUST11030,23,Male,Graduate,Salaried,3.9,862449,Rent,South,650,4,11,0,0.326,521700,12,11.34,46191.49,Home,Branch,0,Paid,Fair,Medium DTI
LN21031,CUST11031,27,Male,Graduate,Business,12.0,241804,Own,North,613,12,8,0,0.133,149700,24,13.55,7155.75,Education,Online,0,Paid,Fair,Low DTI
LN21032,CUST11032,28,Male,Graduate,Business,4.3,266576,Rent,Central,674,7,10,2,0.051,50000,36,14.32,1716.66,Vehicle,Branch,0,Paid,Good,Low DTI
LN21033,CUST11033,62,Female,Graduate,Business,0.0,667402,Mortgage,East,673,11,3,1,0.388,342900,48,15.65,9656.53,Education,Branch,0,Paid,Good,Medium DTI
LN21034,CUST11034,35,Female,Post Graduate,Self-Employed,2.5,430718,Own,North,821,2,5,1,0.154,131200,12,9.67,11514.44,Medical,Branch,0,Paid,Very Good/Excellent,Low DTI
LN21035,CUST11035,49,Male,Graduate,Salaried,5.6,975805,Mortgage,West,620,12,10,1,0.05,329200,36,12.66,11038.21,Home,Branch,0,Paid,Fair,Low DTI
LN21036,CUST11036,53,Male,High School,Business,7.8,1141753,Mortgage,North,668,8,2,1,0.237,439100,48,12.27,11621.48,Personal,Branch,0,Paid,Fair,Medium DTI
LN21037,CUST11037,50,Male,Post Graduate,Salaried,6.6,682314,Own,North,661,10,2,2,0.409,247900,48,12.93,6641.93,Personal,Branch,0,Paid,Fair,High DTI
LN21038,CUST11038,59,Male,Graduate,Salaried,3.9,332734,Own,West,646,8,1,1,0.238,135600,24,12.74,6430.12,Vehicle,Mobile App,0,Paid,Fair,Medium DTI
LN21039,CUST11039,47,Male,Post Graduate,Salaried,11.7,1071651,Mortgage,South,718,9,3,1,0.344,472800,48,11.9,12427.44,Vehicle,Online,0,Paid,Good,Medium DTI
LN21040,CUST11040,56,Male,Graduate,Salaried,6.4,669363,Rent,South,848,5,4,2,0.107,256200,60,7.78,5167.88,Personal,Online,0,Paid,Very Good/Excellent,Low DTI
LN21041,CUST11041,49,Female,Post Graduate,Salaried,8.0,264837,Mortgage,West,656,10,3,1,0.279,132600,60,10.17,2828.46,Personal,Branch,0,Paid,Fair,Medium DTI
LN21042,CUST11042,58,Male,High School,Business,4.2,278034,Own,Central,719,8,11,1,0.384,141600,48,12.79,3784.03,Medical,Online,1,Default,Good,Medium DTI
LN21043,CUST11043,53,Female,Post Graduate,Salaried,14.5,1381949,Rent,West,537,2,8,5,0.156,511600,48,14.16,14021.32,Home,Online,0,Paid,Poor,Low DTI
LN21044,CUST11044,57,Male,High School,Business,5.0,1261497,Rent,East,650,10,1,1,0.318,279100,24,14.0,13400.4,Vehicle,Online,1,Default,Fair,Medium DTI
LN21045,CUST11045,47,Male,High School,Business,7.4,180000,Mortgage,West,797,10,5,1,0.218,84700,36,10.88,2768.16,Personal,Branch,0,Paid,Very Good/Excellent,Medium DTI
LN21046,CUST11046,53,Female,High School,Salaried,12.2,284333,Mortgage,West,676,8,7,5,0.312,152500,48,10.21,3883.19,Personal,Online,0,Paid,Good,Medium DTI
LN21047,CUST11047,24,Male,Graduate,Salaried,8.4,1123720,Mortgage,West,718,10,9,2,0.316,527100,36,14.06,18030.39,Home,Branch,0,Paid,Good,Medium DTI
LN21048,CUST11048,42,Female,Graduate,Self-Employed,8.3,593928,Rent,South,633,9,1,2,0.325,263700,36,13.05,8891.45,Personal,Mobile App,0,Paid,Fair,Medium DTI
LN21049,CUST11049,22,Male,Post Graduate,Business,0.0,882666,Own,North,699,6,9,1,0.408,233600,48,10.89,6025.04,Medical,Mobile App,0,Paid,Good,High DTI
LN21050,CUST11050,30,Female,Post Graduate,Salaried,10.4,579900,Rent,West,802,6,11,3,0.1,274000,60,9.67,5777.3,Education,Mobile App,0,Paid,Very Good/Excellent,Low DTI
LN21051,CUST11051,25,Male,Post Graduate,Business,7.3,859973,Mortgage,North,593,4,9,0,0.143,273000,36,11.79,9040.15,Vehicle,Online,0,Paid,Fair,Low DTI
LN21052,CUST11052,30,Female,Post Graduate,Self-Employed,9.7,601928,Rent,East,844,13,4,4,0.204,367000,24,10.34,16992.84,Education,Online,0,Paid,Very Good/Excellent,Medium DTI
LN21053,CUST11053,53,Male,Post Graduate,Contract,7.9,471654,Rent,South,564,8,10,1,0.346,224900,36,13.87,7672.36,Personal,Online,0,Paid,Poor,Medium DTI
LN21054,CUST11054,58,Male,Post Graduate,Business,4.2,1074100,Mortgage,South,644,7,5,1,0.203,310500,24,15.87,15183.77,Business,Mobile App,0,Paid,Fair,Medium DTI
LN21055,CUST11055,33,Female,Post Graduate,Salaried,11.5,670524,Rent,East,617,12,6,0,0.16,259100,36,14.02,8857.94,Business,Branch,0,Paid,Fair,Low DTI
LN21056,CUST11056,51,Female,Post Graduate,Salaried,8.0,858978,Rent,Central,660,9,4,1,0.207,492400,24,15.54,24001.35,Business,Online,0,Paid,Fair,Medium DTI
LN21057,CUST11057,56,Female,Graduate,Salaried,0.6,654274,Own,West,616,1,6,2,0.258,207900,36,11.82,6887.4,Vehicle,Branch,0,Paid,Fair,Medium DTI
LN21058,CUST11058,65,Male,High School,Salaried,13.5,459176,Own,North,611,10,5,2,0.107,189500,36,12.84,6370.41,Home,Online,0,Paid,Fair,Low DTI
LN21059,CUST11059,44,Female,Graduate,Business,0.0,1453230,Mortgage,Central,591,8,3,3,0.21,711800,12,14.97,64235.79,Vehicle,Branch,0,Paid,Fair,Medium DTI
LN21060,CUST11060,35,Male,High School,Contract,11.5,729356,Rent,East,728,8,3,1,0.279,384600,24,12.46,18187.19,Home,Online,0,Paid,Good,Medium DTI
LN21061,CUST11061,49,Male,High School,Contract,14.4,493564,Mortgage,North,662,15,9,2,0.17,116900,36,12.55,3913.53,Education,Online,0,Paid,Fair,Low DTI
LN21062,CUST11062,28,Male,Post Graduate,Salaried,1.5,1211980,Own,East,643,9,5,2,0.337,524300,36,11.24,17224.56,Home,Online,0,Paid,Fair,Medium DTI
LN21063,CUST11063,25,Male,Graduate,Salaried,6.4,290173,Mortgage,North,701,7,11,2,0.145,175900,48,8.72,4353.93,Vehicle,Online,0,Paid,Good,Low DTI
LN21064,CUST11064,49,Female,Graduate,Self-Employed,5.9,2052647,Own,South,568,9,3,4,0.307,1200000,36,13.65,40809.46,Personal,Branch,0,Paid,Poor,Medium DTI
LN21065,CUST11065,24,Female,Post Graduate,Salaried,6.1,543700,Mortgage,West,703,10,8,2,0.161,259900,36,11.69,8593.97,Education,Branch,0,Paid,Good,Low DTI
LN21066,CUST11066,32,Male,Graduate,Salaried,16.2,298725,Mortgage,West,673,8,8,2,0.179,191700,36,12.6,6422.26,Home,Online,0,Paid,Good,Low DTI
LN21067,CUST11067,65,Male,Graduate,Business,1.5,1711623,Mortgage,East,675,9,3,4,0.371,745200,12,10.21,65587.72,Home,Branch,0,Paid,Good,Medium DTI
LN21068,CUST11068,22,Male,Graduate,Business,5.5,465070,Rent,South,719,9,7,1,0.118,172700,48,10.4,4413.37,Personal,Online,0,Paid,Good,Low DTI
LN21069,CUST11069,47,Male,Graduate,Business,14.5,685888,Mortgage,South,803,1,9,0,0.274,292000,12,11.04,25812.89,Home,Branch,0,Paid,Very Good/Excellent,Medium DTI
LN21070,CUST11070,51,Male,Graduate,Salaried,5.4,890390,Own,Central,704,3,3,2,0.271,185100,60,12.82,4194.56,Personal,Online,0,Paid,Good,Medium DTI
LN21071,CUST11071,56,Female,High School,Self-Employed,2.3,1150814,Mortgage,South,665,15,8,0,0.084,403800,36,12.83,13572.58,Business,Online,0,Paid,Fair,Low DTI
LN21072,CUST11072,56,Female,Graduate,Business,8.3,707548,Mortgage,East,591,6,12,0,0.152,268300,36,13.12,9055.6,Personal,Online,0,Paid,Fair,Low DTI
LN21073,CUST11073,46,Male,Post Graduate,Salaried,11.0,420274,Rent,East,501,12,12,2,0.163,241400,48,13.2,6500.15,Business,Branch,0,Paid,Poor,Low DTI
LN21074,CUST11074,63,Female,Graduate,Business,5.0,676800,Mortgage,North,690,11,1,3,0.202,358200,60,13.58,8256.9,Education,Mobile App,1,Default,Good,Medium DTI
LN21075,CUST11075,47,Female,Graduate,Salaried,9.8,476423,Rent,Central,586,15,12,1,0.148,214700,60,14.8,5085.19,Home,Online,0,Paid,Fair,Low DTI
LN21076,CUST11076,25,Male,Post Graduate,Business,0.1,688067,Rent,North,489,7,3,0,0.143,222700,36,14.3,7643.85,Business,Online,0,Paid,Poor,Low DTI
LN21077,CUST11077,40,Male,Graduate,Business,0.4,1469110,Mortgage,West,654,4,12,4,0.194,357800,24,13.94,17168.87,Business,Online,0,Paid,Fair,Low DTI
LN21078,CUST11078,31,Male,Graduate,Salaried,4.8,909312,Rent,West,698,10,4,3,0.286,294500,60,11.93,6540.58,Personal,Online,0,Paid,Good,Medium DTI
LN21079,CUST11079,30,Male,High School,Business,10.0,672220,Own,West,736,2,3,4,0.179,329300,12,10.44,29018.13,Business,Online,0,Paid,Good,Low DTI
LN21080,CUST11080,60,Male,Post Graduate,Salaried,10.8,900635,Mortgage,West,760,14,9,2,0.184,253500,60,12.49,5701.94,Personal,Online,0,Paid,Very Good/Excellent,Low DTI
LN21081,CUST11081,58,Female,Graduate,Self-Employed,1.1,936804,Own,West,746,12,12,2,0.188,340500,48,11.46,8876.66,Education,Mobile App,0,Paid,Very Good/Excellent,Low DTI
LN21082,CUST11082,26,Female,High School,Business,10.6,331656,Own,South,748,4,10,2,0.233,113900,60,10.64,2456.06,Personal,Online,0,Paid,Very Good/Excellent,Medium DTI
LN21083,CUST11083,28,Female,High School,Business,7.8,613928,Mortgage,Central,570,6,5,0,0.199,327100,60,12.03,7281.12,Education,Branch,0,Paid,Poor,Low DTI
LN21084,CUST11084,43,Female,Post Graduate,Contract,2.6,2456075,Own,Central,669,13,3,0,0.1,1200000,12,10.68,105878.96,Personal,Online,0,Paid,Fair,Low DTI
LN21085,CUST11085,46,Female,High School,Salaried,0.3,1169090,Own,South,723,4,3,3,0.082,584200,36,12.93,19664.32,Home,Online,0,Paid,Good,Low DTI
LN21086,CUST11086,63,Male,Post Graduate,Salaried,8.1,454883,Mortgage,East,683,12,11,0,0.311,145900,24,12.93,6931.56,Education,Mobile App,0,Paid,Good,Medium DTI
LN21087,CUST11087,32,Male,Graduate,Business,13.4,430594,Mortgage,East,668,10,2,1,0.058,157900,12,10.73,13935.59,Vehicle,Branch,0,Paid,Fair,Low DTI
LN21088,CUST11088,46,Male,Graduate,Self-Employed,7.2,422775,Own,South,682,2,10,0,0.065,93700,36,10.49,3045.04,Home,Online,0,Paid,Good,Low DTI
LN21089,CUST11089,33,Male,Graduate,Business,2.3,966234,Mortgage,North,698,9,6,0,0.365,226100,24,15.18,10982.18,Education,Online,0,Paid,Good,Medium DTI
LN21090,CUST11090,60,Female,Graduate,Salaried,0.0,1452632,Mortgage,South,674,1,9,5,0.105,337200,48,13.09,9061.3,Vehicle,Online,0,Paid,Good,Low DTI
LN21091,CUST11091,38,Male,Graduate,Business,14.6,826435,Mortgage,West,617,15,7,1,0.186,177900,60,15.06,4237.83,Personal,Online,0,Paid,Fair,Low DTI
LN21092,CUST11092,45,Male,Graduate,Business,12.2,654171,Own,East,552,15,2,1,0.108,156900,36,16.46,5551.84,Personal,Mobile App,0,Paid,Poor,Low DTI
LN21093,CUST11093,53,Female,Graduate,Business,8.5,469958,Mortgage,Central,665,10,9,0,0.143,118100,24,11.13,5511.52,Business,Branch,0,Paid,Fair,Low DTI
LN21094,CUST11094,60,Female,Graduate,Business,14.4,719161,Mortgage,West,684,7,3,0,0.06,148100,60,14.85,3511.64,Personal,Mobile App,0,Paid,Good,Low DTI
LN21095,CUST11095,63,Male,Graduate,Salaried,8.1,382169,Mortgage,South,683,9,7,3,0.18,179700,60,10.64,3874.93,Education,Online,0,Paid,Good,Low DTI
LN21096,CUST11096,32,Male,Graduate,Salaried,4.3,206905,Rent,North,751,3,10,0,0.396,133500,48,12.33,3537.24,Personal,Branch,0,Paid,Very Good/Excellent,Medium DTI
LN21097,CUST11097,64,Male,Graduate,Salaried,9.8,1476137,Own,East,765,11,7,0,0.081,870300,36,10.85,28430.72,Business,Online,0,Paid,Very Good/Excellent,Low DTI
LN21098,CUST11098,56,Male,Graduate,Salaried,2.9,345065,Mortgage,Central,672,6,4,1,0.238,59600,60,13.51,1371.69,Vehicle,Mobile App,0,Paid,Good,Medium DTI
LN21099,CUST11099,24,Female,High School,Salaried,2.0,501835,Own,West,673,9,4,1,0.238,181400,24,12.09,8546.75,Education,Online,0,Paid,Good,Medium DTI
LN21100,CUST11100,25,Female,Post Graduate,Contract,10.9,860855,Mortgage,West,723,9,12,4,0.306,499000,60,12.48,11221.4,Education,Branch,0,Paid,Good,Medium DTI
LN21101,CUST11101,57,Male,Graduate,Self-Employed,11.3,1320659,Own,West,712,15,2,2,0.116,287000,60,13.86,6657.18,Medical,Online,0,Paid,Good,Low DTI
LN21102,CUST11102,28,Male,Graduate,Business,0.6,691146,Rent,East,647,4,2,1,0.247,396600,60,14.47,9325.11,Personal,Branch,0,Paid,Fair,Medium DTI
LN21103,CUST11103,62,Male,Graduate,Contract,0.8,311185,Mortgage,North,729,12,2,1,0.259,138900,24,11.47,6504.18,Education,Branch,0,Paid,Good,Medium DTI
LN21104,CUST11104,48,Female,Post Graduate,Salaried,4.8,508360,Rent,South,669,8,12,0,0.336,313000,60,11.03,6810.06,Vehicle,Branch,0,Paid,Fair,Medium DTI
LN21105,CUST11105,51,Male,High School,Salaried,3.4,413130,Rent,East,671,8,11,3,0.237,242900,36,11.99,8066.6,Vehicle,Online,0,Paid,Good,Medium DTI
LN21106,CUST11106,29,Female,Post Graduate,Salaried,9.4,587522,Rent,South,713,11,5,1,0.252,287000,36,12.47,9597.06,Business,Branch,0,Paid,Good,Medium DTI
LN21107,CUST11107,49,Male,Graduate,Self-Employed,7.2,1181478,Own,West,657,7,3,1,0.141,565800,60,13.62,13053.98,Vehicle,Online,0,Paid,Fair,Low DTI
LN21108,CUST11108,34,Male,Graduate,Salaried,12.8,180000,Mortgage,South,687,6,10,1,0.058,50000,12,13.8,4484.65,Education,Online,0,Paid,Good,Low DTI
LN21109,CUST11109,60,Male,Graduate,Business,8.6,478504,Mortgage,North,702,3,7,2,0.281,99700,36,10.87,3257.92,Business,Branch,0,Paid,Good,Medium DTI
LN21110,CUST11110,61,Female,Graduate,Salaried,3.8,459759,Mortgage,West,741,12,7,3,0.082,164500,60,9.99,3494.33,Business,Mobile App,0,Paid,Very Good/Excellent,Low DTI
LN21111,CUST11111,42,Male,High School,Salaried,0.0,300579,Mortgage,West,736,15,6,0,0.225,73100,60,9.93,1550.64,Education,Mobile App,0,Paid,Good,Medium DTI
LN21112,CUST11112,31,Female,Post Graduate,Salaried,7.9,827947,Own,South,700,4,8,1,0.127,166600,60,11.7,3680.72,Education,Online,0,Paid,Good,Low DTI
LN21113,CUST11113,43,Male,Graduate,Self-Employed,0.0,275529,Rent,Central,484,14,11,3,0.403,83000,24,15.56,4046.51,Personal,Mobile App,1,Default,Poor,High DTI
LN21114,CUST11114,21,Male,Graduate,Business,3.7,293532,Rent,South,698,12,4,1,0.327,170300,48,12.58,4533.3,Business,Mobile App,0,Paid,Good,Medium DTI
LN21115,CUST11115,57,Male,Graduate,Contract,3.4,958163,Mortgage,West,710,9,9,0,0.24,151900,24,9.73,6990.5,Vehicle,Online,0,Paid,Good,Medium DTI
LN21116,CUST11116,41,Female,Graduate,Business,4.5,1369559,Mortgage,Central,725,10,12,0,0.046,405800,48,10.19,10329.2,Personal,Branch,0,Paid,Good,Low DTI
LN21117,CUST11117,46,Female,Post Graduate,Salaried,0.4,575406,Rent,North,608,7,12,0,0.124,208300,24,12.33,9837.54,Business,Mobile App,0,Paid,Fair,Low DTI
LN21118,CUST11118,56,Male,High School,Self-Employed,3.4,307158,Mortgage,Central,521,11,10,1,0.229,124500,48,17.32,3613.1,Education,Branch,1,Default,Poor,Medium DTI
LN21119,CUST11119,43,Male,Post Graduate,Salaried,12.7,407025,Rent,West,740,8,10,0,0.06,98000,36,10.83,3200.51,Business,Online,0,Paid,Very Good/Excellent,Low DTI
LN21120,CUST11120,21,Female,High School,Salaried,12.7,1044539,Rent,North,588,13,5,1,0.13,660300,60,11.46,14508.46,Personal,Branch,0,Paid,Fair,Low DTI
LN21121,CUST11121,60,Male,Graduate,Self-Employed,14.7,639682,Mortgage,West,772,6,4,0,0.098,281100,36,11.49,9268.22,Education,Online,0,Paid,Very Good/Excellent,Low DTI
LN21122,CUST11122,35,Male,Graduate,Salaried,7.1,567567,Mortgage,Central,637,15,3,4,0.025,233300,36,12.78,7836.1,Vehicle,Online,0,Paid,Fair,Low DTI
LN21123,CUST11123,41,Male,Graduate,Salaried,8.4,712733,Rent,West,603,12,9,4,0.18,110100,36,11.69,3640.62,Personal,Mobile App,0,Paid,Fair,Low DTI
LN21124,CUST11124,29,Female,High School,Salaried,12.8,587700,Mortgage,West,706,1,12,5,0.164,230900,48,11.2,5990.18,Business,Online,0,Paid,Good,Low DTI
LN21125,CUST11125,29,Female,Graduate,Contract,0.0,1403987,Own,North,726,11,4,3,0.278,798600,36,11.1,26182.97,Personal,Mobile App,0,Paid,Good,Medium DTI
LN21126,CUST11126,30,Male,Post Graduate,Business,11.0,397383,Rent,North,722,12,9,1,0.271,103200,12,11.49,9144.59,Vehicle,Online,0,Paid,Good,Medium DTI
LN21127,CUST11127,46,Male,Graduate,Salaried,13.5,373065,Own,East,718,9,11,2,0.269,121500,36,13.12,4100.84,Home,Branch,0,Paid,Good,Medium DTI
LN21128,CUST11128,61,Male,High School,Contract,2.6,280348,Rent,East,627,11,1,2,0.123,50000,60,13.94,1161.86,Personal,Branch,0,Paid,Fair,Low DTI
LN21129,CUST11129,55,Male,High School,Contract,13.9,445829,Mortgage,Central,565,3,5,2,0.186,284600,24,14.21,13692.72,Home,Mobile App,0,Paid,Poor,Low DTI
LN21130,CUST11130,45,Male,Graduate,Business,17.3,329094,Own,East,651,13,1,1,0.237,60300,24,14.21,2901.16,Education,Mobile App,0,Paid,Fair,Medium DTI
LN21131,CUST11131,46,Male,High School,Self-Employed,10.9,676459,Rent,South,594,13,9,1,0.307,405300,36,12.98,13652.25,Education,Mobile App,0,Paid,Fair,Medium DTI
LN21132,CUST11132,31,Female,High School,Salaried,10.0,606953,Mortgage,North,712,3,12,1,0.199,186000,60,10.73,4019.09,Personal,Branch,0,Paid,Good,Low DTI
LN21133,CUST11133,58,Female,Graduate,Salaried,1.4,331437,Mortgage,North,746,9,7,0,0.131,147100,24,11.77,6908.72,Business,Online,0,Paid,Very Good/Excellent,Low DTI
LN21134,CUST11134,22,Male,High School,Salaried,12.3,829610,Own,North,693,4,12,1,0.249,406200,60,12.45,9128.34,Personal,Branch,0,Paid,Good,Medium DTI
LN21135,CUST11135,27,Female,High School,Contract,1.9,1381848,Mortgage,East,680,15,10,1,0.252,304600,60,10.09,6485.35,Personal,Online,0,Paid,Good,Medium DTI
LN21136,CUST11136,38,Female,Graduate,Business,8.8,730508,Own,North,657,8,9,2,0.133,271700,24,14.88,13158.34,Vehicle,Online,1,Default,Fair,Low DTI
LN21137,CUST11137,47,Male,Graduate,Salaried,9.4,180000,Own,Central,754,15,5,3,0.259,56300,36,9.66,1807.67,Business,Online,0,Paid,Very Good/Excellent,Medium DTI
LN21138,CUST11138,54,Male,High School,Self-Employed,0.0,1789787,Own,East,543,14,10,0,0.088,319100,48,15.15,8905.07,Home,Online,0,Paid,Poor,Low DTI
LN21139,CUST11139,47,Male,Graduate,Self-Employed,9.0,904821,Own,Central,590,12,9,1,0.054,512700,60,14.48,12057.6,Home,Online,0,Paid,Fair,Low DTI
LN21140,CUST11140,37,Female,Graduate,Business,20.1,1759807,Mortgage,South,817,11,4,2,0.223,303700,48,5.62,7079.61,Home,Online,0,Paid,Very Good/Excellent,Medium DTI
LN21141,CUST11141,63,Male,High School,Salaried,0.0,1093160,Mortgage,East,586,15,3,1,0.34,521000,36,14.05,17819.2,Home,Online,0,Paid,Fair,Medium DTI
LN21142,CUST11142,64,Female,Graduate,Business,6.7,1220131,Mortgage,East,720,12,2,0,0.207,374600,24,14.16,18013.95,Medical,Online,0,Paid,Good,Medium DTI
LN21143,CUST11143,44,Female,Graduate,Salaried,0.0,671710,Mortgage,Central,735,13,4,2,0.153,165300,36,10.41,5365.64,Business,Online,0,Paid,Good,Low DTI
LN21144,CUST11144,45,Male,High School,Salaried,2.5,519396,Rent,West,536,4,3,2,0.285,251200,36,11.61,8296.72,Education,Branch,0,Paid,Poor,Medium DTI
LN21145,CUST11145,27,Female,Graduate,Business,0.0,736821,Own,East,550,2,9,3,0.397,322200,36,14.07,11022.99,Medical,Online,0,Paid,Poor,Medium DTI
LN21146,CUST11146,26,Female,Post Graduate,Salaried,7.8,406302,Mortgage,East,775,13,12,3,0.526,125000,36,11.57,4126.16,Medical,Online,0,Paid,Very Good/Excellent,High DTI
LN21147,CUST11147,44,Male,Post Graduate,Business,11.0,761709,Rent,South,607,5,12,1,0.437,309600,24,13.26,14756.79,Personal,Online,0,Paid,Fair,High DTI
LN21148,CUST11148,53,Female,Graduate,Salaried,9.0,180000,Own,West,609,11,12,1,0.292,50000,36,11.94,1659.28,Vehicle,Online,0,Paid,Fair,Medium DTI
LN21149,CUST11149,49,Male,High School,Contract,2.3,614336,Mortgage,Central,641,3,8,1,0.214,357500,24,11.34,16718.79,Vehicle,Mobile App,0,Paid,Fair,Medium DTI
LN21150,CUST11150,63,Female,Graduate,Business,4.0,1257023,Mortgage,North,607,4,12,1,0.139,385800,12,10.96,34090.45,Personal,Online,0,Paid,Fair,Low DTI
LN21151,CUST11151,42,Male,High School,Salaried,8.4,631943,Own,West,719,12,1,1,0.173,172300,60,8.9,3568.31,Personal,Branch,0,Paid,Good,Low DTI
LN21152,CUST11152,46,Female,Graduate,Business,2.5,1551605,Own,East,591,3,2,2,0.269,816000,24,13.12,38840.14,Business,Online,0,Paid,Fair,Medium DTI
LN21153,CUST11153,48,Male,Post Graduate,Salaried,0.4,518982,Rent,Central,533,1,3,0,0.424,82400,36,15.14,2862.08,Personal,Online,0,Paid,Poor,High DTI
LN21154,CUST11154,41,Male,Graduate,Self-Employed,5.8,1041469,Mortgage,North,767,4,6,0,0.422,295800,24,11.23,13818.21,Personal,Online,0,Paid,Very Good/Excellent,High DTI
LN21155,CUST11155,27,Male,Graduate,Salaried,2.3,370140,Mortgage,North,595,9,5,1,0.172,125000,36,13.95,4269.17,Business,Online,1,Default,Fair,Low DTI
LN21156,CUST11156,37,Male,High School,Salaried,9.1,1018418,Rent,North,624,7,11,0,0.219,602000,36,14.09,20601.26,Personal,Online,1,Default,Fair,Medium DTI
LN21157,CUST11157,40,Female,High School,Contract,13.5,681882,Rent,North,742,13,5,0,0.377,426300,24,13.33,20333.22,Vehicle,Mobile App,0,Paid,Very Good/Excellent,Medium DTI
LN21158,CUST11158,61,Male,Post Graduate,Salaried,20.0,531693,Mortgage,West,685,6,6,2,0.297,270200,12,12.27,24041.08,Home,Mobile App,0,Paid,Good,Medium DTI
LN21159,CUST11159,40,Female,Graduate,Self-Employed,8.7,180000,Mortgage,North,763,14,12,0,0.079,71300,60,11.57,1570.58,Personal,Online,0,Paid,Very Good/Excellent,Low DTI
LN21160,CUST11160,42,Female,Graduate,Salaried,10.2,521663,Mortgage,West,743,10,8,1,0.255,245300,12,11.88,21780.84,Medical,Online,0,Paid,Very Good/Excellent,Medium DTI
LN21161,CUST11161,48,Female,Graduate,Self-Employed,4.0,674741,Mortgage,Central,646,9,1,3,0.072,240900,12,13.03,21519.92,Business,Online,0,Paid,Fair,Low DTI
LN21162,CUST11162,60,Female,Graduate,Salaried,4.3,946452,Mortgage,North,757,4,5,2,0.197,283400,60,11.17,6185.86,Education,Online,0,Paid,Very Good/Excellent,Low DTI
LN21163,CUST11163,27,Male,Graduate,Salaried,13.4,1415803,Own,North,693,6,6,1,0.224,885400,36,12.26,29518.02,Personal,Mobile App,0,Paid,Good,Medium DTI
LN21164,CUST11164,21,Male,Graduate,Salaried,5.6,1837567,Mortgage,Central,635,15,11,1,0.101,381700,48,15.32,10685.02,Business,Mobile App,0,Paid,Fair,Low DTI
LN21165,CUST11165,52,Male,Graduate,Salaried,7.4,1190795,Mortgage,West,702,3,10,2,0.308,384900,24,14.12,18501.99,Personal,Online,0,Paid,Good,Medium DTI
LN21166,CUST11166,33,Male,Graduate,Contract,13.1,440443,Rent,North,582,3,11,0,0.336,264100,24,11.21,12334.9,Personal,Mobile App,1,Default,Fair,Medium DTI
LN21167,CUST11167,50,Male,High School,Contract,5.7,507394,Rent,South,743,10,6,3,0.233,259600,36,11.68,8582.81,Personal,Branch,0,Paid,Very Good/Excellent,Medium DTI
LN21168,CUST11168,43,Female,Graduate,Business,14.5,900845,Mortgage,Central,733,10,9,3,0.063,148200,60,11.52,3260.79,Business,Branch,0,Paid,Good,Low DTI
LN21169,CUST11169,39,Male,High School,Salaried,9.9,798486,Mortgage,South,689,8,10,2,0.248,129000,12,14.06,11586.18,Personal,Online,0,Paid,Good,Medium DTI
LN21170,CUST11170,52,Male,Post Graduate,Salaried,9.3,1469268,Own,West,536,5,7,2,0.191,599800,36,14.41,20619.39,Vehicle,Online,0,Paid,Poor,Low DTI
LN21171,CUST11171,50,Female,Graduate,Self-Employed,3.8,2346298,Mortgage,South,767,15,4,2,0.351,920000,12,11.37,81469.99,Business,Branch,0,Paid,Very Good/Excellent,Medium DTI
LN21172,CUST11172,49,Female,Post Graduate,Contract,9.5,2087826,Mortgage,South,713,8,7,0,0.335,775600,24,10.83,36087.85,Home,Branch,0,Paid,Good,Medium DTI
LN21173,CUST11173,65,Female,Graduate,Self-Employed,4.9,1364571,Mortgage,Central,678,9,7,1,0.321,411000,60,13.55,9467.64,Personal,Mobile App,0,Paid,Good,Medium DTI
LN21174,CUST11174,49,Female,High School,Salaried,9.3,802134,Rent,North,666,2,11,1,0.083,516000,24,10.64,23963.49,Home,Branch,0,Paid,Fair,Low DTI
LN21175,CUST11175,50,Male,Graduate,Business,6.5,1260241,Own,South,640,13,11,0,0.092,360400,60,12.44,8097.26,Medical,Online,0,Paid,Fair,Low DTI
LN21176,CUST11176,36,Male,Graduate,Salaried,11.8,1496257,Mortgage,East,654,7,6,3,0.061,591100,24,11.11,27580.09,Medical,Mobile App,0,Paid,Fair,Low DTI
LN21177,CUST11177,60,Male,Graduate,Business,6.8,553308,Mortgage,West,738,13,8,1,0.025,195000,60,10.98,4237.83,Vehicle,Online,0,Paid,Good,Low DTI
LN21178,CUST11178,39,Male,Graduate,Contract,17.2,447630,Own,North,641,13,8,0,0.309,105200,36,12.06,3497.16,Education,Online,0,Paid,Fair,Medium DTI
LN21179,CUST11179,38,Male,High School,Contract,5.6,393408,Mortgage,South,659,14,10,5,0.123,98900,60,13.87,2294.57,Personal,Branch,0,Paid,Fair,Low DTI
LN21180,CUST11180,21,Female,Post Graduate,Salaried,4.3,370524,Mortgage,South,670,14,12,3,0.227,225700,24,12.12,10637.14,Education,Online,0,Paid,Good,Medium DTI
LN21181,CUST11181,34,Male,Post Graduate,Self-Employed,8.7,280573,Rent,North,672,12,6,1,0.162,162500,48,14.66,4494.54,Vehicle,Mobile App,0,Paid,Good,Low DTI
LN21182,CUST11182,22,Male,Graduate,Self-Employed,12.4,688404,Own,South,634,2,11,0,0.084,171800,48,12.63,4577.48,Personal,Online,0,Paid,Fair,Low DTI
LN21183,CUST11183,48,Female,Post Graduate,Salaried,12.4,346217,Mortgage,Central,667,14,2,2,0.253,203500,36,10.87,6649.81,Business,Online,0,Paid,Fair,Medium DTI
LN21184,CUST11184,50,Male,High School,Self-Employed,7.8,389940,Rent,South,706,7,5,0,0.288,99300,60,11.55,2186.36,Personal,Online,0,Paid,Good,Medium DTI
LN21185,CUST11185,58,Male,High School,Self-Employed,8.7,882378,Rent,East,612,11,1,0,0.377,408800,48,14.04,11179.27,Education,Branch,0,Paid,Fair,Medium DTI
LN21186,CUST11186,24,Female,Graduate,Salaried,8.7,663026,Rent,South,668,13,10,0,0.103,126400,60,15.01,3007.71,Vehicle,Online,0,Paid,Fair,Low DTI
LN21187,CUST11187,21,Female,Graduate,Salaried,1.6,759928,Mortgage,North,825,3,10,1,0.21,448500,36,9.16,14295.6,Personal,Online,0,Paid,Very Good/Excellent,Medium DTI
LN21188,CUST11188,28,Male,Graduate,Salaried,12.1,1271257,Own,South,675,8,12,1,0.078,223400,36,14.86,7728.93,Personal,Branch,0,Paid,Good,Low DTI
LN21189,CUST11189,49,Male,Graduate,Contract,0.7,965283,Rent,East,610,4,10,3,0.076,412600,60,13.07,9402.71,Personal,Online,1,Default,Fair,Low DTI
LN21190,CUST11190,59,Female,High School,Business,1.6,1383425,Own,South,601,9,12,2,0.153,746800,24,12.82,35441.13,Vehicle,Online,0,Paid,Fair,Low DTI
LN21191,CUST11191,23,Male,High School,Business,7.3,626981,Rent,West,585,12,11,2,0.134,130700,36,14.89,4523.72,Home,Branch,0,Paid,Fair,Low DTI
LN21192,CUST11192,52,Female,High School,Salaried,5.4,1455951,Own,Central,802,4,9,0,0.21,512800,60,12.61,11565.65,Medical,Online,0,Paid,Very Good/Excellent,Medium DTI
LN21193,CUST11193,30,Female,Post Graduate,Self-Employed,11.0,731272,Own,North,756,2,4,1,0.127,125000,36,12.0,4151.79,Business,Mobile App,0,Paid,Very Good/Excellent,Low DTI
LN21194,CUST11194,30,Female,Graduate,Salaried,9.2,658338,Mortgage,West,583,13,1,4,0.284,323500,24,11.63,15172.43,Home,Online,0,Paid,Fair,Medium DTI
LN21195,CUST11195,39,Female,Post Graduate,Self-Employed,7.7,1340461,Mortgage,North,696,4,3,0,0.138,407100,36,12.56,13630.69,Personal,Online,0,Paid,Good,Low DTI
LN21196,CUST11196,54,Female,Graduate,Self-Employed,1.4,371387,Rent,North,772,5,10,5,0.253,159600,60,14.18,3728.52,Medical,Online,0,Paid,Very Good/Excellent,Medium DTI
LN21197,CUST11197,53,Male,High School,Business,7.1,1826049,Rent,North,677,8,2,0,0.243,1125500,60,8.93,23325.31,Education,Online,0,Paid,Good,Medium DTI
LN21198,CUST11198,43,Female,Graduate,Salaried,6.7,513769,Mortgage,East,643,3,9,0,0.321,155600,60,13.42,3573.92,Personal,Mobile App,0,Paid,Fair,Medium DTI
LN21199,CUST11199,48,Male,Graduate,Salaried,8.1,307038,Own,North,848,9,7,1,0.157,53500,48,9.35,1340.26,Business,Branch,0,Paid,Very Good/Excellent,Low DTI
LN21200,CUST11200,52,Female,Graduate,Contract,4.8,859504,Mortgage,West,537,15,10,0,0.348,419300,36,13.04,14135.95,Personal,Online,0,Paid,Poor,Medium DTI
LN21201,CUST11201,27,Female,Graduate,Contract,9.6,487555,Rent,North,850,9,10,3,0.211,264900,24,11.3,12383.34,Home,Online,0,Paid,Very Good/Excellent,Medium DTI
LN21202,CUST11202,49,Male,Graduate,Salaried,5.3,1828267,Mortgage,East,684,11,12,1,0.161,1149900,24,9.63,52865.89,Education,Online,0,Paid,Good,Low DTI
LN21203,CUST11203,28,Female,Graduate,Salaried,9.1,472876,Own,West,777,10,6,2,0.219,108200,12,10.32,9528.61,Vehicle,Branch,0,Paid,Very Good/Excellent,Medium DTI
LN21204,CUST11204,21,Male,High School,Salaried,11.0,713282,Mortgage,South,590,3,4,1,0.144,246800,12,15.15,22293.22,Home,Branch,0,Paid,Fair,Low DTI
LN21205,CUST11205,23,Female,Post Graduate,Self-Employed,4.3,273925,Mortgage,East,626,8,11,1,0.156,156700,60,14.44,3681.98,Home,Online,0,Paid,Fair,Low DTI
LN21206,CUST11206,44,Male,Graduate,Business,3.1,938265,Mortgage,South,599,6,4,1,0.362,519300,60,14.41,12193.87,Vehicle,Online,0,Paid,Fair,Medium DTI
LN21207,CUST11207,43,Male,Graduate,Business,9.4,391257,Rent,North,672,11,12,0,0.317,180900,36,12.68,6067.39,Vehicle,Branch,0,Paid,Good,Medium DTI
LN21208,CUST11208,28,Male,Graduate,Salaried,0.4,878537,Own,West,703,6,12,2,0.171,250100,60,11.77,5534.31,Business,Branch,0,Paid,Good,Low DTI
LN21209,CUST11209,57,Male,High School,Business,12.6,474063,Rent,South,760,2,7,3,0.218,138400,60,10.39,2967.22,Home,Online,0,Paid,Very Good/Excellent,Medium DTI
LN21210,CUST11210,23,Male,Post Graduate,Salaried,7.1,194633,Own,West,552,8,8,2,0.254,50000,48,12.76,1335.43,Education,Online,0,Paid,Poor,Medium DTI
LN21211,CUST11211,53,Male,Graduate,Salaried,6.4,644893,Mortgage,North,692,7,4,1,0.246,394000,36,13.34,13340.03,Education,Mobile App,1,Default,Good,Medium DTI
LN21212,CUST11212,48,Male,Graduate,Salaried,9.7,629210,Mortgage,South,747,2,7,2,0.309,148800,24,11.61,6977.46,Personal,Branch,1,Default,Very Good/Excellent,Medium DTI
LN21213,CUST11213,28,Male,Post Graduate,Salaried,9.4,974105,Rent,North,761,4,3,1,0.248,425100,36,12.35,14190.57,Medical,Online,0,Paid,Very Good/Excellent,Medium DTI
LN21214,CUST11214,54,Female,Graduate,Business,7.0,1411954,Own,East,647,5,12,2,0.105,624300,24,11.62,29277.3,Home,Online,0,Paid,Fair,Low DTI
LN21215,CUST11215,55,Male,Post Graduate,Salaried,11.4,1717723,Rent,South,648,9,12,1,0.042,575100,36,11.58,18986.39,Education,Mobile App,0,Paid,Fair,Low DTI
LN21216,CUST11216,52,Male,Graduate,Self-Employed,3.6,965083,Rent,North,673,10,9,0,0.117,314900,60,13.15,7189.15,Vehicle,Branch,0,Paid,Good,Low DTI
LN21217,CUST11217,44,Male,Graduate,Self-Employed,10.6,699363,Own,East,694,14,12,3,0.089,338700,36,8.67,10718.63,Business,Branch,0,Paid,Good,Low DTI
LN21218,CUST11218,34,Female,High School,Contract,1.6,273663,Rent,North,778,2,3,2,0.167,94200,24,7.04,4219.29,Personal,Online,0,Paid,Very Good/Excellent,Low DTI
LN21219,CUST11219,52,Female,Graduate,Contract,9.6,670512,Rent,West,589,12,3,1,0.146,186100,36,15.18,6467.63,Home,Mobile App,0,Paid,Fair,Low DTI
LN21220,CUST11220,63,Female,High School,Business,5.4,675293,Rent,East,621,12,10,2,0.421,236100,36,12.12,7855.44,Vehicle,Branch,0,Paid,Fair,High DTI
LN21221,CUST11221,36,Male,Post Graduate,Salaried,0.4,537903,Rent,West,580,7,12,3,0.344,297900,24,14.09,14315.71,Personal,Online,1,Default,Fair,Medium DTI
LN21222,CUST11222,24,Female,Graduate,Salaried,8.3,849852,Rent,West,712,5,2,3,0.348,538200,24,12.39,25433.07,Personal,Online,0,Paid,Good,Medium DTI
LN21223,CUST11223,57,Male,Graduate,Self-Employed,6.8,1112069,Mortgage,North,763,2,3,2,0.17,520400,60,12.61,11737.06,Vehicle,Online,0,Paid,Very Good/Excellent,Low DTI
LN21224,CUST11224,41,Male,High School,Salaried,0.0,382530,Rent,South,573,10,8,0,0.197,207000,24,13.25,9865.48,Home,Mobile App,0,Paid,Poor,Low DTI
LN21225,CUST11225,34,Male,Post Graduate,Salaried,0.0,379266,Rent,North,687,12,2,0,0.352,157900,60,11.62,3482.15,Personal,Branch,0,Paid,Good,Medium DTI
LN21226,CUST11226,51,Male,Post Graduate,Salaried,6.2,555750,Mortgage,North,757,3,1,1,0.226,257000,36,10.22,8319.24,Business,Branch,0,Paid,Very Good/Excellent,Medium DTI
LN21227,CUST11227,38,Male,Graduate,Salaried,15.1,427756,Mortgage,North,739,5,5,4,0.128,275500,36,12.35,9196.67,Home,Branch,0,Paid,Good,Low DTI
LN21228,CUST11228,27,Female,Post Graduate,Self-Employed,8.6,243287,Rent,East,738,10,8,1,0.093,89800,36,12.43,3001.12,Medical,Branch,0,Paid,Good,Low DTI
LN21229,CUST11229,30,Female,Post Graduate,Self-Employed,3.7,346819,Mortgage,South,591,1,6,0,0.037,63500,48,15.55,1785.01,Vehicle,Online,0,Paid,Fair,Low DTI
LN21230,CUST11230,27,Male,Graduate,Business,12.4,304647,Mortgage,North,738,7,2,2,0.215,191500,60,9.56,4027.47,Education,Online,0,Paid,Good,Medium DTI
LN21231,CUST11231,53,Male,High School,Salaried,11.5,1166283,Mortgage,South,666,1,12,0,0.213,637400,36,15.86,22365.06,Personal,Online,0,Paid,Fair,Medium DTI
LN21232,CUST11232,43,Male,Graduate,Salaried,13.4,1530706,Rent,South,760,6,9,1,0.218,534500,24,10.63,24820.17,Business,Online,0,Paid,Very Good/Excellent,Medium DTI
LN21233,CUST11233,41,Male,Graduate,Self-Employed,10.4,328469,Mortgage,South,714,12,4,1,0.056,210600,24,11.72,9886.16,Medical,Mobile App,0,Paid,Good,Low DTI
LN21234,CUST11234,39,Female,Graduate,Contract,11.4,810191,Rent,West,619,6,3,3,0.279,261500,48,13.46,7075.24,Medical,Online,0,Paid,Fair,Medium DTI
LN21235,CUST11235,39,Female,Post Graduate,Salaried,10.7,970066,Own,West,701,1,4,4,0.393,326000,36,10.62,10614.25,Home,Branch,0,Paid,Good,Medium DTI
LN21236,CUST11236,56,Male,Graduate,Self-Employed,4.6,264061,Rent,South,741,12,3,0,0.171,120100,24,10.77,5584.79,Education,Mobile App,0,Paid,Very Good/Excellent,Low DTI
LN21237,CUST11237,49,Male,Post Graduate,Salaried,0.0,655546,Mortgage,West,642,15,8,3,0.278,188300,36,15.06,6533.02,Vehicle,Online,0,Paid,Fair,Medium DTI
LN21238,CUST11238,38,Female,Post Graduate,Salaried,4.4,2417196,Rent,South,690,7,1,0,0.181,1200000,36,14.36,41223.29,Business,Branch,0,Paid,Good,Low DTI
LN21239,CUST11239,22,Male,Post Graduate,Salaried,12.5,870755,Mortgage,East,580,8,1,1,0.141,197200,60,14.11,4599.75,Education,Online,0,Paid,Fair,Low DTI
LN21240,CUST11240,21,Male,Graduate,Self-Employed,5.1,524274,Own,North,721,3,9,0,0.087,107000,48,13.25,2883.84,Medical,Online,0,Paid,Good,Low DTI
LN21241,CUST11241,25,Female,Graduate,Self-Employed,6.3,440904,Mortgage,South,676,15,7,0,0.07,184100,24,12.98,8750.72,Personal,Branch,0,Paid,Good,Low DTI
LN21242,CUST11242,40,Female,Post Graduate,Salaried,1.2,197270,Rent,West,749,12,9,3,0.06,84400,24,11.18,3940.76,Medical,Online,0,Paid,Very Good/Excellent,Low DTI
LN21243,CUST11243,31,Female,High School,Self-Employed,4.2,777194,Rent,Central,719,10,3,3,0.367,158000,36,10.58,5141.35,Personal,Online,0,Paid,Good,Medium DTI
LN21244,CUST11244,62,Male,Graduate,Salaried,7.0,1751502,Mortgage,West,649,1,3,2,0.054,1107100,12,11.47,98090.21,Home,Online,0,Paid,Fair,Low DTI
LN21245,CUST11245,22,Male,Graduate,Salaried,9.5,383554,Rent,North,617,2,2,0,0.19,167500,48,12.11,4419.97,Vehicle,Mobile App,0,Paid,Fair,Low DTI
LN21246,CUST11246,23,Female,Graduate,Salaried,4.7,206925,Rent,North,599,1,2,1,0.24,50000,36,15.94,1756.37,Education,Online,0,Paid,Fair,Medium DTI
LN21247,CUST11247,43,Male,Post Graduate,Business,4.4,416383,Mortgage,South,642,9,11,5,0.277,127300,36,14.18,4361.95,Vehicle,Online,0,Paid,Fair,Medium DTI
LN21248,CUST11248,32,Male,Graduate,Salaried,11.2,974388,Mortgage,West,747,4,9,0,0.159,536000,36,13.46,18178.95,Personal,Online,0,Paid,Very Good/Excellent,Low DTI
LN21249,CUST11249,40,Male,Post Graduate,Salaried,8.6,474022,Mortgage,North,548,7,2,1,0.207,195100,48,14.88,5417.92,Business,Branch,0,Paid,Poor,Medium DTI
LN21250,CUST11250,25,Male,Graduate,Salaried,9.2,382096,Own,West,602,15,4,1,0.146,93300,36,12.15,3105.58,Business,Mobile App,1,Default,Fair,Low DTI
LN21251,CUST11251,57,Male,Graduate,Self-Employed,14.6,606355,Rent,East,744,5,11,1,0.355,122100,60,12.24,2730.88,Education,Online,0,Paid,Very Good/Excellent,Medium DTI
LN21252,CUST11252,58,Male,Graduate,Business,4.5,680798,Own,West,780,9,4,3,0.154,248800,36,12.7,8347.15,Personal,Mobile App,0,Paid,Very Good/Excellent,Low DTI
LN21253,CUST11253,50,Female,High School,Business,6.8,279587,Mortgage,East,606,9,9,1,0.18,89100,48,14.37,2451.36,Personal,Branch,0,Paid,Fair,Low DTI
LN21254,CUST11254,29,Male,Graduate,Business,9.8,532415,Rent,East,601,6,3,0,0.059,254500,48,11.51,6640.9,Personal,Branch,0,Paid,Fair,Low DTI
LN21255,CUST11255,54,Female,Graduate,Salaried,2.6,456429,Rent,South,786,5,10,0,0.156,279600,24,8.5,12709.41,Personal,Online,0,Paid,Very Good/Excellent,Low DTI
LN21256,CUST11256,64,Female,High School,Contract,8.1,421758,Own,West,671,10,2,2,0.072,115500,12,13.39,10337.29,Education,Online,0,Paid,Good,Low DTI
LN21257,CUST11257,55,Female,Graduate,Salaried,7.1,342941,Mortgage,West,613,1,12,1,0.119,198100,60,12.84,4491.17,Education,Mobile App,0,Paid,Fair,Low DTI
LN21258,CUST11258,42,Female,Post Graduate,Salaried,20.9,1006890,Mortgage,Central,758,15,3,3,0.084,614400,60,11.6,13543.12,Personal,Mobile App,0,Paid,Very Good/Excellent,Low DTI
LN21259,CUST11259,64,Male,Graduate,Self-Employed,7.5,420951,Rent,North,718,4,9,1,0.111,253000,48,10.64,6494.77,Home,Branch,0,Paid,Good,Low DTI
LN21260,CUST11260,44,Male,Graduate,Self-Employed,12.8,200279,Rent,West,735,5,5,0,0.369,125400,48,11.67,3281.98,Vehicle,Branch,0,Paid,Good,Medium DTI
LN21261,CUST11261,37,Female,High School,Salaried,11.1,693876,Own,Central,617,13,5,7,0.205,396200,36,11.59,13082.06,Personal,Online,0,Paid,Fair,Medium DTI
LN21262,CUST11262,30,Female,Graduate,Contract,1.2,894075,Mortgage,East,708,14,7,0,0.196,399400,36,12.25,13313.54,Personal,Mobile App,1,Default,Good,Low DTI
LN21263,CUST11263,50,Male,Post Graduate,Self-Employed,0.0,387269,Own,North,773,9,1,1,0.42,137500,60,12.0,3058.61,Home,Mobile App,0,Paid,Very Good/Excellent,High DTI
LN21264,CUST11264,43,Female,Graduate,Salaried,8.2,441031,Rent,Central,728,2,10,0,0.228,174600,60,12.76,3951.27,Personal,Online,0,Paid,Good,Medium DTI
LN21265,CUST11265,52,Male,High School,Salaried,13.3,419872,Own,South,749,2,5,1,0.174,246200,36,9.3,7863.51,Home,Mobile App,0,Paid,Very Good/Excellent,Low DTI
LN21266,CUST11266,37,Male,High School,Salaried,8.4,495848,Rent,North,785,15,9,3,0.198,149100,36,11.43,4911.76,Business,Online,0,Paid,Very Good/Excellent,Low DTI
LN21267,CUST11267,37,Male,Graduate,Contract,7.4,1102899,Own,South,712,3,6,1,0.279,253300,36,10.94,8285.52,Home,Online,0,Paid,Good,Medium DTI
LN21268,CUST11268,34,Male,Graduate,Business,5.6,563517,Rent,North,638,3,12,2,0.079,124200,36,15.22,4318.83,Personal,Mobile App,0,Paid,Fair,Low DTI
LN21269,CUST11269,29,Female,High School,Self-Employed,0.4,952134,Mortgage,North,746,12,8,1,0.14,536500,36,12.74,18009.69,Medical,Branch,0,Paid,Very Good/Excellent,Low DTI
LN21270,CUST11270,60,Male,Graduate,Self-Employed,2.2,352155,Mortgage,East,597,7,10,1,0.22,186900,36,13.58,6349.74,Personal,Branch,0,Paid,Fair,Medium DTI
LN21271,CUST11271,22,Male,Graduate,Business,0.0,485850,Mortgage,East,663,14,8,1,0.111,193800,12,15.83,17568.05,Home,Branch,0,Paid,Fair,Low DTI
LN21272,CUST11272,65,Male,High School,Self-Employed,1.5,1013979,Own,Central,724,1,1,2,0.366,291500,48,10.55,7470.43,Home,Online,0,Paid,Good,Medium DTI
LN21273,CUST11273,45,Male,Graduate,Salaried,4.4,385232,Mortgage,West,439,2,8,1,0.128,188300,48,15.83,5320.09,Education,Online,1,Default,Poor,Low DTI
LN21274,CUST11274,59,Female,Graduate,Self-Employed,10.9,1046917,Own,West,699,11,6,2,0.136,177200,60,12.83,4016.44,Medical,Branch,0,Paid,Good,Low DTI
LN21275,CUST11275,29,Male,Graduate,Self-Employed,4.8,424673,Own,South,702,1,4,5,0.228,184400,60,15.02,4388.8,Education,Online,0,Paid,Good,Medium DTI
LN21276,CUST11276,42,Female,Graduate,Contract,8.3,502711,Own,South,595,14,3,0,0.161,175600,36,15.77,6153.65,Home,Branch,0,Paid,Fair,Low DTI
LN21277,CUST11277,63,Male,Graduate,Business,7.7,1503452,Mortgage,East,704,9,5,1,0.328,960600,48,13.14,25837.29,Medical,Branch,0,Paid,Good,Medium DTI
LN21278,CUST11278,24,Female,Graduate,Salaried,9.5,472118,Rent,West,694,10,5,1,0.24,190600,36,10.77,6219.26,Business,Mobile App,0,Paid,Good,Medium DTI
LN21279,CUST11279,46,Male,Post Graduate,Salaried,1.8,649933,Rent,East,683,9,7,1,0.293,277000,60,10.94,6014.37,Personal,Online,0,Paid,Good,Medium DTI
LN21280,CUST11280,49,Male,Post Graduate,Salaried,12.3,842160,Own,South,769,13,9,1,0.271,426300,24,12.01,20069.41,Vehicle,Online,0,Paid,Very Good/Excellent,Medium DTI
LN21281,CUST11281,65,Male,Post Graduate,Self-Employed,0.0,679603,Own,South,746,3,11,1,0.495,266600,60,9.43,5589.98,Personal,Mobile App,0,Paid,Very Good/Excellent,High DTI
LN21282,CUST11282,54,Male,Graduate,Salaried,4.8,690357,Rent,South,728,12,1,2,0.505,181100,24,12.06,8530.08,Medical,Online,0,Paid,Good,High DTI
LN21283,CUST11283,43,Male,Post Graduate,Self-Employed,6.9,581629,Mortgage,North,603,3,9,2,0.168,243500,24,14.66,11767.2,Business,Mobile App,0,Paid,Fair,Low DTI
LN21284,CUST11284,57,Male,High School,Business,10.8,293154,Own,Central,679,1,3,2,0.086,182400,36,10.1,5894.1,Medical,Online,0,Paid,Good,Low DTI
LN21285,CUST11285,31,Female,High School,Salaried,13.9,726682,Mortgage,East,769,5,6,1,0.466,257900,36,11.94,8558.58,Personal,Mobile App,0,Paid,Very Good/Excellent,High DTI
LN21286,CUST11286,26,Female,Post Graduate,Business,10.8,401044,Own,West,664,3,6,2,0.352,196400,24,13.88,9418.6,Vehicle,Branch,0,Paid,Fair,Medium DTI
LN21287,CUST11287,38,Male,Post Graduate,Salaried,14.1,919290,Own,North,797,2,4,2,0.163,587400,36,10.0,18953.75,Personal,Mobile App,0,Paid,Very Good/Excellent,Low DTI
LN21288,CUST11288,41,Female,Post Graduate,Salaried,2.9,1276099,Rent,East,730,13,2,2,0.24,720900,60,11.32,15789.4,Personal,Online,0,Paid,Good,Medium DTI
LN21289,CUST11289,62,Male,Post Graduate,Salaried,13.0,222266,Mortgage,Central,808,14,5,0,0.439,106600,24,7.7,4806.66,Business,Branch,0,Paid,Very Good/Excellent,High DTI
LN21290,CUST11290,56,Female,Graduate,Self-Employed,12.1,1277326,Rent,North,600,3,3,4,0.141,661700,36,13.34,22403.81,Business,Branch,0,Paid,Fair,Low DTI
LN21291,CUST11291,61,Female,Post Graduate,Contract,0.0,478592,Rent,South,668,8,4,1,0.399,295900,36,10.19,9574.28,Personal,Branch,0,Paid,Fair,Medium DTI
LN21292,CUST11292,58,Male,High School,Business,5.9,558306,Rent,South,675,8,6,1,0.062,351700,36,11.34,11570.92,Home,Online,0,Paid,Good,Low DTI
LN21293,CUST11293,54,Female,Post Graduate,Salaried,10.0,363259,Mortgage,South,725,1,11,2,0.119,230500,48,11.02,5959.63,Vehicle,Online,0,Paid,Good,Low DTI
LN21294,CUST11294,37,Male,Graduate,Salaried,4.4,665532,Own,East,625,2,7,1,0.407,308000,36,11.39,10140.5,Medical,Online,0,Paid,Fair,High DTI
LN21295,CUST11295,57,Female,High School,Self-Employed,1.6,622459,Mortgage,South,559,15,2,2,0.21,213100,60,12.24,4766.18,Education,Online,0,Paid,Poor,Medium DTI
LN21296,CUST11296,45,Male,Graduate,Salaried,17.6,1084894,Mortgage,West,708,1,11,1,0.198,235000,36,10.08,7591.62,Vehicle,Branch,0,Paid,Good,Low DTI
LN21297,CUST11297,58,Female,Graduate,Business,7.6,399081,Rent,East,653,8,3,1,0.032,136800,60,14.54,3221.52,Vehicle,Online,0,Paid,Fair,Low DTI
LN21298,CUST11298,32,Male,High School,Salaried,7.7,1495732,Own,North,645,14,12,1,0.344,929600,48,12.72,24809.85,Medical,Branch,0,Paid,Fair,Medium DTI
LN21299,CUST11299,43,Male,High School,Salaried,0.5,864821,Rent,Central,628,1,7,4,0.242,514500,60,14.98,12234.52,Education,Branch,0,Paid,Fair,Medium DTI
LN21300,CUST11300,62,Male,High School,Salaried,3.9,630783,Mortgage,South,689,6,5,1,0.313,259800,24,11.56,12176.37,Business,Online,1,Default,Good,Medium DTI
LN21301,CUST11301,42,Male,Post Graduate,Business,2.5,543211,Rent,East,599,10,4,1,0.224,227300,24,12.94,10799.85,Medical,Online,0,Paid,Fair,Medium DTI
LN21302,CUST11302,41,Male,Graduate,Salaried,12.4,506901,Mortgage,North,665,13,4,3,0.176,154300,36,11.89,5116.87,Education,Online,0,Paid,Fair,Low DTI
LN21303,CUST11303,47,Male,Post Graduate,Salaried,9.5,525416,Mortgage,Central,618,11,9,1,0.262,198200,60,8.76,4091.26,Vehicle,Branch,0,Paid,Fair,Medium DTI
LN21304,CUST11304,51,Male,Graduate,Self-Employed,4.1,658228,Rent,Central,634,8,9,2,0.092,333900,24,13.75,15992.1,Personal,Branch,0,Paid,Fair,Low DTI
LN21305,CUST11305,26,Male,Post Graduate,Salaried,9.8,534846,Own,South,707,13,10,2,0.056,187800,60,11.73,4151.93,Business,Branch,0,Paid,Good,Low DTI
LN21306,CUST11306,47,Male,Post Graduate,Contract,5.7,421845,Own,North,729,8,7,2,0.337,102900,24,11.64,4826.58,Business,Mobile App,0,Paid,Good,Medium DTI
LN21307,CUST11307,60,Male,High School,Salaried,8.2,660424,Mortgage,West,657,7,1,2,0.323,277700,24,9.51,12751.73,Business,Online,0,Paid,Fair,Medium DTI
LN21308,CUST11308,54,Male,High School,Salaried,8.1,378786,Mortgage,South,753,8,1,1,0.224,99500,24,11.16,4644.87,Vehicle,Mobile App,0,Paid,Very Good/Excellent,Medium DTI
LN21309,CUST11309,32,Male,Graduate,Self-Employed,9.1,716434,Own,West,607,8,3,1,0.371,456500,36,12.74,15324.18,Personal,Branch,0,Paid,Fair,Medium DTI
LN21310,CUST11310,65,Female,Post Graduate,Salaried,8.5,530724,Own,Central,566,14,3,1,0.29,183200,60,14.2,4281.76,Business,Online,1,Default,Poor,Medium DTI
LN21311,CUST11311,27,Female,Post Graduate,Salaried,9.1,880185,Own,East,580,10,7,1,0.049,532400,24,13.69,25484.16,Business,Mobile App,0,Paid,Fair,Low DTI
LN21312,CUST11312,30,Female,Graduate,Salaried,13.3,1033721,Rent,Central,599,14,12,0,0.526,271600,36,12.79,9123.83,Vehicle,Mobile App,0,Paid,Fair,High DTI
LN21313,CUST11313,65,Male,High School,Business,10.2,1033498,Mortgage,South,582,3,2,3,0.301,252800,24,14.61,12210.63,Business,Online,0,Paid,Fair,Medium DTI
LN21314,CUST11314,37,Female,Post Graduate,Salaried,5.3,714718,Rent,Central,832,2,8,0,0.33,327700,36,11.56,10815.59,Vehicle,Online,0,Paid,Very Good/Excellent,Medium DTI
LN21315,CUST11315,46,Male,Graduate,Business,6.5,762107,Mortgage,South,564,12,1,3,0.243,411300,24,13.43,19637.13,Home,Mobile App,0,Paid,Poor,Medium DTI
LN21316,CUST11316,41,Male,High School,Contract,13.2,502410,Rent,South,750,4,11,4,0.395,217700,36,9.08,6930.91,Home,Branch,0,Paid,Very Good/Excellent,Medium DTI
LN21317,CUST11317,48,Male,Post Graduate,Contract,7.6,870991,Mortgage,Central,678,5,8,1,0.146,230700,48,10.26,5880.0,Home,Mobile App,0,Paid,Good,Low DTI
LN21318,CUST11318,22,Male,Post Graduate,Self-Employed,5.1,926770,Mortgage,East,697,2,9,2,0.244,156600,36,12.68,5252.37,Home,Online,0,Paid,Good,Medium DTI
LN21319,CUST11319,63,Male,High School,Contract,3.8,253382,Mortgage,West,612,15,5,0,0.104,116300,24,15.26,5653.37,Home,Online,0,Paid,Fair,Low DTI
LN21320,CUST11320,21,Male,Graduate,Self-Employed,8.4,738795,Own,West,704,11,11,2,0.334,159200,24,9.22,7289.09,Home,Online,0,Paid,Good,Medium DTI
LN21321,CUST11321,56,Female,Post Graduate,Salaried,2.7,1273343,Rent,West,611,8,4,0,0.256,409500,48,11.81,10745.54,Vehicle,Branch,0,Paid,Fair,Medium DTI
LN21322,CUST11322,46,Male,Graduate,Business,13.4,493227,Rent,North,749,8,6,1,0.228,240600,60,10.77,5203.67,Education,Mobile App,0,Paid,Very Good/Excellent,Medium DTI
LN21323,CUST11323,49,Male,Post Graduate,Salaried,1.8,437435,Mortgage,West,755,13,6,2,0.168,87100,60,8.11,1770.66,Personal,Branch,0,Paid,Very Good/Excellent,Low DTI
LN21324,CUST11324,41,Female,Post Graduate,Salaried,14.4,476279,Rent,North,670,12,8,2,0.263,101700,60,12.31,2278.22,Business,Branch,0,Paid,Good,Medium DTI
LN21325,CUST11325,31,Male,High School,Business,5.6,262237,Mortgage,North,675,4,8,3,0.128,50000,60,12.92,1135.61,Home,Online,0,Paid,Good,Low DTI
LN21326,CUST11326,60,Female,Graduate,Self-Employed,1.6,643049,Mortgage,West,712,12,1,2,0.198,416700,36,12.54,13948.12,Education,Online,0,Paid,Good,Low DTI
LN21327,CUST11327,31,Male,Graduate,Business,7.9,609971,Rent,Central,709,5,9,1,0.23,209500,36,11.27,6885.58,Home,Mobile App,0,Paid,Good,Medium DTI
LN21328,CUST11328,56,Male,High School,Business,2.2,668673,Mortgage,West,757,11,10,0,0.284,403100,12,10.61,35553.36,Home,Branch,0,Paid,Very Good/Excellent,Medium DTI
LN21329,CUST11329,59,Female,High School,Salaried,7.2,754245,Mortgage,South,755,12,1,1,0.121,223900,36,9.64,7186.84,Vehicle,Mobile App,0,Paid,Very Good/Excellent,Low DTI
LN21330,CUST11330,60,Female,Graduate,Salaried,4.1,386849,Mortgage,West,678,15,3,2,0.296,203700,48,9.67,5134.14,Vehicle,Online,0,Paid,Good,Medium DTI
LN21331,CUST11331,55,Female,Graduate,Business,11.7,697282,Mortgage,Central,644,5,7,2,0.183,181000,60,12.56,4077.65,Vehicle,Online,0,Paid,Fair,Low DTI
LN21332,CUST11332,54,Male,Graduate,Self-Employed,7.7,765622,Own,South,741,5,5,2,0.258,305600,36,12.0,10150.29,Vehicle,Mobile App,0,Paid,Very Good/Excellent,Medium DTI
LN21333,CUST11333,44,Female,High School,Salaried,1.1,458662,Own,North,668,9,6,2,0.333,257900,36,12.5,8627.69,Home,Online,0,Paid,Fair,Medium DTI
LN21334,CUST11334,42,Male,Graduate,Salaried,4.0,755965,Rent,North,689,9,8,0,0.383,422000,48,13.83,11495.82,Business,Online,0,Paid,Good,Medium DTI
LN21335,CUST11335,25,Female,Graduate,Salaried,10.5,627233,Mortgage,South,720,15,4,1,0.075,343200,36,12.22,11435.25,Business,Branch,0,Paid,Good,Low DTI
LN21336,CUST11336,53,Female,Post Graduate,Self-Employed,13.4,424018,Own,North,753,14,4,3,0.199,238200,36,12.19,7933.28,Vehicle,Branch,0,Paid,Very Good/Excellent,Low DTI
LN21337,CUST11337,56,Female,Graduate,Salaried,6.8,700969,Rent,East,700,11,8,3,0.095,179300,48,12.25,4743.7,Education,Branch,0,Paid,Good,Low DTI
LN21338,CUST11338,40,Male,Post Graduate,Salaried,1.8,511342,Mortgage,West,636,4,3,1,0.087,200000,24,15.75,9768.75,Medical,Online,0,Paid,Fair,Low DTI
LN21339,CUST11339,39,Male,Graduate,Self-Employed,12.3,880346,Own,East,815,1,6,1,0.023,345500,60,9.54,7262.9,Education,Mobile App,0,Paid,Very Good/Excellent,Low DTI
LN21340,CUST11340,55,Male,Graduate,Salaried,10.5,526046,Rent,Central,795,8,4,1,0.351,313100,60,11.59,6900.04,Education,Branch,0,Paid,Very Good/Excellent,Medium DTI
LN21341,CUST11341,63,Female,Graduate,Salaried,13.5,295172,Rent,East,604,11,6,2,0.453,88100,36,13.81,3002.93,Personal,Online,0,Paid,Fair,High DTI
LN21342,CUST11342,37,Female,Post Graduate,Contract,8.5,694903,Own,North,612,1,4,0,0.117,427900,36,14.43,14714.13,Home,Online,0,Paid,Fair,Low DTI
LN21343,CUST11343,65,Male,Post Graduate,Self-Employed,4.4,680686,Rent,East,621,7,2,1,0.19,255500,48,13.69,6942.25,Personal,Mobile App,0,Paid,Fair,Low DTI
LN21344,CUST11344,63,Male,Post Graduate,Salaried,9.6,331062,Rent,Central,744,12,10,2,0.17,160500,36,11.28,5275.87,Personal,Online,0,Paid,Very Good/Excellent,Low DTI
LN21345,CUST11345,54,Female,Graduate,Business,8.6,906621,Mortgage,North,818,13,11,3,0.396,257900,12,10.8,22769.58,Home,Branch,0,Paid,Very Good/Excellent,Medium DTI
LN21346,CUST11346,29,Female,Graduate,Salaried,4.1,880906,Mortgage,South,642,4,11,3,0.234,312900,60,13.63,7220.75,Education,Online,0,Paid,Fair,Medium DTI
LN21347,CUST11347,46,Male,Graduate,Self-Employed,8.0,371831,Own,West,693,1,3,2,0.118,187700,36,13.06,6329.78,Vehicle,Online,0,Paid,Good,Low DTI
LN21348,CUST11348,22,Female,Post Graduate,Salaried,6.0,417438,Own,South,624,4,11,1,0.087,169600,24,15.33,8249.95,Business,Online,0,Paid,Fair,Low DTI
LN21349,CUST11349,29,Male,Graduate,Business,10.7,554921,Mortgage,West,808,7,8,3,0.559,341500,36,10.67,11126.98,Business,Branch,0,Paid,Very Good/Excellent,High DTI
LN21350,CUST11350,29,Female,Post Graduate,Salaried,9.5,395267,Rent,South,742,13,1,0,0.227,205000,24,9.72,9433.24,Vehicle,Online,0,Paid,Very Good/Excellent,Medium DTI
LN21351,CUST11351,60,Male,Graduate,Salaried,1.7,853332,Rent,West,618,8,11,1,0.345,368800,24,13.48,17616.69,Home,Mobile App,0,Paid,Fair,Medium DTI
LN21352,CUST11352,37,Male,Post Graduate,Self-Employed,1.2,651231,Own,East,522,2,10,1,0.345,386400,36,14.0,13206.24,Home,Online,0,Paid,Poor,Medium DTI
LN21353,CUST11353,21,Male,Graduate,Business,6.6,328808,Mortgage,North,758,13,6,0,0.376,158700,36,10.42,5152.15,Home,Mobile App,0,Paid,Very Good/Excellent,Medium DTI
LN21354,CUST11354,45,Female,Post Graduate,Self-Employed,7.2,381675,Mortgage,South,637,9,9,1,0.512,180800,36,12.46,6044.95,Personal,Online,0,Paid,Fair,High DTI
LN21355,CUST11355,63,Male,Graduate,Business,10.8,1153061,Mortgage,South,743,5,1,3,0.216,315000,60,10.0,6692.82,Personal,Mobile App,0,Paid,Very Good/Excellent,Medium DTI
LN21356,CUST11356,60,Male,Graduate,Salaried,9.6,1396171,Own,West,702,14,4,1,0.452,485100,60,8.37,9922.2,Home,Mobile App,0,Paid,Good,High DTI
LN21357,CUST11357,62,Female,Graduate,Business,14.3,806925,Mortgage,West,542,11,7,2,0.101,396700,12,16.58,36101.9,Home,Online,0,Paid,Poor,Low DTI
LN21358,CUST11358,45,Female,Post Graduate,Self-Employed,4.7,534178,Rent,West,619,12,6,1,0.603,318300,12,12.48,28352.09,Business,Branch,0,Paid,Fair,Very High DTI
LN21359,CUST11359,59,Male,Graduate,Salaried,4.4,471043,Own,South,653,14,6,0,0.192,145000,36,10.13,4687.6,Personal,Online,0,Paid,Fair,Low DTI
LN21360,CUST11360,55,Male,Post Graduate,Business,2.2,811808,Own,West,629,8,9,2,0.143,209200,36,13.33,7082.07,Vehicle,Branch,0,Paid,Fair,Low DTI
LN21361,CUST11361,23,Male,High School,Business,10.7,625584,Own,North,689,2,8,3,0.275,279500,60,13.09,6372.37,Education,Mobile App,0,Paid,Good,Medium DTI
LN21362,CUST11362,57,Male,High School,Contract,7.1,247495,Rent,North,710,2,5,0,0.236,50000,36,11.58,1650.7,Personal,Online,0,Paid,Good,Medium DTI
LN21363,CUST11363,64,Male,Graduate,Self-Employed,0.0,1058340,Mortgage,South,814,4,11,1,0.037,536900,24,8.36,24370.78,Business,Online,0,Paid,Very Good/Excellent,Low DTI
LN21364,CUST11364,64,Male,Post Graduate,Self-Employed,8.0,1257803,Mortgage,West,715,4,12,1,0.188,630900,36,9.65,20253.85,Vehicle,Online,0,Paid,Good,Low DTI
LN21365,CUST11365,50,Female,High School,Business,8.3,900021,Rent,East,792,3,11,0,0.429,294700,60,14.04,6863.27,Education,Online,0,Paid,Very Good/Excellent,High DTI
LN21366,CUST11366,58,Male,Graduate,Salaried,6.3,329160,Mortgage,South,644,5,2,1,0.294,196300,60,10.72,4240.68,Education,Online,0,Paid,Fair,Medium DTI
LN21367,CUST11367,54,Male,Graduate,Contract,8.5,422705,Own,Central,767,2,12,0,0.058,169500,24,8.55,7708.61,Education,Online,0,Paid,Very Good/Excellent,Low DTI
LN21368,CUST11368,32,Female,Graduate,Salaried,0.9,215980,Mortgage,East,651,1,3,4,0.48,102100,36,12.27,3404.36,Personal,Online,0,Paid,Fair,High DTI
LN21369,CUST11369,39,Female,Graduate,Salaried,15.2,1443399,Mortgage,East,611,12,12,1,0.305,367800,24,14.57,17758.34,Personal,Mobile App,0,Paid,Fair,Medium DTI
LN21370,CUST11370,57,Male,High School,Salaried,8.9,493106,Own,Central,608,4,10,1,0.146,176900,36,15.87,6207.93,Personal,Online,0,Paid,Fair,Low DTI
LN21371,CUST11371,64,Male,Graduate,Self-Employed,0.0,2165137,Own,East,482,6,3,3,0.24,1200000,24,14.95,58155.47,Home,Online,1,Default,Poor,Medium DTI
LN21372,CUST11372,37,Female,Graduate,Salaried,7.0,1758658,Mortgage,West,744,14,4,0,0.408,451000,60,11.0,9805.83,Medical,Online,0,Paid,Very Good/Excellent,High DTI
LN21373,CUST11373,30,Female,Graduate,Salaried,9.0,365054,Rent,South,583,6,2,1,0.275,126000,36,11.83,4174.78,Education,Mobile App,0,Paid,Fair,Medium DTI
LN21374,CUST11374,32,Female,Post Graduate,Self-Employed,1.4,406418,Own,North,786,2,8,1,0.123,125600,60,12.34,2815.53,Vehicle,Mobile App,0,Paid,Very Good/Excellent,Low DTI
LN21375,CUST11375,36,Male,Post Graduate,Salaried,9.7,775365,Rent,West,667,6,8,3,0.245,174900,60,12.39,3925.11,Business,Online,0,Paid,Fair,Medium DTI
LN21376,CUST11376,44,Male,Graduate,Business,15.4,228590,Rent,Central,563,4,12,1,0.313,67400,24,14.0,3236.07,Personal,Mobile App,0,Paid,Poor,Medium DTI
LN21377,CUST11377,39,Female,Graduate,Salaried,3.8,471485,Own,South,596,10,8,1,0.245,125600,48,14.21,3445.45,Personal,Mobile App,0,Paid,Fair,Medium DTI
LN21378,CUST11378,28,Male,High School,Salaried,9.1,446278,Mortgage,East,694,15,10,3,0.275,273000,60,12.54,6147.49,Home,Mobile App,0,Paid,Good,Medium DTI
LN21379,CUST11379,51,Female,Graduate,Salaried,8.0,1660827,Rent,South,539,1,5,4,0.311,864500,36,14.2,29630.61,Personal,Mobile App,1,Default,Poor,Medium DTI
LN21380,CUST11380,41,Male,Post Graduate,Self-Employed,11.8,655560,Own,Central,724,1,10,1,0.02,201900,36,13.62,6863.26,Home,Online,0,Paid,Good,Low DTI
LN21381,CUST11381,37,Female,Post Graduate,Salaried,6.5,513016,Rent,Central,566,15,6,0,0.317,272800,36,11.6,9008.83,Business,Branch,0,Paid,Poor,Medium DTI
LN21382,CUST11382,43,Male,High School,Salaried,1.7,423949,Rent,North,625,2,6,3,0.209,68300,48,13.44,1847.27,Personal,Branch,0,Paid,Fair,Medium DTI
LN21383,CUST11383,57,Male,High School,Salaried,11.5,981083,Rent,West,695,4,7,2,0.171,405400,36,12.69,13599.07,Education,Mobile App,0,Paid,Good,Low DTI
LN21384,CUST11384,36,Male,Post Graduate,Business,2.0,456568,Own,East,715,8,1,2,0.239,125600,36,11.16,4121.51,Medical,Online,0,Paid,Good,Medium DTI
LN21385,CUST11385,26,Female,High School,Salaried,16.0,583634,Rent,North,740,3,10,4,0.196,120900,24,12.32,5709.27,Home,Online,0,Paid,Very Good/Excellent,Low DTI
LN21386,CUST11386,28,Male,Graduate,Self-Employed,9.8,422172,Mortgage,South,582,15,3,2,0.188,249900,12,14.76,22527.26,Medical,Branch,0,Paid,Fair,Low DTI
LN21387,CUST11387,45,Male,High School,Salaried,4.0,260417,Own,North,657,11,11,1,0.331,65000,12,14.31,5845.65,Vehicle,Online,0,Paid,Fair,Medium DTI
LN21388,CUST11388,38,Male,Post Graduate,Salaried,12.5,346926,Own,Central,762,5,3,1,0.08,194700,24,10.9,9065.51,Personal,Branch,0,Paid,Very Good/Excellent,Low DTI
LN21389,CUST11389,45,Female,High School,Salaried,7.0,455249,Rent,North,657,3,11,1,0.411,162300,36,12.32,5415.52,Personal,Online,0,Paid,Fair,High DTI
LN21390,CUST11390,32,Male,Graduate,Salaried,5.9,519122,Mortgage,Central,702,8,7,2,0.247,81600,12,12.78,7279.87,Personal,Mobile App,0,Paid,Good,Medium DTI
LN21391,CUST11391,35,Male,High School,Salaried,3.6,531789,Rent,Central,692,14,6,3,0.246,274500,24,11.82,12898.61,Personal,Mobile App,0,Paid,Good,Medium DTI
LN21392,CUST11392,46,Male,High School,Business,0.0,571362,Own,North,778,4,9,5,0.128,256100,48,8.55,6318.48,Medical,Branch,0,Paid,Very Good/Excellent,Low DTI
LN21393,CUST11393,61,Female,Graduate,Business,10.0,458588,Rent,West,645,11,9,4,0.044,147700,48,14.12,4045.02,Home,Online,0,Paid,Fair,Low DTI
LN21394,CUST11394,65,Female,High School,Self-Employed,0.0,1260104,Own,East,576,8,9,1,0.213,366400,48,11.11,9489.38,Personal,Mobile App,0,Paid,Poor,Medium DTI
LN21395,CUST11395,46,Male,High School,Salaried,3.0,1010622,Own,Central,607,13,4,1,0.267,188800,60,14.0,4393.05,Business,Online,1,Default,Fair,Medium DTI
LN21396,CUST11396,52,Female,High School,Business,9.2,557030,Rent,West,694,8,3,3,0.276,345800,24,15.9,16914.93,Vehicle,Online,1,Default,Good,Medium DTI
LN21397,CUST11397,30,Female,High School,Business,4.5,690055,Own,West,562,9,4,2,0.343,273900,24,14.87,13263.58,Home,Mobile App,1,Default,Poor,Medium DTI
LN21398,CUST11398,36,Female,Post Graduate,Business,7.8,488960,Mortgage,Central,639,2,3,1,0.043,94300,36,11.87,3126.26,Home,Branch,0,Paid,Fair,Low DTI
LN21399,CUST11399,27,Female,Graduate,Salaried,0.9,180000,Rent,North,686,11,7,2,0.308,105200,60,11.53,2315.21,Vehicle,Online,0,Paid,Good,Medium DTI
LN21400,CUST11400,37,Female,Post Graduate,Business,5.3,606801,Rent,South,623,10,11,3,0.263,175600,48,13.71,4773.02,Personal,Mobile App,0,Paid,Fair,Medium DTI
LN21401,CUST11401,43,Female,Graduate,Business,7.8,709824,Mortgage,West,705,7,3,3,0.355,178700,36,11.89,5926.01,Vehicle,Mobile App,0,Paid,Good,Medium DTI
LN21402,CUST11402,46,Male,High School,Self-Employed,2.2,247143,Mortgage,North,734,10,1,2,0.067,71800,24,12.62,3400.7,Personal,Mobile App,0,Paid,Good,Low DTI
LN21403,CUST11403,41,Female,Graduate,Business,15.4,789663,Mortgage,Central,714,14,8,2,0.224,341400,36,13.97,11663.27,Medical,Online,0,Paid,Good,Medium DTI
LN21404,CUST11404,42,Male,High School,Business,3.8,514200,Own,West,564,14,6,1,0.255,96200,24,16.01,4710.71,Medical,Online,0,Paid,Poor,Medium DTI
LN21405,CUST11405,27,Female,Graduate,Self-Employed,13.9,722555,Mortgage,South,686,1,5,1,0.478,282400,36,10.48,9176.03,Home,Online,0,Paid,Good,High DTI
LN21406,CUST11406,34,Male,High School,Business,6.2,522806,Mortgage,South,692,13,8,0,0.239,312600,60,12.14,6975.75,Medical,Branch,0,Paid,Good,Medium DTI
LN21407,CUST11407,35,Male,Graduate,Business,0.0,1193869,Mortgage,North,651,4,11,0,0.157,291400,36,13.47,9884.51,Home,Mobile App,0,Paid,Fair,Low DTI
LN21408,CUST11408,27,Female,Post Graduate,Contract,1.3,679499,Own,North,703,4,8,0,0.362,214400,60,14.23,5014.32,Personal,Mobile App,0,Paid,Good,Medium DTI
LN21409,CUST11409,29,Male,Post Graduate,Contract,7.9,1041335,Own,South,701,4,3,4,0.056,362400,36,12.52,12127.07,Business,Mobile App,0,Paid,Good,Low DTI
LN21410,CUST11410,28,Female,Graduate,Self-Employed,12.2,1089560,Mortgage,West,673,7,3,0,0.263,482800,36,11.38,15893.28,Medical,Online,0,Paid,Good,Medium DTI
LN21411,CUST11411,43,Female,Graduate,Salaried,15.8,324140,Mortgage,East,605,13,10,0,0.317,197600,60,14.08,4606.01,Home,Mobile App,0,Paid,Fair,Medium DTI
LN21412,CUST11412,49,Male,High School,Salaried,7.6,399603,Mortgage,South,678,14,7,3,0.26,138800,36,15.06,4815.63,Vehicle,Mobile App,0,Paid,Good,Medium DTI
LN21413,CUST11413,38,Male,Post Graduate,Contract,1.1,769173,Own,South,820,5,3,3,0.246,142000,36,9.82,4569.95,Home,Online,0,Paid,Very Good/Excellent,Medium DTI
LN21414,CUST11414,51,Female,Post Graduate,Salaried,8.4,490725,Rent,North,651,5,9,0,0.104,159000,48,11.68,4162.14,Personal,Online,0,Paid,Fair,Low DTI
LN21415,CUST11415,50,Female,Graduate,Salaried,2.9,526208,Rent,Central,759,3,8,1,0.28,128900,60,11.07,2807.1,Business,Branch,0,Paid,Very Good/Excellent,Medium DTI
LN21416,CUST11416,59,Male,Post Graduate,Salaried,9.0,1217482,Own,North,683,10,8,1,0.12,579400,24,11.28,27079.96,Education,Online,0,Paid,Good,Low DTI
LN21417,CUST11417,55,Female,Post Graduate,Salaried,2.3,505844,Own,South,620,5,9,0,0.285,83300,36,14.44,2864.83,Business,Mobile App,0,Paid,Fair,Medium DTI
LN21418,CUST11418,38,Female,Post Graduate,Self-Employed,0.0,352136,Rent,West,658,5,8,0,0.126,104200,36,11.66,3444.03,Personal,Online,0,Paid,Fair,Low DTI
LN21419,CUST11419,62,Male,Post Graduate,Business,13.6,379305,Rent,East,679,8,4,0,0.178,160300,60,14.25,3750.71,Medical,Branch,0,Paid,Good,Low DTI
LN21420,CUST11420,59,Female,High School,Salaried,5.9,1992660,Own,South,729,15,7,1,0.207,575200,60,12.31,12885.3,Vehicle,Mobile App,0,Paid,Good,Medium DTI
LN21421,CUST11421,37,Female,Post Graduate,Business,7.2,543978,Own,Central,850,11,6,1,0.49,231500,24,10.8,10768.23,Personal,Mobile App,0,Paid,Very Good/Excellent,High DTI
LN21422,CUST11422,34,Male,High School,Self-Employed,12.0,283325,Own,East,684,2,1,0,0.2,58700,24,13.27,2798.16,Personal,Mobile App,0,Paid,Good,Medium DTI
LN21423,CUST11423,51,Female,Graduate,Self-Employed,16.4,226723,Rent,South,588,15,12,0,0.162,140900,60,14.96,3349.04,Personal,Mobile App,0,Paid,Fair,Low DTI
LN21424,CUST11424,44,Male,High School,Salaried,10.6,425549,Rent,West,556,14,5,0,0.212,125700,36,13.7,4277.84,Education,Mobile App,0,Paid,Poor,Medium DTI
LN21425,CUST11425,55,Female,Post Graduate,Business,7.5,538530,Rent,North,648,14,2,0,0.142,329300,24,11.31,15395.4,Education,Mobile App,0,Paid,Fair,Low DTI
LN21426,CUST11426,64,Male,Post Graduate,Salaried,9.3,1011283,Mortgage,East,595,8,9,1,0.31,316400,12,12.86,28239.21,Home,Branch,1,Default,Fair,Medium DTI
LN21427,CUST11427,65,Male,Graduate,Salaried,5.5,958835,Rent,West,722,4,11,2,0.144,518700,36,13.06,17492.05,Education,Branch,0,Paid,Good,Low DTI
LN21428,CUST11428,54,Male,High School,Self-Employed,7.2,597909,Own,Central,722,9,3,1,0.078,163300,48,9.02,4065.28,Education,Branch,0,Paid,Good,Low DTI
LN21429,CUST11429,23,Male,Post Graduate,Contract,7.7,467377,Rent,South,669,8,12,4,0.297,226600,36,9.47,7255.49,Home,Branch,0,Paid,Fair,Medium DTI
LN21430,CUST11430,57,Female,Post Graduate,Self-Employed,3.1,723218,Mortgage,North,729,5,12,0,0.258,225500,36,11.9,7479.06,Home,Mobile App,0,Paid,Good,Medium DTI
LN21431,CUST11431,63,Male,Graduate,Business,7.1,229320,Own,East,685,5,7,2,0.204,92800,60,13.49,2134.84,Education,Branch,0,Paid,Good,Medium DTI
LN21432,CUST11432,60,Male,Post Graduate,Salaried,8.8,1783841,Own,Central,820,9,2,2,0.455,868600,24,11.67,40754.29,Business,Mobile App,0,Paid,Very Good/Excellent,High DTI
LN21433,CUST11433,46,Female,High School,Salaried,9.6,859790,Mortgage,West,727,13,7,0,0.542,382100,12,10.17,33622.88,Education,Online,0,Paid,Good,High DTI
LN21434,CUST11434,43,Male,Graduate,Salaried,9.2,966590,Rent,East,747,14,4,3,0.142,423500,60,9.53,8900.5,Personal,Branch,0,Paid,Very Good/Excellent,Low DTI
LN21435,CUST11435,64,Female,Graduate,Salaried,0.3,332336,Mortgage,South,571,5,11,1,0.272,60800,48,12.91,1628.4,Personal,Online,1,Default,Poor,Medium DTI
LN21436,CUST11436,59,Male,High School,Salaried,13.1,1214863,Own,East,592,13,6,1,0.226,333500,36,13.03,11241.75,Business,Branch,0,Paid,Fair,Medium DTI
LN21437,CUST11437,35,Male,Graduate,Self-Employed,12.7,465876,Own,Central,716,9,9,1,0.021,203100,36,11.26,6674.27,Personal,Branch,0,Paid,Good,Low DTI
LN21438,CUST11438,24,Female,Post Graduate,Salaried,6.5,355321,Own,South,564,6,8,0,0.351,56600,36,14.22,1940.51,Vehicle,Mobile App,0,Paid,Poor,Medium DTI
LN21439,CUST11439,49,Female,High School,Business,9.3,587211,Mortgage,South,633,11,9,2,0.1,161700,48,15.11,4509.25,Personal,Online,0,Paid,Fair,Low DTI
LN21440,CUST11440,42,Male,Post Graduate,Contract,5.9,579708,Mortgage,East,768,11,5,0,0.176,153400,12,10.89,13549.88,Home,Online,0,Paid,Very Good/Excellent,Low DTI
LN21441,CUST11441,45,Female,High School,Salaried,10.8,331535,Own,South,632,1,5,3,0.093,91100,36,14.43,3132.64,Medical,Mobile App,0,Paid,Fair,Low DTI
LN21442,CUST11442,33,Male,Graduate,Salaried,2.9,366762,Rent,East,589,11,4,0,0.067,153200,24,14.65,7402.7,Business,Mobile App,0,Paid,Fair,Low DTI
LN21443,CUST11443,38,Female,Post Graduate,Salaried,13.7,351304,Rent,North,730,12,9,4,0.15,154900,60,10.48,3327.87,Personal,Online,0,Paid,Good,Low DTI
LN21444,CUST11444,53,Female,High School,Self-Employed,10.5,353148,Mortgage,South,836,12,10,1,0.111,213500,36,10.92,6981.63,Medical,Online,0,Paid,Very Good/Excellent,Low DTI
LN21445,CUST11445,36,Male,Graduate,Self-Employed,10.6,484674,Mortgage,West,619,8,8,0,0.337,166300,36,14.08,5690.2,Business,Online,0,Paid,Fair,Medium DTI
LN21446,CUST11446,65,Female,Graduate,Salaried,6.5,279496,Own,South,772,14,6,3,0.125,171400,12,10.92,15142.22,Education,Mobile App,0,Paid,Very Good/Excellent,Low DTI
LN21447,CUST11447,62,Female,Graduate,Salaried,0.0,410212,Mortgage,Central,610,1,10,1,0.183,195300,12,13.61,17499.61,Vehicle,Branch,0,Paid,Fair,Low DTI
LN21448,CUST11448,64,Male,Graduate,Self-Employed,11.4,1066091,Rent,West,672,2,6,0,0.044,646400,48,12.33,17127.11,Medical,Branch,0,Paid,Good,Low DTI
LN21449,CUST11449,22,Male,Graduate,Self-Employed,0.1,943645,Mortgage,South,675,6,6,1,0.02,534800,48,10.74,13754.76,Personal,Branch,0,Paid,Good,Low DTI
LN21450,CUST11450,55,Female,Graduate,Business,11.5,336802,Own,South,621,5,6,2,0.453,166300,48,16.73,4775.39,Vehicle,Branch,0,Paid,Fair,High DTI
LN21451,CUST11451,62,Female,Post Graduate,Contract,3.1,1016319,Rent,West,746,2,7,2,0.169,333400,48,12.89,8926.1,Business,Online,0,Paid,Very Good/Excellent,Low DTI
LN21452,CUST11452,54,Male,High School,Business,0.0,203443,Rent,South,565,13,6,1,0.263,55000,24,14.82,2662.06,Personal,Mobile App,0,Paid,Poor,Medium DTI
LN21453,CUST11453,50,Male,High School,Salaried,7.0,2282346,Mortgage,Central,695,6,8,4,0.279,596100,48,11.47,15542.93,Vehicle,Mobile App,0,Paid,Good,Medium DTI
LN21454,CUST11454,33,Female,High School,Business,12.9,1226723,Rent,North,761,7,7,7,0.231,768000,24,10.95,35776.99,Personal,Mobile App,0,Paid,Very Good/Excellent,Medium DTI
LN21455,CUST11455,33,Male,High School,Salaried,2.2,441014,Own,North,739,3,2,2,0.42,277500,24,9.66,12761.71,Personal,Mobile App,0,Paid,Good,High DTI
LN21456,CUST11456,38,Male,High School,Business,15.0,740455,Mortgage,South,717,11,10,2,0.048,379400,48,12.45,10075.09,Vehicle,Branch,0,Paid,Good,Low DTI
LN21457,CUST11457,52,Male,High School,Business,10.3,277667,Mortgage,East,799,8,4,1,0.588,164400,60,11.02,3576.09,Home,Online,0,Paid,Very Good/Excellent,High DTI
LN21458,CUST11458,52,Male,High School,Salaried,7.8,620281,Rent,West,664,4,11,1,0.197,378100,48,12.23,9999.57,Medical,Online,0,Paid,Fair,Low DTI
LN21459,CUST11459,55,Male,Graduate,Salaried,4.8,542352,Own,North,566,10,7,2,0.08,220100,60,14.05,5127.05,Medical,Branch,0,Paid,Poor,Low DTI
LN21460,CUST11460,59,Male,High School,Salaried,5.2,379104,Mortgage,East,690,9,2,1,0.285,176100,60,11.7,3890.6,Business,Online,0,Paid,Good,Medium DTI
LN21461,CUST11461,49,Male,High School,Salaried,9.2,463693,Rent,North,671,7,4,0,0.304,166600,24,11.69,7818.34,Home,Online,1,Default,Good,Medium DTI
LN21462,CUST11462,49,Female,Graduate,Self-Employed,11.2,439258,Own,East,521,13,2,2,0.343,157800,60,13.52,3632.58,Personal,Online,0,Paid,Poor,Medium DTI
LN21463,CUST11463,64,Male,Graduate,Business,4.0,321975,Rent,North,596,3,2,1,0.28,54500,36,12.03,1810.96,Medical,Mobile App,0,Paid,Fair,Medium DTI
LN21464,CUST11464,36,Male,Graduate,Salaried,3.0,374259,Own,East,586,15,7,1,0.158,137300,60,12.66,3100.15,Home,Online,0,Paid,Fair,Low DTI
LN21465,CUST11465,64,Female,Graduate,Salaried,5.9,271487,Own,East,619,14,11,1,0.19,132100,48,12.28,3496.89,Vehicle,Online,0,Paid,Fair,Low DTI
LN21466,CUST11466,30,Male,Graduate,Self-Employed,14.0,961468,Mortgage,North,654,15,2,1,0.2,347100,36,14.32,11917.07,Education,Mobile App,0,Paid,Fair,Medium DTI
LN21467,CUST11467,50,Male,Graduate,Salaried,0.9,359340,Rent,West,657,5,4,2,0.41,210600,48,11.72,5517.0,Medical,Branch,0,Paid,Fair,High DTI
LN21468,CUST11468,45,Female,Post Graduate,Business,12.7,306378,Own,East,622,9,7,0,0.099,96900,36,10.12,3132.15,Education,Online,0,Paid,Fair,Low DTI
LN21469,CUST11469,59,Male,Graduate,Self-Employed,7.2,953136,Mortgage,West,586,15,6,3,0.456,206200,60,14.15,4813.96,Personal,Mobile App,1,Default,Fair,High DTI
LN21470,CUST11470,40,Male,High School,Self-Employed,0.0,735258,Own,East,708,13,4,1,0.103,408600,24,12.82,19391.06,Business,Online,0,Paid,Good,Low DTI
LN21471,CUST11471,25,Male,Graduate,Business,4.7,933933,Own,West,689,12,9,2,0.367,454800,36,13.62,15460.18,Vehicle,Mobile App,0,Paid,Good,Medium DTI
LN21472,CUST11472,21,Male,Graduate,Self-Employed,10.0,993044,Mortgage,East,691,9,5,2,0.46,269000,12,12.38,23948.17,Education,Branch,0,Paid,Good,High DTI
LN21473,CUST11473,50,Female,Graduate,Salaried,16.0,1741548,Mortgage,Central,813,8,2,2,0.02,728400,36,8.59,23024.18,Personal,Online,0,Paid,Very Good/Excellent,Low DTI
LN21474,CUST11474,23,Male,Graduate,Business,0.4,550655,Own,Central,692,8,7,0,0.388,193200,24,10.92,8997.46,Personal,Mobile App,0,Paid,Good,Medium DTI
LN21475,CUST11475,65,Male,Graduate,Self-Employed,0.0,269144,Mortgage,West,653,9,10,0,0.041,166700,12,13.61,14936.94,Personal,Branch,0,Paid,Fair,Low DTI
LN21476,CUST11476,34,Male,High School,Business,0.5,696453,Rent,Central,672,5,12,2,0.354,316000,36,14.61,10893.99,Business,Branch,0,Paid,Good,Medium DTI
LN21477,CUST11477,50,Female,Graduate,Salaried,12.7,415290,Own,Central,687,13,2,2,0.101,95200,36,10.48,3093.33,Business,Mobile App,0,Paid,Good,Low DTI
LN21478,CUST11478,24,Female,Post Graduate,Salaried,0.0,354356,Mortgage,South,726,11,8,1,0.326,142100,12,11.93,12620.76,Home,Online,0,Paid,Good,Medium DTI
LN21479,CUST11479,38,Male,Graduate,Business,14.5,633898,Own,Central,677,13,7,2,0.216,368500,36,11.51,12153.41,Home,Online,0,Paid,Good,Medium DTI
LN21480,CUST11480,57,Male,High School,Salaried,13.1,965932,Mortgage,South,534,9,12,0,0.209,469200,60,13.25,10735.88,Business,Mobile App,0,Paid,Poor,Medium DTI
LN21481,CUST11481,45,Female,Post Graduate,Self-Employed,8.0,378847,Rent,North,647,15,9,2,0.075,216400,24,12.85,10272.81,Personal,Branch,0,Paid,Fair,Low DTI
LN21482,CUST11482,21,Male,Post Graduate,Self-Employed,3.9,1209356,Rent,Central,680,6,6,0,0.139,332800,36,12.1,11069.62,Personal,Branch,0,Paid,Good,Low DTI
LN21483,CUST11483,35,Female,Post Graduate,Self-Employed,7.3,348153,Own,South,778,13,7,0,0.41,206900,12,7.79,17977.82,Personal,Online,0,Paid,Very Good/Excellent,High DTI
LN21484,CUST11484,29,Female,Graduate,Salaried,10.1,524677,Mortgage,East,621,14,10,3,0.078,276900,24,13.49,13228.15,Medical,Online,0,Paid,Fair,Low DTI
LN21485,CUST11485,35,Female,Graduate,Salaried,9.3,742037,Mortgage,Central,557,6,9,2,0.239,381700,48,14.64,10553.47,Personal,Branch,0,Paid,Poor,Medium DTI
LN21486,CUST11486,44,Male,Graduate,Salaried,15.7,484727,Rent,North,685,11,7,2,0.31,156700,36,13.35,5306.3,Medical,Online,0,Paid,Good,Medium DTI
LN21487,CUST11487,24,Male,Graduate,Salaried,5.7,225908,Rent,South,745,10,9,4,0.397,134200,36,10.47,4359.93,Personal,Online,0,Paid,Very Good/Excellent,Medium DTI
LN21488,CUST11488,32,Male,Graduate,Contract,0.5,999249,Mortgage,East,650,14,8,2,0.128,468600,24,10.37,21703.62,Education,Branch,0,Paid,Fair,Low DTI
LN21489,CUST11489,57,Male,High School,Salaried,0.0,425823,Rent,West,850,12,5,0,0.378,245200,48,9.12,6115.79,Business,Online,0,Paid,Very Good/Excellent,Medium DTI
LN21490,CUST11490,57,Female,Post Graduate,Business,0.0,903814,Rent,West,841,6,7,6,0.106,298700,48,10.94,7711.36,Business,Branch,0,Paid,Very Good/Excellent,Low DTI
LN21491,CUST11491,63,Female,Post Graduate,Salaried,8.0,299361,Mortgage,Central,675,7,12,1,0.371,66700,24,12.26,3147.91,Personal,Branch,0,Paid,Good,Medium DTI
LN21492,CUST11492,26,Female,Graduate,Business,5.8,328830,Mortgage,North,694,9,7,2,0.365,104000,12,13.36,9306.57,Medical,Online,0,Paid,Good,Medium DTI
LN21493,CUST11493,59,Male,High School,Salaried,7.2,964170,Mortgage,South,783,15,1,1,0.244,364100,24,8.8,16600.42,Home,Branch,0,Paid,Very Good/Excellent,Medium DTI
LN21494,CUST11494,44,Female,Graduate,Salaried,4.3,723579,Mortgage,West,673,3,4,0,0.204,301500,48,13.62,8181.58,Home,Online,0,Paid,Good,Medium DTI
LN21495,CUST11495,31,Male,Graduate,Self-Employed,1.4,471400,Mortgage,West,620,12,5,2,0.401,191100,24,13.57,9136.49,Home,Mobile App,0,Paid,Fair,High DTI
LN21496,CUST11496,33,Male,Graduate,Self-Employed,10.1,729382,Mortgage,South,747,15,12,4,0.189,308500,36,10.76,10064.87,Home,Mobile App,0,Paid,Very Good/Excellent,Low DTI
LN21497,CUST11497,54,Male,Graduate,Salaried,0.0,355032,Own,South,715,13,6,1,0.091,202700,24,13.38,9672.95,Business,Mobile App,0,Paid,Good,Low DTI
LN21498,CUST11498,45,Male,Graduate,Salaried,3.0,637511,Rent,South,619,6,7,2,0.035,149800,24,13.58,7162.64,Vehicle,Online,0,Paid,Fair,Low DTI
LN21499,CUST11499,27,Male,Post Graduate,Salaried,10.9,643959,Rent,Central,701,13,5,2,0.462,198400,12,10.51,17489.61,Home,Mobile App,0,Paid,Good,High DTI
LN21500,CUST11500,24,Male,Graduate,Business,2.5,488505,Own,Central,668,10,2,1,0.207,290300,36,13.95,9914.72,Home,Mobile App,0,Paid,Fair,Medium DTI
LN21501,CUST11501,28,Female,High School,Contract,9.0,378995,Rent,North,651,5,5,1,0.057,163100,24,12.37,7705.9,Vehicle,Branch,0,Paid,Fair,Low DTI
LN21502,CUST11502,40,Male,Graduate,Salaried,3.0,623636,Mortgage,South,621,4,5,1,0.192,275500,36,13.24,9314.56,Business,Branch,0,Paid,Fair,Low DTI
LN21503,CUST11503,49,Male,Post Graduate,Self-Employed,4.7,582128,Mortgage,South,689,8,7,0,0.396,226500,36,10.87,7401.38,Medical,Online,0,Paid,Good,Medium DTI
LN21504,CUST11504,65,Female,High School,Salaried,9.9,464391,Mortgage,Central,660,3,3,3,0.243,197100,36,12.52,6595.6,Vehicle,Online,0,Paid,Fair,Medium DTI
LN21505,CUST11505,30,Male,Post Graduate,Salaried,0.6,339791,Mortgage,Central,701,15,1,1,0.244,84600,48,10.57,2168.91,Personal,Branch,0,Paid,Good,Medium DTI
LN21506,CUST11506,63,Male,Graduate,Salaried,10.7,604132,Mortgage,West,741,2,12,0,0.196,255800,48,11.13,6627.45,Personal,Branch,0,Paid,Very Good/Excellent,Low DTI
LN21507,CUST11507,54,Female,Post Graduate,Business,7.2,465030,Rent,North,697,4,6,1,0.072,301600,48,12.09,7955.62,Personal,Online,0,Paid,Good,Low DTI
LN21508,CUST11508,46,Female,Graduate,Salaried,13.3,339634,Rent,North,699,3,12,1,0.193,147100,60,12.92,3340.96,Education,Online,0,Paid,Good,Low DTI
LN21509,CUST11509,61,Male,Graduate,Business,8.0,614538,Mortgage,South,639,7,7,1,0.164,105800,24,10.81,4921.78,Personal,Mobile App,0,Paid,Fair,Low DTI
LN21510,CUST11510,23,Male,Graduate,Salaried,1.7,1453163,Rent,Central,768,12,11,1,0.21,796600,24,12.48,37677.54,Education,Online,0,Paid,Very Good/Excellent,Medium DTI
LN21511,CUST11511,26,Male,Post Graduate,Business,15.6,490377,Rent,North,616,13,10,2,0.452,170800,36,14.81,5904.96,Personal,Branch,0,Paid,Fair,High DTI
LN21512,CUST11512,25,Male,Graduate,Self-Employed,2.1,1367455,Own,West,559,4,8,2,0.2,310200,36,13.83,10576.31,Home,Branch,0,Paid,Poor,Medium DTI
LN21513,CUST11513,25,Female,High School,Salaried,5.9,1919485,Mortgage,North,600,10,7,3,0.44,1115700,36,13.69,37964.21,Medical,Branch,0,Paid,Fair,High DTI
LN21514,CUST11514,43,Male,Post Graduate,Business,11.8,355153,Rent,East,758,12,7,2,0.174,88400,12,11.59,7837.29,Medical,Online,0,Paid,Very Good/Excellent,Low DTI
LN21515,CUST11515,29,Male,High School,Salaried,0.0,602992,Rent,West,714,9,7,2,0.22,368100,36,11.92,12212.13,Education,Branch,0,Paid,Good,Medium DTI
LN21516,CUST11516,55,Male,Post Graduate,Salaried,14.2,1908327,Rent,West,778,13,1,1,0.24,707800,60,11.74,15651.78,Home,Online,0,Paid,Very Good/Excellent,Medium DTI
LN21517,CUST11517,40,Male,High School,Salaried,1.2,561345,Own,West,581,12,9,2,0.342,292700,36,13.2,9890.44,Business,Mobile App,1,Default,Fair,Medium DTI
LN21518,CUST11518,62,Male,Graduate,Salaried,4.7,612272,Rent,West,850,11,9,3,0.2,259300,60,8.61,5333.69,Personal,Online,0,Paid,Very Good/Excellent,Medium DTI
LN21519,CUST11519,55,Male,Graduate,Salaried,8.4,239470,Rent,South,659,5,7,0,0.067,66600,36,13.26,2252.37,Business,Online,0,Paid,Fair,Low DTI
LN21520,CUST11520,38,Male,Graduate,Salaried,6.8,447876,Rent,South,548,14,9,2,0.285,217500,24,11.99,10237.46,Business,Online,0,Paid,Poor,Medium DTI
LN21521,CUST11521,37,Female,Post Graduate,Salaried,10.9,814442,Mortgage,West,845,3,11,1,0.118,512200,36,10.75,16708.2,Education,Branch,0,Paid,Very Good/Excellent,Low DTI
LN21522,CUST11522,44,Male,Graduate,Salaried,0.0,2282519,Own,North,582,2,4,1,0.257,1200000,36,14.85,41510.3,Personal,Branch,0,Paid,Fair,Medium DTI
LN21523,CUST11523,23,Male,Graduate,Contract,10.6,538682,Mortgage,East,650,6,7,1,0.292,243500,36,11.58,8038.93,Business,Online,0,Paid,Fair,Medium DTI
LN21524,CUST11524,52,Male,Graduate,Business,11.0,240444,Mortgage,Central,665,14,2,1,0.238,155200,36,14.66,5354.25,Personal,Branch,0,Paid,Fair,Medium DTI
LN21525,CUST11525,55,Female,High School,Salaried,12.1,277007,Mortgage,Central,713,6,6,1,0.064,78300,36,11.28,2573.84,Vehicle,Online,0,Paid,Good,Low DTI
LN21526,CUST11526,58,Female,Graduate,Business,0.0,588305,Rent,West,621,1,2,0,0.204,106600,12,12.53,9497.73,Personal,Mobile App,0,Paid,Fair,Medium DTI
LN21527,CUST11527,33,Male,Graduate,Self-Employed,0.0,1146413,Mortgage,North,758,7,10,1,0.385,190400,24,10.15,8799.18,Personal,Online,0,Paid,Very Good/Excellent,Medium DTI
LN21528,CUST11528,45,Female,Graduate,Salaried,5.3,851904,Mortgage,Central,737,12,3,1,0.398,430500,36,12.12,14323.45,Business,Mobile App,0,Paid,Good,Medium DTI
LN21529,CUST11529,29,Female,Post Graduate,Salaried,0.2,772839,Mortgage,Central,681,5,11,3,0.111,436700,60,11.7,9648.08,Home,Mobile App,0,Paid,Good,Low DTI
LN21530,CUST11530,24,Male,Graduate,Contract,0.0,1232696,Own,West,779,7,11,3,0.275,576300,36,8.66,18235.13,Personal,Mobile App,0,Paid,Very Good/Excellent,Medium DTI
LN21531,CUST11531,34,Male,Post Graduate,Business,5.1,403753,Own,South,675,12,1,1,0.354,243300,60,12.89,5522.13,Home,Mobile App,0,Paid,Good,Medium DTI
LN21532,CUST11532,57,Female,Post Graduate,Business,8.2,606334,Mortgage,East,659,4,7,1,0.15,302600,36,12.18,10076.68,Education,Online,0,Paid,Fair,Low DTI
LN21533,CUST11533,54,Male,Post Graduate,Self-Employed,21.0,450663,Rent,West,830,5,12,2,0.165,151200,24,11.68,7094.94,Education,Online,0,Paid,Very Good/Excellent,Low DTI
LN21534,CUST11534,31,Male,High School,Self-Employed,9.7,516786,Rent,West,702,7,2,1,0.249,124400,24,12.43,5880.95,Personal,Online,0,Paid,Good,Medium DTI
LN21535,CUST11535,61,Male,Post Graduate,Self-Employed,15.8,344978,Mortgage,South,606,6,3,1,0.149,211200,36,13.81,7198.84,Business,Online,0,Paid,Fair,Low DTI
LN21536,CUST11536,23,Male,High School,Business,6.8,496579,Rent,South,616,14,12,0,0.21,100200,60,14.78,2372.2,Home,Online,0,Paid,Fair,Medium DTI
LN21537,CUST11537,48,Female,Graduate,Business,9.8,590923,Own,West,681,1,1,1,0.254,249100,48,12.53,6624.77,Business,Branch,0,Paid,Good,Medium DTI
LN21538,CUST11538,49,Male,Post Graduate,Salaried,6.3,489126,Rent,West,500,1,3,1,0.462,150200,60,16.17,3666.15,Home,Branch,0,Paid,Poor,High DTI
LN21539,CUST11539,29,Male,Graduate,Self-Employed,20.4,549136,Rent,East,633,2,11,4,0.154,156900,60,12.03,3492.53,Education,Mobile App,0,Paid,Fair,Low DTI
LN21540,CUST11540,23,Male,Graduate,Self-Employed,3.6,749722,Mortgage,South,672,13,4,3,0.038,354600,36,14.89,12273.23,Vehicle,Branch,0,Paid,Good,Low DTI
LN21541,CUST11541,45,Male,Graduate,Salaried,4.3,1185847,Own,West,667,13,7,1,0.25,315000,48,12.91,8436.6,Home,Branch,0,Paid,Fair,Medium DTI
LN21542,CUST11542,54,Male,Graduate,Salaried,11.0,1234061,Mortgage,North,586,11,6,2,0.098,750500,36,11.91,24895.09,Education,Online,0,Paid,Fair,Low DTI
LN21543,CUST11543,32,Female,Graduate,Business,8.0,912065,Own,North,646,11,1,4,0.253,322000,48,13.02,8641.65,Education,Mobile App,0,Paid,Fair,Medium DTI
LN21544,CUST11544,62,Male,Post Graduate,Contract,4.9,300047,Mortgage,East,768,3,11,1,0.191,146600,36,11.26,4817.57,Education,Mobile App,0,Paid,Very Good/Excellent,Low DTI
LN21545,CUST11545,29,Female,Graduate,Business,11.8,492111,Own,North,753,1,4,0,0.277,252900,36,11.39,8326.41,Medical,Online,0,Paid,Very Good/Excellent,Medium DTI
LN21546,CUST11546,35,Male,High School,Salaried,6.8,515983,Mortgage,West,687,10,9,3,0.235,253600,36,8.75,8034.94,Home,Online,0,Paid,Good,Medium DTI
LN21547,CUST11547,60,Male,High School,Salaried,6.8,418007,Own,West,675,2,3,2,0.234,251500,12,11.55,22292.56,Personal,Online,0,Paid,Good,Medium DTI
LN21548,CUST11548,45,Male,High School,Salaried,8.2,724312,Own,West,668,14,6,3,0.157,192400,36,10.41,6245.31,Medical,Branch,0,Paid,Fair,Low DTI
LN21549,CUST11549,25,Male,Graduate,Self-Employed,0.0,249647,Own,Central,698,12,11,1,0.196,50000,60,9.98,1061.86,Personal,Online,0,Paid,Good,Low DTI
LN21550,CUST11550,31,Female,High School,Business,0.0,1522930,Own,North,688,2,2,2,0.211,270700,36,12.43,9046.81,Vehicle,Mobile App,0,Paid,Good,Medium DTI
LN21551,CUST11551,54,Male,Graduate,Business,12.4,1157828,Rent,South,704,7,5,2,0.134,681900,36,11.1,22356.84,Education,Branch,0,Paid,Good,Low DTI
LN21552,CUST11552,44,Male,High School,Business,3.6,780505,Mortgage,South,718,11,9,0,0.341,496900,24,11.18,23200.98,Personal,Branch,0,Paid,Good,Medium DTI
LN21553,CUST11553,35,Female,Graduate,Salaried,6.3,579850,Rent,West,589,13,12,0,0.261,174700,48,12.32,4628.02,Medical,Mobile App,0,Paid,Fair,Medium DTI
LN21554,CUST11554,58,Female,High School,Salaried,15.1,1179436,Mortgage,East,657,12,2,4,0.266,585900,36,14.71,20227.31,Home,Mobile App,0,Paid,Fair,Medium DTI
LN21555,CUST11555,28,Female,Post Graduate,Contract,6.6,876645,Own,South,695,6,3,1,0.299,135400,60,12.13,3020.8,Business,Branch,0,Paid,Good,Medium DTI
LN21556,CUST11556,25,Male,Graduate,Business,5.9,1102770,Mortgage,North,608,9,12,2,0.092,269400,60,11.1,5870.85,Personal,Online,0,Paid,Fair,Low DTI
LN21557,CUST11557,46,Female,High School,Salaried,11.5,580826,Mortgage,Central,629,10,2,3,0.158,287300,60,14.03,6689.44,Home,Branch,0,Paid,Fair,Low DTI
LN21558,CUST11558,38,Female,Post Graduate,Salaried,4.0,1605277,Rent,West,664,14,2,3,0.093,293700,24,12.03,13829.59,Education,Branch,0,Paid,Fair,Low DTI
LN21559,CUST11559,26,Male,Graduate,Self-Employed,13.0,1139925,Mortgage,East,667,5,6,2,0.408,438000,36,14.29,15031.57,Education,Mobile App,0,Paid,Fair,High DTI
LN21560,CUST11560,57,Male,Post Graduate,Self-Employed,11.4,794072,Mortgage,Central,696,3,6,3,0.094,382200,60,12.05,8511.49,Business,Branch,0,Paid,Good,Low DTI
LN21561,CUST11561,33,Female,Graduate,Salaried,16.2,1197169,Rent,West,616,1,5,0,0.36,638100,60,12.22,14265.22,Business,Branch,0,Paid,Fair,Medium DTI
LN21562,CUST11562,48,Male,Graduate,Salaried,3.5,476463,Rent,North,753,1,2,4,0.246,179600,60,10.39,3850.53,Medical,Branch,0,Paid,Very Good/Excellent,Medium DTI
LN21563,CUST11563,25,Female,Graduate,Self-Employed,13.8,315704,Rent,East,667,2,1,1,0.388,146800,36,11.89,4868.15,Home,Online,0,Paid,Fair,Medium DTI
LN21564,CUST11564,33,Male,Graduate,Salaried,9.8,716073,Mortgage,East,691,15,3,1,0.211,300600,36,12.87,10109.59,Medical,Online,0,Paid,Good,Medium DTI
LN21565,CUST11565,37,Female,Graduate,Contract,0.4,581453,Own,West,652,13,3,2,0.272,102400,24,11.54,4798.36,Business,Online,0,Paid,Fair,Medium DTI
LN21566,CUST11566,60,Male,Graduate,Salaried,0.0,538176,Rent,North,698,11,9,0,0.191,280600,60,13.9,6514.53,Personal,Online,0,Paid,Good,Low DTI
LN21567,CUST11567,65,Male,Graduate,Self-Employed,3.0,1171337,Own,South,805,11,4,0,0.151,276600,48,10.98,7146.19,Home,Online,0,Paid,Very Good/Excellent,Low DTI
LN21568,CUST11568,52,Male,Graduate,Self-Employed,8.5,657771,Mortgage,West,652,3,9,0,0.359,109100,12,13.06,9747.59,Home,Branch,0,Paid,Fair,Medium DTI
LN21569,CUST11569,49,Female,Graduate,Salaried,9.2,693598,Mortgage,Central,639,11,11,1,0.05,260500,24,13.02,12387.09,Medical,Mobile App,0,Paid,Fair,Low DTI
LN21570,CUST11570,23,Male,Graduate,Salaried,6.7,501223,Rent,Central,618,10,1,3,0.315,292100,36,13.2,9870.17,Home,Mobile App,0,Paid,Fair,Medium DTI
LN21571,CUST11571,60,Male,Graduate,Self-Employed,6.7,974133,Rent,East,676,14,3,3,0.124,219600,48,10.46,5618.26,Business,Online,0,Paid,Good,Low DTI
LN21572,CUST11572,54,Male,Graduate,Salaried,6.4,882679,Own,East,675,14,1,2,0.157,138100,24,12.81,6553.21,Education,Online,0,Paid,Good,Low DTI
LN21573,CUST11573,60,Male,High School,Salaried,12.2,970142,Rent,Central,684,14,6,1,0.087,198900,24,15.13,9656.28,Vehicle,Online,0,Paid,Good,Low DTI
LN21574,CUST11574,47,Male,Post Graduate,Salaried,0.0,456430,Own,West,715,10,1,1,0.325,151500,24,12.81,7189.07,Personal,Online,0,Paid,Good,Medium DTI
LN21575,CUST11575,33,Female,Post Graduate,Salaried,8.3,1229273,Own,Central,706,5,2,2,0.119,541000,24,12.57,25610.99,Medical,Online,0,Paid,Good,Low DTI
LN21576,CUST11576,65,Male,Graduate,Contract,2.9,1649541,Mortgage,Central,678,7,9,0,0.331,406600,60,10.03,8645.05,Personal,Branch,0,Paid,Good,Medium DTI
LN21577,CUST11577,53,Male,Graduate,Self-Employed,2.5,953415,Rent,West,827,4,11,0,0.16,525300,48,11.72,13761.06,Education,Online,0,Paid,Very Good/Excellent,Low DTI
LN21578,CUST11578,26,Female,Graduate,Salaried,12.9,384453,Mortgage,North,732,10,1,1,0.351,202500,48,12.72,5404.47,Home,Online,0,Paid,Good,Medium DTI
LN21579,CUST11579,44,Female,Graduate,Contract,2.1,385954,Mortgage,South,598,11,4,1,0.392,192200,48,15.28,5376.39,Vehicle,Branch,0,Paid,Fair,Medium DTI
LN21580,CUST11580,39,Female,Post Graduate,Salaried,6.3,488077,Mortgage,South,564,6,6,2,0.242,192200,36,12.68,6446.39,Personal,Online,0,Paid,Poor,Medium DTI
LN21581,CUST11581,36,Male,High School,Salaried,16.8,439889,Own,West,628,6,2,2,0.373,146300,48,12.48,3887.21,Home,Branch,0,Paid,Fair,Medium DTI
LN21582,CUST11582,60,Male,High School,Salaried,11.2,576992,Rent,South,691,13,1,1,0.126,194900,60,9.91,4132.42,Education,Online,0,Paid,Good,Low DTI
LN21583,CUST11583,48,Female,Post Graduate,Business,4.7,849606,Mortgage,South,622,11,4,1,0.288,341100,48,10.81,8784.47,Home,Online,0,Paid,Fair,Medium DTI
LN21584,CUST11584,53,Female,Graduate,Self-Employed,5.1,703736,Rent,South,633,2,3,1,0.132,132800,36,12.14,4419.75,Education,Online,0,Paid,Fair,Low DTI
LN21585,CUST11585,61,Male,Graduate,Salaried,0.9,670611,Own,Central,682,6,7,1,0.399,329400,48,12.97,8832.07,Home,Online,0,Paid,Good,Medium DTI
LN21586,CUST11586,33,Female,Post Graduate,Salaried,13.5,525457,Mortgage,South,654,5,7,3,0.45,171200,60,12.07,3814.31,Education,Online,0,Paid,Fair,High DTI
LN21587,CUST11587,63,Female,Graduate,Self-Employed,12.1,576119,Mortgage,North,526,15,12,1,0.592,151200,24,13.61,7231.72,Business,Online,1,Default,Poor,High DTI
LN21588,CUST11588,65,Female,Graduate,Self-Employed,10.4,929871,Mortgage,North,761,11,10,0,0.22,268900,36,11.59,8878.76,Business,Online,1,Default,Very Good/Excellent,Medium DTI
LN21589,CUST11589,45,Female,Graduate,Business,11.0,198413,Mortgage,South,743,6,11,2,0.159,50000,60,6.49,978.07,Medical,Branch,0,Paid,Very Good/Excellent,Low DTI
LN21590,CUST11590,62,Male,Graduate,Salaried,3.1,596253,Mortgage,Central,584,4,7,0,0.178,358200,60,12.93,8137.32,Personal,Online,0,Paid,Fair,Low DTI
LN21591,CUST11591,56,Female,Graduate,Self-Employed,0.0,702976,Own,Central,684,1,9,0,0.326,164900,36,12.75,5536.3,Home,Online,0,Paid,Good,Medium DTI
LN21592,CUST11592,47,Male,Post Graduate,Business,9.8,923250,Rent,East,596,9,9,4,0.248,546100,36,12.95,18387.12,Home,Branch,0,Paid,Fair,Medium DTI
LN21593,CUST11593,58,Female,High School,Self-Employed,11.4,344262,Mortgage,West,634,14,4,2,0.118,150100,36,14.94,5198.86,Personal,Branch,0,Paid,Fair,Low DTI
LN21594,CUST11594,27,Male,Graduate,Salaried,15.0,334397,Mortgage,West,716,3,9,0,0.35,195200,36,10.77,6369.36,Business,Online,0,Paid,Good,Medium DTI
LN21595,CUST11595,25,Female,Graduate,Salaried,6.0,827248,Mortgage,North,741,14,11,1,0.346,320200,60,10.5,6882.35,Home,Online,0,Paid,Very Good/Excellent,Medium DTI
LN21596,CUST11596,63,Male,Graduate,Self-Employed,5.3,210499,Mortgage,South,739,15,7,1,0.269,129200,24,9.94,5958.35,Medical,Branch,0,Paid,Good,Medium DTI
LN21597,CUST11597,65,Female,Graduate,Business,5.8,1248420,Rent,West,698,1,6,2,0.06,319300,36,10.89,10436.85,Vehicle,Online,0,Paid,Good,Low DTI
LN21598,CUST11598,51,Male,High School,Salaried,10.4,679635,Mortgage,Central,776,14,11,0,0.275,290400,60,11.28,6354.63,Business,Branch,0,Paid,Very Good/Excellent,Medium DTI
LN21599,CUST11599,43,Female,High School,Salaried,5.6,1414069,Own,West,634,14,9,2,0.152,301100,36,14.2,10320.16,Education,Branch,1,Default,Fair,Low DTI
LN21600,CUST11600,62,Male,Post Graduate,Salaried,6.7,329983,Mortgage,South,651,4,4,2,0.115,123300,48,15.97,3492.46,Education,Branch,0,Paid,Fair,Low DTI
LN21601,CUST11601,30,Female,Graduate,Salaried,11.2,471978,Own,Central,485,14,1,2,0.235,205300,36,16.09,7226.86,Vehicle,Online,0,Paid,Poor,Medium DTI
LN21602,CUST11602,52,Male,Graduate,Salaried,3.9,180000,Mortgage,West,673,7,6,0,0.21,81500,60,10.64,1757.41,Education,Mobile App,0,Paid,Good,Medium DTI
LN21603,CUST11603,63,Female,Graduate,Salaried,14.0,387339,Mortgage,West,723,4,1,0,0.248,128900,60,13.52,2967.3,Personal,Mobile App,1,Default,Good,Medium DTI
LN21604,CUST11604,50,Female,High School,Salaried,10.2,542297,Own,South,701,11,10,2,0.33,102000,36,12.72,3423.04,Medical,Online,0,Paid,Good,Medium DTI
LN21605,CUST11605,59,Female,Graduate,Salaried,0.0,203861,Rent,North,633,4,9,1,0.143,97400,60,13.05,2218.64,Personal,Online,0,Paid,Fair,Low DTI
LN21606,CUST11606,51,Male,Post Graduate,Self-Employed,4.4,482936,Own,North,743,9,5,1,0.15,190400,60,12.96,4328.29,Education,Branch,0,Paid,Very Good/Excellent,Low DTI
LN21607,CUST11607,38,Male,Graduate,Salaried,0.0,201118,Rent,Central,674,11,2,0,0.319,50000,60,15.94,1214.31,Personal,Branch,0,Paid,Good,Medium DTI
LN21608,CUST11608,56,Female,Post Graduate,Self-Employed,6.0,520779,Mortgage,North,737,15,12,1,0.147,321800,36,11.16,10559.72,Education,Branch,0,Paid,Good,Low DTI
LN21609,CUST11609,22,Male,Graduate,Salaried,4.5,1127594,Rent,East,716,6,8,0,0.41,707900,36,10.51,23011.82,Personal,Mobile App,0,Paid,Good,High DTI
LN21610,CUST11610,34,Female,Graduate,Salaried,11.2,588567,Mortgage,South,787,9,10,1,0.377,340400,36,12.69,11418.66,Medical,Online,0,Paid,Very Good/Excellent,Medium DTI
LN21611,CUST11611,33,Male,Post Graduate,Self-Employed,2.6,1493599,Own,South,705,12,11,0,0.404,854200,36,15.91,29993.2,Education,Branch,0,Paid,Good,High DTI
LN21612,CUST11612,49,Male,High School,Self-Employed,8.9,924627,Own,South,726,12,6,3,0.227,184300,36,11.83,6106.44,Business,Online,0,Paid,Good,Medium DTI
LN21613,CUST11613,32,Female,Graduate,Business,9.8,1259426,Own,North,674,13,3,1,0.279,814500,24,12.44,38508.92,Vehicle,Online,0,Paid,Good,Medium DTI
LN21614,CUST11614,59,Female,Post Graduate,Salaried,8.3,393944,Own,North,642,2,11,2,0.098,138000,48,13.13,3711.1,Vehicle,Online,0,Paid,Fair,Low DTI
LN21615,CUST11615,22,Male,Graduate,Self-Employed,12.7,388737,Own,North,717,7,2,0,0.263,90000,36,12.42,3007.37,Home,Branch,0,Paid,Good,Medium DTI
LN21616,CUST11616,52,Male,High School,Salaried,17.3,725613,Mortgage,North,793,7,10,4,0.252,403500,60,8.49,8276.48,Personal,Branch,0,Paid,Very Good/Excellent,Medium DTI
LN21617,CUST11617,33,Female,Graduate,Self-Employed,7.6,251941,Own,North,634,14,11,2,0.509,66200,60,13.45,1521.55,Business,Online,1,Default,Fair,High DTI
LN21618,CUST11618,47,Male,High School,Salaried,9.0,777481,Mortgage,West,661,8,4,1,0.132,321200,36,13.0,10822.5,Personal,Branch,0,Paid,Fair,Low DTI
LN21619,CUST11619,61,Male,Post Graduate,Business,2.6,502087,Mortgage,North,682,10,1,0,0.264,107500,36,12.59,3600.91,Business,Branch,0,Paid,Good,Medium DTI
LN21620,CUST11620,37,Female,High School,Self-Employed,1.9,1246915,Mortgage,South,731,11,1,1,0.277,483000,48,11.79,12669.5,Vehicle,Online,0,Paid,Good,Medium DTI
LN21621,CUST11621,60,Male,Graduate,Business,12.2,871888,Own,West,706,9,5,2,0.475,374100,24,12.05,17618.92,Medical,Online,1,Default,Good,High DTI
LN21622,CUST11622,51,Male,Post Graduate,Contract,11.5,1096763,Rent,North,748,8,10,1,0.252,409100,12,8.13,35611.56,Business,Online,0,Paid,Very Good/Excellent,Medium DTI
LN21623,CUST11623,54,Male,High School,Contract,1.9,396278,Mortgage,Central,828,2,9,0,0.029,73200,60,9.0,1519.51,Home,Branch,0,Paid,Very Good/Excellent,Low DTI
LN21624,CUST11624,44,Female,Post Graduate,Self-Employed,0.5,1067896,Mortgage,East,632,3,12,2,0.168,419100,24,14.3,20181.65,Vehicle,Branch,0,Paid,Fair,Low DTI
LN21625,CUST11625,65,Female,High School,Business,3.8,1328122,Own,Central,726,12,5,0,0.115,510600,60,13.25,11683.17,Business,Branch,0,Paid,Good,Low DTI
LN21626,CUST11626,55,Male,Post Graduate,Salaried,6.3,587359,Mortgage,North,704,2,6,1,0.349,164900,60,11.31,3610.87,Personal,Online,0,Paid,Good,Medium DTI
LN21627,CUST11627,26,Male,Graduate,Salaried,5.0,399529,Mortgage,North,681,1,10,2,0.119,244000,36,10.85,7970.93,Business,Mobile App,0,Paid,Good,Low DTI
LN21628,CUST11628,39,Female,High School,Self-Employed,7.8,403407,Rent,East,725,13,9,2,0.031,144800,60,12.7,3272.45,Personal,Online,0,Paid,Good,Low DTI
LN21629,CUST11629,50,Male,Graduate,Contract,11.6,1186054,Rent,South,660,7,3,0,0.197,690400,36,13.01,23265.63,Personal,Mobile App,0,Paid,Fair,Low DTI
LN21630,CUST11630,27,Female,Graduate,Business,9.3,2626270,Mortgage,East,704,8,12,0,0.119,537900,60,11.76,11900.15,Vehicle,Online,0,Paid,Good,Low DTI
LN21631,CUST11631,30,Male,High School,Salaried,9.7,349682,Rent,East,582,5,4,3,0.084,108200,60,15.06,2577.48,Home,Branch,0,Paid,Fair,Low DTI
LN21632,CUST11632,61,Male,Graduate,Self-Employed,0.0,335205,Mortgage,South,640,10,2,2,0.367,79800,12,11.13,7057.7,Vehicle,Branch,0,Paid,Fair,Medium DTI
LN21633,CUST11633,52,Female,Graduate,Salaried,0.0,995960,Own,Central,759,13,4,2,0.316,352800,36,12.86,11863.45,Home,Mobile App,0,Paid,Very Good/Excellent,Medium DTI
LN21634,CUST11634,54,Male,Post Graduate,Salaried,3.0,396342,Rent,North,756,11,8,0,0.148,81600,36,8.91,2591.44,Personal,Branch,0,Paid,Very Good/Excellent,Low DTI
LN21635,CUST11635,48,Male,Post Graduate,Salaried,3.8,1050504,Own,East,699,14,2,2,0.052,389200,12,10.78,34358.21,Education,Online,0,Paid,Good,Low DTI
LN21636,CUST11636,35,Male,Post Graduate,Salaried,11.2,775005,Rent,South,646,9,4,1,0.326,253400,60,11.25,5541.18,Education,Online,1,Default,Fair,Medium DTI
LN21637,CUST11637,50,Male,High School,Salaried,2.6,592139,Own,West,742,4,8,3,0.151,154900,36,10.5,5034.63,Personal,Mobile App,0,Paid,Very Good/Excellent,Low DTI
LN21638,CUST11638,57,Female,Graduate,Business,10.3,764811,Mortgage,North,773,1,7,0,0.179,360300,36,11.36,11857.28,Home,Online,0,Paid,Very Good/Excellent,Low DTI
LN21639,CUST11639,49,Female,High School,Self-Employed,3.1,739548,Mortgage,East,649,4,9,2,0.064,462600,24,13.78,22162.71,Vehicle,Online,0,Paid,Fair,Low DTI
LN21640,CUST11640,42,Male,High School,Salaried,1.0,543563,Mortgage,East,571,5,2,0,0.162,137800,36,13.81,4696.97,Education,Online,0,Paid,Poor,Low DTI
LN21641,CUST11641,24,Male,Graduate,Salaried,1.2,228362,Rent,Central,714,11,4,2,0.06,115500,60,9.87,2446.65,Education,Online,0,Paid,Good,Low DTI
LN21642,CUST11642,40,Male,Post Graduate,Business,18.3,661948,Mortgage,West,749,12,9,1,0.128,345000,36,8.26,10852.47,Vehicle,Online,0,Paid,Very Good/Excellent,Low DTI
LN21643,CUST11643,52,Female,Post Graduate,Contract,3.0,1425265,Rent,North,724,15,6,3,0.492,568800,48,12.91,15234.08,Business,Branch,0,Paid,Good,High DTI
LN21644,CUST11644,56,Female,Post Graduate,Business,10.5,247672,Mortgage,East,797,8,9,2,0.228,148300,48,11.63,3878.42,Business,Branch,0,Paid,Very Good/Excellent,Medium DTI
LN21645,CUST11645,24,Female,Graduate,Salaried,0.0,352746,Rent,West,798,5,9,5,0.133,223400,24,12.14,10530.83,Home,Online,0,Paid,Very Good/Excellent,Low DTI
LN21646,CUST11646,47,Male,Post Graduate,Salaried,14.1,758759,Rent,East,657,12,7,2,0.311,251200,36,12.45,8397.53,Business,Mobile App,0,Paid,Fair,Medium DTI
LN21647,CUST11647,37,Female,Graduate,Salaried,8.7,612871,Own,South,695,10,7,2,0.367,291400,24,13.08,13864.64,Medical,Branch,1,Default,Good,Medium DTI
LN21648,CUST11648,32,Female,Post Graduate,Salaried,8.4,752258,Rent,South,643,9,8,2,0.276,361900,12,11.9,32137.45,Vehicle,Branch,0,Paid,Fair,Medium DTI
LN21649,CUST11649,42,Female,High School,Self-Employed,9.1,408424,Mortgage,South,603,6,2,2,0.345,143700,12,14.18,12914.58,Business,Branch,0,Paid,Fair,Medium DTI
LN21650,CUST11650,37,Male,High School,Salaried,9.6,1137151,Own,North,608,14,10,1,0.158,350700,60,12.66,7918.6,Business,Branch,0,Paid,Fair,Low DTI
LN21651,CUST11651,30,Male,Graduate,Contract,11.0,615679,Own,West,734,8,12,7,0.14,379800,60,10.27,8120.18,Business,Online,0,Paid,Good,Low DTI
LN21652,CUST11652,21,Male,High School,Business,4.0,880308,Rent,East,703,3,7,2,0.201,479800,24,12.3,22653.13,Personal,Mobile App,0,Paid,Good,Medium DTI
LN21653,CUST11653,42,Male,High School,Salaried,3.7,715572,Own,South,747,13,6,3,0.221,148300,36,11.56,4894.57,Business,Mobile App,0,Paid,Very Good/Excellent,Medium DTI
LN21654,CUST11654,46,Male,High School,Self-Employed,7.2,660800,Own,West,850,3,7,0,0.093,138700,24,11.12,6472.24,Personal,Online,0,Paid,Very Good/Excellent,Low DTI
LN21655,CUST11655,38,Female,Post Graduate,Self-Employed,10.4,846989,Mortgage,South,717,9,6,1,0.041,517700,60,9.82,10953.8,Home,Mobile App,0,Paid,Good,Low DTI
LN21656,CUST11656,34,Female,Post Graduate,Self-Employed,6.7,664808,Mortgage,South,621,6,11,3,0.118,126800,36,14.58,4369.53,Medical,Branch,0,Paid,Fair,Low DTI
LN21657,CUST11657,49,Male,Graduate,Business,10.9,311787,Rent,West,758,4,3,2,0.437,154100,36,11.32,5068.42,Education,Online,0,Paid,Very Good/Excellent,High DTI
LN21658,CUST11658,32,Female,Post Graduate,Salaried,10.1,1091137,Own,West,620,8,5,2,0.198,287400,36,14.8,9934.69,Business,Mobile App,0,Paid,Fair,Low DTI
LN21659,CUST11659,56,Male,Post Graduate,Self-Employed,5.9,940959,Own,West,811,4,3,3,0.127,157700,48,11.92,4146.65,Personal,Online,0,Paid,Very Good/Excellent,Low DTI
LN21660,CUST11660,55,Female,High School,Salaried,0.0,188324,Mortgage,West,532,11,6,4,0.287,50000,36,10.87,1633.86,Personal,Online,0,Paid,Poor,Medium DTI
LN21661,CUST11661,32,Male,Graduate,Salaried,4.5,418685,Mortgage,South,639,4,3,4,0.286,141000,24,14.49,6802.5,Business,Mobile App,0,Paid,Fair,Medium DTI
LN21662,CUST11662,27,Female,Post Graduate,Self-Employed,15.7,1064465,Rent,North,727,12,12,2,0.347,201000,12,13.23,17974.47,Personal,Branch,0,Paid,Good,Medium DTI
LN21663,CUST11663,49,Male,Post Graduate,Salaried,8.7,219668,Mortgage,East,768,7,2,2,0.094,98500,36,9.09,3136.4,Education,Branch,0,Paid,Very Good/Excellent,Low DTI
LN21664,CUST11664,31,Male,Graduate,Salaried,3.8,1008169,Rent,South,629,7,11,2,0.21,477500,60,10.72,10315.45,Home,Branch,0,Paid,Fair,Medium DTI
LN21665,CUST11665,53,Male,Graduate,Salaried,8.3,555160,Own,West,616,12,4,1,0.268,186900,36,14.42,6425.99,Home,Online,0,Paid,Fair,Medium DTI
LN21666,CUST11666,26,Male,Post Graduate,Salaried,10.4,1253989,Mortgage,South,691,8,9,2,0.299,653900,24,12.31,30876.09,Home,Online,0,Paid,Good,Medium DTI
LN21667,CUST11667,35,Male,Graduate,Self-Employed,3.8,599622,Mortgage,West,823,10,1,3,0.439,236900,60,9.19,4939.53,Education,Mobile App,0,Paid,Very Good/Excellent,High DTI
LN21668,CUST11668,52,Female,High School,Contract,13.2,403345,Rent,East,565,7,8,0,0.254,147300,24,16.18,7224.94,Personal,Online,0,Paid,Poor,Medium DTI
LN21669,CUST11669,31,Female,Graduate,Salaried,9.5,710790,Rent,West,656,13,5,2,0.277,251300,12,13.11,22458.4,Home,Branch,0,Paid,Fair,Medium DTI
LN21670,CUST11670,43,Female,Graduate,Salaried,1.5,590056,Mortgage,West,700,8,2,0,0.109,215700,60,8.87,4463.98,Home,Online,0,Paid,Good,Low DTI
LN21671,CUST11671,46,Male,High School,Salaried,11.3,384123,Mortgage,North,620,13,9,3,0.384,243500,48,11.67,6372.91,Vehicle,Mobile App,1,Default,Fair,Medium DTI
LN21672,CUST11672,54,Female,Graduate,Salaried,5.0,2032493,Rent,South,620,8,2,1,0.438,997400,36,14.76,34458.09,Vehicle,Mobile App,0,Paid,Fair,High DTI
LN21673,CUST11673,54,Female,Graduate,Salaried,6.1,351717,Own,Central,662,14,11,2,0.111,108200,48,12.62,2882.37,Personal,Online,0,Paid,Fair,Low DTI
LN21674,CUST11674,49,Female,Graduate,Self-Employed,1.9,180000,Own,South,702,7,11,1,0.071,93000,48,10.89,2398.67,Home,Branch,0,Paid,Good,Low DTI
LN21675,CUST11675,24,Male,Graduate,Business,10.2,1432053,Mortgage,East,665,1,3,0,0.301,451300,12,13.2,40351.25,Business,Mobile App,0,Paid,Fair,Medium DTI
LN21676,CUST11676,37,Male,Post Graduate,Business,6.3,435271,Own,North,790,4,1,1,0.376,92700,48,9.74,2339.55,Personal,Mobile App,0,Paid,Very Good/Excellent,Medium DTI
LN21677,CUST11677,55,Male,Graduate,Salaried,10.4,509640,Mortgage,East,724,3,1,1,0.253,197600,48,9.77,4989.85,Education,Online,0,Paid,Good,Medium DTI
LN21678,CUST11678,33,Male,Post Graduate,Salaried,4.2,492789,Rent,South,709,12,2,2,0.346,259000,60,13.39,5944.88,Personal,Online,0,Paid,Good,Medium DTI
LN21679,CUST11679,61,Female,Graduate,Salaried,3.7,438615,Mortgage,West,757,9,2,0,0.318,148600,60,12.9,3373.5,Home,Online,0,Paid,Very Good/Excellent,Medium DTI
LN21680,CUST11680,59,Female,High School,Salaried,3.3,393674,Rent,North,710,12,6,2,0.091,230100,36,12.57,7705.41,Vehicle,Mobile App,0,Paid,Good,Low DTI
LN21681,CUST11681,35,Female,Graduate,Business,9.0,346776,Own,South,647,10,11,0,0.11,119100,36,10.49,3870.48,Business,Mobile App,0,Paid,Fair,Low DTI
LN21682,CUST11682,49,Male,Post Graduate,Salaried,3.6,621756,Mortgage,North,660,8,8,0,0.363,202000,24,15.38,9830.81,Education,Branch,0,Paid,Fair,Medium DTI
LN21683,CUST11683,49,Male,High School,Salaried,6.0,480985,Own,East,595,9,12,3,0.395,312200,12,16.3,28370.51,Medical,Online,0,Paid,Fair,Medium DTI
LN21684,CUST11684,31,Male,High School,Salaried,4.4,896617,Mortgage,Central,830,5,4,1,0.32,350800,36,11.96,11644.88,Medical,Online,0,Paid,Very Good/Excellent,Medium DTI
LN21685,CUST11685,52,Female,Graduate,Contract,9.2,782435,Own,North,750,5,3,4,0.469,432400,48,11.71,11325.28,Vehicle,Mobile App,0,Paid,Very Good/Excellent,High DTI
LN21686,CUST11686,22,Male,Graduate,Self-Employed,0.0,360250,Rent,North,488,10,2,1,0.124,199000,36,15.32,6929.63,Medical,Branch,0,Paid,Poor,Low DTI
LN21687,CUST11687,34,Male,Post Graduate,Business,8.2,636902,Rent,South,780,5,1,2,0.284,390500,36,11.46,12869.7,Home,Branch,0,Paid,Very Good/Excellent,Medium DTI
LN21688,CUST11688,40,Male,High School,Salaried,15.7,476810,Mortgage,West,570,14,8,2,0.412,91800,60,12.24,2053.19,Education,Branch,0,Paid,Poor,High DTI
LN21689,CUST11689,42,Male,Graduate,Self-Employed,13.2,347761,Own,Central,719,2,7,0,0.077,99300,48,10.9,2561.64,Education,Mobile App,0,Paid,Good,Low DTI
LN21690,CUST11690,31,Male,Post Graduate,Salaried,3.9,876658,Own,North,515,13,11,2,0.118,468000,48,13.9,12765.33,Vehicle,Online,0,Paid,Poor,Low DTI
LN21691,CUST11691,47,Female,Graduate,Business,9.5,561269,Mortgage,West,648,7,2,2,0.281,242100,12,13.69,21702.16,Vehicle,Online,0,Paid,Fair,Medium DTI
LN21692,CUST11692,23,Male,Graduate,Business,8.5,479516,Rent,South,781,8,12,1,0.372,206100,48,11.16,5342.79,Education,Mobile App,0,Paid,Very Good/Excellent,Medium DTI
LN21693,CUST11693,37,Female,Graduate,Salaried,14.3,374791,Mortgage,North,785,5,7,0,0.386,87400,60,9.29,1826.61,Home,Branch,0,Paid,Very Good/Excellent,Medium DTI
LN21694,CUST11694,64,Female,High School,Salaried,0.0,340892,Mortgage,North,703,8,12,0,0.222,99100,12,9.57,8692.66,Personal,Online,0,Paid,Good,Medium DTI
LN21695,CUST11695,48,Male,Post Graduate,Salaried,12.6,1791399,Rent,Central,739,6,6,0,0.312,735700,36,11.95,24418.2,Business,Online,0,Paid,Good,Medium DTI
LN21696,CUST11696,49,Female,High School,Self-Employed,5.7,721040,Own,West,574,4,8,3,0.168,208100,60,12.3,4660.68,Education,Online,0,Paid,Poor,Low DTI
LN21697,CUST11697,41,Male,High School,Self-Employed,3.3,329247,Mortgage,South,720,7,6,0,0.128,84000,36,9.82,2703.35,Personal,Mobile App,0,Paid,Good,Low DTI
LN21698,CUST11698,36,Female,Graduate,Self-Employed,3.1,702929,Mortgage,Central,744,8,4,4,0.128,136300,36,14.48,4690.25,Home,Online,0,Paid,Very Good/Excellent,Low DTI
LN21699,CUST11699,57,Female,Graduate,Business,0.5,1076035,Mortgage,North,850,9,8,0,0.16,245200,24,13.21,11681.46,Medical,Mobile App,0,Paid,Very Good/Excellent,Low DTI
LN21700,CUST11700,40,Female,High School,Self-Employed,3.9,657907,Rent,South,633,5,1,1,0.216,351600,36,12.33,11733.65,Business,Online,0,Paid,Fair,Medium DTI
LN21701,CUST11701,26,Male,High School,Self-Employed,1.6,1277476,Mortgage,West,681,9,10,0,0.031,650700,36,9.55,20859.05,Personal,Online,0,Paid,Good,Low DTI
LN21702,CUST11702,39,Female,High School,Salaried,7.9,256822,Own,Central,686,8,1,0,0.167,50000,24,14.03,2401.35,Personal,Mobile App,0,Paid,Good,Low DTI
LN21703,CUST11703,25,Female,Graduate,Salaried,9.9,200678,Own,East,732,1,4,1,0.174,50500,36,12.02,1677.81,Business,Mobile App,0,Paid,Good,Low DTI
LN21704,CUST11704,23,Female,High School,Salaried,5.7,692435,Mortgage,West,746,8,1,1,0.197,297900,24,12.47,14088.66,Business,Online,0,Paid,Very Good/Excellent,Low DTI
LN21705,CUST11705,21,Male,Graduate,Business,14.5,698547,Mortgage,Central,760,8,5,1,0.26,217500,48,10.15,5532.04,Education,Online,0,Paid,Very Good/Excellent,Medium DTI
LN21706,CUST11706,58,Male,High School,Business,4.3,180000,Rent,North,754,13,11,2,0.188,101100,60,9.63,2129.72,Medical,Branch,0,Paid,Very Good/Excellent,Low DTI
LN21707,CUST11707,35,Male,Graduate,Business,5.5,425797,Mortgage,South,569,7,9,1,0.312,231000,36,13.61,7851.35,Business,Online,0,Paid,Poor,Medium DTI
LN21708,CUST11708,54,Female,Graduate,Salaried,4.6,344525,Mortgage,North,484,1,9,2,0.133,205300,36,15.5,7167.16,Personal,Mobile App,0,Paid,Poor,Low DTI
LN21709,CUST11709,55,Male,Graduate,Salaried,10.0,279041,Own,West,641,6,9,1,0.245,120400,36,11.79,3986.94,Personal,Online,0,Paid,Fair,Medium DTI
LN21710,CUST11710,45,Female,High School,Salaried,10.5,344074,Own,East,677,2,6,4,0.354,112200,24,14.29,5402.43,Education,Branch,0,Paid,Good,Medium DTI
LN21711,CUST11711,44,Male,Graduate,Salaried,9.5,832650,Mortgage,North,634,15,12,6,0.307,377200,60,10.38,8085.09,Home,Online,1,Default,Fair,Medium DTI
LN21712,CUST11712,32,Male,Post Graduate,Self-Employed,6.4,342872,Rent,South,646,6,1,0,0.129,66700,24,13.42,3184.21,Home,Online,0,Paid,Fair,Low DTI
LN21713,CUST11713,38,Male,Post Graduate,Salaried,0.3,349398,Mortgage,East,655,11,10,2,0.295,54100,24,12.86,2568.46,Medical,Branch,0,Paid,Fair,Medium DTI
LN21714,CUST11714,35,Female,Graduate,Salaried,5.4,246309,Mortgage,West,723,2,5,4,0.26,50000,36,13.48,1696.28,Medical,Online,0,Paid,Good,Medium DTI
LN21715,CUST11715,64,Male,Graduate,Self-Employed,14.4,1205717,Mortgage,West,602,15,10,0,0.359,426500,48,12.03,11237.66,Vehicle,Branch,0,Paid,Fair,Medium DTI
LN21716,CUST11716,36,Male,Graduate,Salaried,12.1,762024,Mortgage,North,674,13,2,4,0.414,201200,36,13.45,6822.92,Personal,Mobile App,0,Paid,Good,High DTI
LN21717,CUST11717,47,Male,Graduate,Self-Employed,8.5,180000,Own,East,675,2,12,1,0.244,50000,24,13.09,2379.21,Personal,Online,0,Paid,Good,Medium DTI
LN21718,CUST11718,28,Female,High School,Self-Employed,5.1,349568,Rent,North,722,14,1,1,0.12,160000,60,12.04,3562.35,Business,Branch,0,Paid,Good,Low DTI
LN21719,CUST11719,45,Female,Graduate,Business,6.9,802406,Mortgage,West,767,7,5,1,0.425,519600,36,9.67,16685.64,Personal,Mobile App,0,Paid,Very Good/Excellent,High DTI
LN21720,CUST11720,37,Male,Post Graduate,Salaried,5.1,1214024,Mortgage,West,806,11,5,3,0.126,290000,24,9.25,13281.86,Business,Online,0,Paid,Very Good/Excellent,Low DTI
LN21721,CUST11721,49,Male,Graduate,Salaried,13.0,952787,Mortgage,West,624,15,1,4,0.129,403200,36,12.7,13527.21,Business,Mobile App,0,Paid,Fair,Low DTI
LN21722,CUST11722,28,Male,Graduate,Business,2.8,493392,Own,North,530,10,7,2,0.405,103500,24,13.8,4959.56,Medical,Online,0,Paid,Poor,High DTI
LN21723,CUST11723,35,Male,Post Graduate,Salaried,11.6,207405,Mortgage,East,662,15,3,1,0.23,128000,36,14.46,4403.39,Home,Online,0,Paid,Fair,Medium DTI
LN21724,CUST11724,47,Female,Graduate,Business,4.4,968324,Mortgage,West,561,1,11,1,0.141,286500,48,14.29,7870.78,Vehicle,Online,0,Paid,Poor,Low DTI
LN21725,CUST11725,27,Female,Graduate,Salaried,13.6,509605,Own,West,850,15,6,2,0.392,300200,48,10.94,7750.08,Personal,Mobile App,0,Paid,Very Good/Excellent,Medium DTI
LN21726,CUST11726,23,Male,Graduate,Self-Employed,9.1,623160,Rent,Central,615,5,2,1,0.093,181700,24,11.1,8477.08,Business,Online,0,Paid,Fair,Low DTI
LN21727,CUST11727,49,Male,Graduate,Salaried,3.3,544217,Mortgage,North,722,1,9,1,0.184,301000,24,8.91,13738.68,Business,Online,0,Paid,Good,Low DTI
LN21728,CUST11728,64,Male,Graduate,Salaried,5.5,284686,Rent,South,750,15,2,1,0.293,72500,12,10.98,6406.99,Personal,Mobile App,0,Paid,Very Good/Excellent,Medium DTI
LN21729,CUST11729,44,Female,Graduate,Business,10.6,733089,Rent,South,706,9,2,1,0.209,217300,24,9.99,10026.29,Personal,Mobile App,0,Paid,Good,Medium DTI
LN21730,CUST11730,23,Male,Graduate,Self-Employed,4.5,679585,Mortgage,East,836,5,1,1,0.408,167300,12,10.02,14709.88,Vehicle,Mobile App,0,Paid,Very Good/Excellent,High DTI
LN21731,CUST11731,40,Male,Graduate,Self-Employed,7.1,474730,Own,South,665,5,1,2,0.136,133900,36,11.26,4400.22,Business,Branch,0,Paid,Fair,Low DTI
LN21732,CUST11732,35,Male,High School,Salaried,4.4,777464,Rent,South,617,4,12,3,0.36,441200,24,13.7,21120.81,Business,Branch,0,Paid,Fair,Medium DTI
LN21733,CUST11733,45,Male,Post Graduate,Contract,15.8,281809,Mortgage,West,614,3,4,1,0.147,132300,36,12.12,4401.84,Personal,Online,0,Paid,Fair,Low DTI
LN21734,CUST11734,50,Female,High School,Self-Employed,16.7,517484,Mortgage,West,736,8,7,1,0.37,182600,36,12.3,6091.13,Vehicle,Branch,0,Paid,Good,Medium DTI
LN21735,CUST11735,34,Male,Graduate,Salaried,14.3,608684,Own,North,666,7,4,0,0.08,387000,24,11.19,18071.39,Business,Online,0,Paid,Fair,Low DTI
LN21736,CUST11736,27,Female,Graduate,Salaried,6.4,231070,Mortgage,Central,614,9,5,0,0.298,88400,36,10.49,2872.8,Business,Branch,0,Paid,Fair,Medium DTI
LN21737,CUST11737,37,Female,Post Graduate,Salaried,5.0,581451,Mortgage,East,713,6,6,2,0.111,369200,24,13.08,17566.32,Home,Online,0,Paid,Good,Low DTI
LN21738,CUST11738,64,Male,Graduate,Salaried,3.1,898237,Mortgage,East,733,1,5,3,0.171,223000,48,10.35,5693.41,Personal,Mobile App,0,Paid,Good,Low DTI
LN21739,CUST11739,40,Male,Post Graduate,Contract,14.7,507833,Rent,Central,700,15,5,1,0.357,305900,36,14.06,10463.85,Medical,Online,0,Paid,Good,Medium DTI
LN21740,CUST11740,56,Male,Graduate,Salaried,11.7,588847,Mortgage,North,747,5,4,3,0.434,92400,24,10.33,4277.88,Personal,Branch,0,Paid,Very Good/Excellent,High DTI
LN21741,CUST11741,29,Female,Post Graduate,Salaried,11.9,817474,Mortgage,East,687,5,9,5,0.199,345500,36,10.96,11304.68,Personal,Branch,0,Paid,Good,Low DTI
LN21742,CUST11742,58,Female,High School,Salaried,5.8,484753,Mortgage,West,635,7,5,2,0.285,175300,24,12.55,8297.08,Home,Online,0,Paid,Fair,Medium DTI
LN21743,CUST11743,42,Female,Graduate,Salaried,0.0,509353,Own,South,741,15,9,1,0.095,210100,48,10.54,5383.33,Personal,Online,0,Paid,Very Good/Excellent,Low DTI
LN21744,CUST11744,22,Female,Post Graduate,Salaried,0.0,314110,Rent,West,613,10,4,4,0.198,134000,60,13.49,3082.63,Personal,Online,0,Paid,Fair,Low DTI
LN21745,CUST11745,44,Female,Graduate,Salaried,7.3,595091,Mortgage,Central,595,1,9,4,0.135,205000,12,14.18,18423.73,Business,Mobile App,0,Paid,Fair,Low DTI
LN21746,CUST11746,28,Female,Post Graduate,Salaried,4.4,499078,Rent,South,767,1,5,2,0.356,324000,48,11.83,8505.14,Personal,Mobile App,0,Paid,Very Good/Excellent,Medium DTI
LN21747,CUST11747,31,Female,Graduate,Self-Employed,3.8,789523,Mortgage,South,654,13,8,2,0.133,503900,36,12.56,16871.79,Personal,Online,0,Paid,Fair,Low DTI
LN21748,CUST11748,33,Male,Post Graduate,Salaried,8.7,817976,Mortgage,South,805,6,1,1,0.226,516000,12,8.17,44926.6,Business,Online,0,Paid,Very Good/Excellent,Medium DTI
LN21749,CUST11749,37,Male,High School,Contract,12.1,927131,Mortgage,South,744,6,4,1,0.145,592900,12,13.93,53215.26,Personal,Branch,0,Paid,Very Good/Excellent,Low DTI
LN21750,CUST11750,28,Female,Graduate,Salaried,3.5,453677,Rent,North,648,9,4,0,0.088,247900,60,12.23,5543.25,Vehicle,Branch,0,Paid,Fair,Low DTI
LN21751,CUST11751,41,Male,Graduate,Self-Employed,0.5,181238,Mortgage,South,716,3,2,0,0.248,116800,36,11.13,3831.08,Medical,Online,0,Paid,Good,Medium DTI
LN21752,CUST11752,38,Female,Post Graduate,Contract,3.6,902196,Mortgage,Central,850,12,3,1,0.156,537900,60,9.62,11328.47,Business,Mobile App,0,Paid,Very Good/Excellent,Low DTI
LN21753,CUST11753,50,Male,Graduate,Self-Employed,1.8,760553,Own,East,737,5,8,1,0.196,272300,36,11.05,8921.2,Home,Mobile App,0,Paid,Good,Low DTI
LN21754,CUST11754,38,Male,Graduate,Self-Employed,10.0,423062,Rent,South,724,5,12,1,0.23,229500,24,9.02,10486.75,Business,Online,1,Default,Good,Medium DTI
LN21755,CUST11755,51,Female,Graduate,Salaried,7.0,814152,Mortgage,Central,635,1,8,1,0.284,493400,48,13.84,13443.32,Business,Branch,0,Paid,Fair,Medium DTI
LN21756,CUST11756,58,Male,Post Graduate,Business,16.4,270482,Mortgage,West,818,15,1,2,0.432,136900,60,9.0,2841.82,Business,Online,0,Paid,Very Good/Excellent,High DTI
LN21757,CUST11757,52,Female,High School,Salaried,10.7,1057393,Own,South,779,6,2,1,0.302,382100,60,10.33,8180.68,Home,Branch,0,Paid,Very Good/Excellent,Medium DTI
LN21758,CUST11758,31,Male,Graduate,Self-Employed,16.1,499414,Mortgage,West,636,4,4,1,0.239,91300,48,15.6,2568.8,Vehicle,Mobile App,0,Paid,Fair,Medium DTI
LN21759,CUST11759,65,Female,Graduate,Salaried,0.0,380322,Mortgage,East,821,12,11,2,0.498,211000,36,11.6,6967.98,Vehicle,Branch,1,Default,Very Good/Excellent,High DTI
LN21760,CUST11760,45,Male,Graduate,Self-Employed,0.0,426236,Own,West,692,6,6,2,0.356,267000,12,14.54,24041.05,Medical,Branch,1,Default,Good,Medium DTI
LN21761,CUST11761,53,Male,Graduate,Business,8.2,528273,Rent,South,617,13,3,3,0.274,175000,24,12.23,8256.67,Personal,Mobile App,0,Paid,Fair,Medium DTI
LN21762,CUST11762,58,Female,High School,Salaried,7.6,596049,Mortgage,North,635,13,7,2,0.353,134700,36,14.07,4608.31,Vehicle,Branch,0,Paid,Fair,Medium DTI
LN21763,CUST11763,61,Male,Post Graduate,Salaried,6.4,616146,Rent,South,746,8,3,2,0.214,193000,60,11.91,4284.41,Personal,Online,0,Paid,Very Good/Excellent,Medium DTI
LN21764,CUST11764,28,Male,Graduate,Self-Employed,7.5,473734,Mortgage,North,617,8,8,1,0.152,209100,48,13.16,5626.25,Personal,Online,0,Paid,Fair,Low DTI
LN21765,CUST11765,31,Male,Post Graduate,Contract,1.4,669855,Own,East,597,13,6,2,0.096,206600,60,12.42,4639.67,Personal,Mobile App,1,Default,Fair,Low DTI
LN21766,CUST11766,42,Male,Graduate,Self-Employed,9.8,602738,Mortgage,South,647,3,8,1,0.149,274400,36,14.42,9434.41,Personal,Online,0,Paid,Fair,Low DTI
LN21767,CUST11767,44,Female,High School,Salaried,10.7,420214,Mortgage,North,658,9,7,1,0.145,266200,48,11.86,6991.78,Personal,Online,0,Paid,Fair,Low DTI
LN21768,CUST11768,61,Male,Graduate,Contract,1.0,386807,Mortgage,Central,630,11,12,2,0.056,187700,60,13.25,4294.81,Medical,Mobile App,0,Paid,Fair,Low DTI
LN21769,CUST11769,37,Male,Post Graduate,Salaried,5.2,838430,Rent,West,646,13,5,2,0.114,277800,36,14.18,9518.85,Personal,Online,0,Paid,Fair,Low DTI
LN21770,CUST11770,32,Female,Graduate,Contract,5.5,800558,Rent,South,749,4,5,3,0.09,494600,36,9.8,15912.95,Vehicle,Branch,0,Paid,Very Good/Excellent,Low DTI
LN21771,CUST11771,52,Male,Graduate,Salaried,3.6,619154,Own,Central,699,1,3,2,0.189,268000,48,10.38,6846.18,Vehicle,Online,0,Paid,Good,Low DTI
LN21772,CUST11772,35,Male,Post Graduate,Contract,1.2,997485,Rent,Central,641,9,4,1,0.188,213600,36,16.66,7579.33,Business,Mobile App,0,Paid,Fair,Low DTI
LN21773,CUST11773,36,Male,Graduate,Salaried,7.1,204016,Mortgage,North,648,14,8,1,0.244,81500,60,11.49,1791.99,Medical,Mobile App,0,Paid,Fair,Medium DTI
LN21774,CUST11774,42,Male,Graduate,Business,8.3,439885,Mortgage,East,670,13,5,2,0.196,209700,36,14.88,7257.0,Business,Mobile App,0,Paid,Good,Low DTI
LN21775,CUST11775,48,Female,High School,Business,3.9,317652,Mortgage,West,674,5,9,2,0.362,180800,24,12.31,8537.08,Medical,Online,0,Paid,Good,Medium DTI
LN21776,CUST11776,40,Female,High School,Self-Employed,1.5,2075338,Mortgage,North,675,13,3,5,0.138,1200000,36,11.74,39708.32,Personal,Online,0,Paid,Good,Low DTI
LN21777,CUST11777,53,Female,Graduate,Business,9.1,888203,Rent,North,746,8,10,2,0.038,274200,24,10.82,12756.97,Personal,Branch,0,Paid,Very Good/Excellent,Low DTI
LN21778,CUST11778,30,Female,High School,Salaried,3.2,574469,Rent,South,695,13,3,1,0.142,130800,36,11.98,4343.18,Education,Mobile App,0,Paid,Good,Low DTI
LN21779,CUST11779,60,Female,Graduate,Salaried,5.5,923965,Mortgage,South,697,15,8,3,0.229,172700,24,14.05,8295.9,Personal,Online,0,Paid,Good,Medium DTI
LN21780,CUST11780,52,Female,Post Graduate,Salaried,4.8,1108631,Rent,Central,787,7,8,2,0.13,575600,60,11.83,12754.51,Business,Online,0,Paid,Very Good/Excellent,Low DTI
LN21781,CUST11781,53,Female,Graduate,Self-Employed,13.2,1102160,Own,West,821,5,12,1,0.313,603500,60,9.87,12784.02,Vehicle,Online,0,Paid,Very Good/Excellent,Medium DTI
LN21782,CUST11782,22,Male,Graduate,Self-Employed,3.4,996119,Rent,North,588,8,7,4,0.147,353300,24,10.88,16446.87,Education,Branch,0,Paid,Fair,Low DTI
LN21783,CUST11783,53,Male,Graduate,Salaried,15.6,519326,Mortgage,West,562,15,6,2,0.139,180700,24,14.1,8684.47,Personal,Branch,0,Paid,Poor,Low DTI
LN21784,CUST11784,53,Male,High School,Salaried,10.8,455401,Rent,North,654,13,7,2,0.307,285600,36,12.89,9607.87,Personal,Branch,0,Paid,Fair,Medium DTI
LN21785,CUST11785,61,Male,High School,Salaried,16.1,353444,Mortgage,South,739,1,7,0,0.387,215000,48,13.3,5799.98,Personal,Online,0,Paid,Good,Medium DTI
LN21786,CUST11786,33,Male,Graduate,Business,10.3,790982,Own,South,708,11,6,1,0.302,210900,24,9.67,9699.87,Vehicle,Mobile App,0,Paid,Good,Medium DTI
LN21787,CUST11787,50,Female,Graduate,Business,5.9,549778,Mortgage,South,759,4,9,3,0.074,297100,12,10.37,26170.96,Personal,Branch,0,Paid,Very Good/Excellent,Low DTI
LN21788,CUST11788,53,Male,High School,Salaried,2.4,476644,Mortgage,South,651,15,5,3,0.195,219900,36,11.95,7298.58,Business,Online,0,Paid,Fair,Low DTI
LN21789,CUST11789,33,Male,Graduate,Contract,5.2,463157,Mortgage,West,533,5,5,0,0.276,105200,48,14.42,2896.96,Personal,Branch,0,Paid,Poor,Medium DTI
LN21790,CUST11790,46,Male,Graduate,Contract,14.4,1332132,Own,South,577,4,6,0,0.292,437500,24,13.98,21001.5,Home,Mobile App,0,Paid,Poor,Medium DTI
LN21791,CUST11791,42,Male,Post Graduate,Salaried,6.8,1013235,Rent,West,722,6,10,1,0.041,241900,48,12.33,6409.42,Business,Online,0,Paid,Good,Low DTI
LN21792,CUST11792,59,Male,Graduate,Self-Employed,10.3,1641961,Own,North,760,9,11,1,0.156,488600,60,8.26,9967.96,Personal,Mobile App,0,Paid,Very Good/Excellent,Low DTI
LN21793,CUST11793,22,Male,Graduate,Self-Employed,8.0,802626,Rent,East,537,12,4,1,0.376,367300,24,14.7,17756.84,Business,Online,0,Paid,Poor,Medium DTI
LN21794,CUST11794,58,Male,Graduate,Self-Employed,8.2,619092,Own,Central,786,1,10,1,0.257,209000,36,11.08,6850.31,Home,Mobile App,0,Paid,Very Good/Excellent,Medium DTI
LN21795,CUST11795,59,Male,Graduate,Self-Employed,8.4,591675,Rent,North,715,10,10,2,0.223,205300,12,11.89,18230.09,Education,Branch,0,Paid,Good,Medium DTI
LN21796,CUST11796,46,Female,Post Graduate,Self-Employed,9.5,342326,Rent,West,675,11,9,4,0.166,143700,24,12.11,6771.84,Business,Branch,0,Paid,Good,Low DTI
LN21797,CUST11797,35,Female,High School,Salaried,2.9,299810,Mortgage,East,633,2,12,2,0.114,58000,24,7.88,2620.01,Medical,Online,0,Paid,Fair,Low DTI
LN21798,CUST11798,54,Male,Post Graduate,Salaried,5.6,793114,Rent,South,799,1,2,3,0.168,411900,36,11.37,13557.36,Vehicle,Mobile App,0,Paid,Very Good/Excellent,Low DTI
LN21799,CUST11799,62,Female,High School,Salaried,8.5,358833,Rent,North,747,7,11,2,0.125,125900,60,9.84,2665.1,Personal,Online,0,Paid,Very Good/Excellent,Low DTI
LN21800,CUST11800,64,Female,Graduate,Business,7.8,674001,Own,West,717,14,12,2,0.04,263000,36,12.67,8819.76,Home,Branch,0,Paid,Good,Low DTI
LN21801,CUST11801,60,Male,Graduate,Salaried,4.7,1108138,Rent,South,625,2,3,1,0.218,706000,24,15.0,34231.57,Business,Mobile App,0,Paid,Fair,Medium DTI
LN21802,CUST11802,31,Male,High School,Business,9.1,416102,Own,South,801,9,9,2,0.314,134100,12,7.97,11663.29,Personal,Online,0,Paid,Very Good/Excellent,Medium DTI
LN21803,CUST11803,23,Female,Graduate,Salaried,3.1,1812921,Own,West,682,8,1,3,0.088,859500,36,13.14,29017.94,Education,Mobile App,0,Paid,Good,Low DTI
LN21804,CUST11804,26,Male,Graduate,Salaried,0.9,347946,Mortgage,Central,702,10,5,0,0.036,120500,24,10.12,5567.14,Home,Branch,0,Paid,Good,Low DTI
LN21805,CUST11805,29,Male,Graduate,Business,8.5,1034359,Own,South,685,1,3,0,0.357,617700,36,12.16,20563.72,Education,Branch,0,Paid,Good,Medium DTI
LN21806,CUST11806,26,Male,Graduate,Salaried,1.0,757896,Own,West,623,3,3,0,0.093,434600,36,12.97,14637.11,Home,Mobile App,0,Paid,Fair,Low DTI
LN21807,CUST11807,29,Male,Graduate,Salaried,8.4,1157111,Rent,Central,704,6,1,2,0.222,313400,60,13.07,7142.05,Personal,Branch,0,Paid,Good,Medium DTI
LN21808,CUST11808,59,Male,Graduate,Contract,0.0,324739,Rent,North,732,11,8,2,0.268,161000,24,12.43,7611.2,Business,Online,0,Paid,Good,Medium DTI
LN21809,CUST11809,51,Male,High School,Self-Employed,3.4,2134081,Rent,East,647,3,3,1,0.122,389700,48,13.19,10491.46,Education,Branch,0,Paid,Fair,Low DTI
LN21810,CUST11810,52,Male,Graduate,Salaried,5.4,543812,Mortgage,North,698,9,4,0,0.184,343500,12,9.56,30128.86,Business,Branch,0,Paid,Good,Low DTI
LN21811,CUST11811,61,Female,Graduate,Salaried,0.0,870516,Rent,West,684,12,5,1,0.258,282500,36,8.47,8913.9,Vehicle,Online,0,Paid,Good,Medium DTI
LN21812,CUST11812,32,Female,Graduate,Business,5.1,1327958,Own,South,749,10,5,1,0.366,751500,36,12.63,25187.28,Personal,Online,0,Paid,Very Good/Excellent,Medium DTI
LN21813,CUST11813,28,Female,High School,Self-Employed,12.9,430250,Rent,South,658,15,12,1,0.179,133000,60,13.75,3077.47,Business,Online,0,Paid,Fair,Low DTI
LN21814,CUST11814,28,Male,Graduate,Salaried,0.6,944900,Mortgage,West,697,10,2,1,0.312,440700,36,10.55,14334.22,Education,Online,0,Paid,Good,Medium DTI
LN21815,CUST11815,48,Male,Graduate,Business,5.3,392533,Rent,West,713,2,7,1,0.174,251900,36,12.33,8406.44,Home,Branch,0,Paid,Good,Low DTI
LN21816,CUST11816,40,Male,High School,Salaried,15.5,1293696,Mortgage,South,656,6,6,0,0.561,761200,24,12.35,35956.87,Medical,Online,0,Paid,Fair,High DTI
LN21817,CUST11817,27,Male,Post Graduate,Contract,1.7,394978,Rent,West,618,2,11,1,0.22,90900,24,14.86,4401.39,Business,Online,0,Paid,Fair,Medium DTI
LN21818,CUST11818,31,Male,Post Graduate,Salaried,14.0,612843,Rent,Central,630,3,7,1,0.073,259700,36,13.18,8772.85,Business,Online,0,Paid,Fair,Low DTI
LN21819,CUST11819,40,Male,Graduate,Self-Employed,5.6,710022,Rent,Central,711,12,10,3,0.233,230200,60,13.19,5260.17,Vehicle,Mobile App,0,Paid,Good,Medium DTI
LN21820,CUST11820,36,Male,High School,Salaried,7.5,923614,Mortgage,West,662,10,10,1,0.235,339100,36,11.65,11206.37,Personal,Online,0,Paid,Fair,Medium DTI
LN21821,CUST11821,24,Male,Post Graduate,Salaried,13.5,1771517,Rent,Central,661,12,3,0,0.114,562600,48,13.01,15095.94,Medical,Mobile App,0,Paid,Fair,Low DTI
LN21822,CUST11822,26,Female,Graduate,Salaried,4.6,467943,Rent,Central,725,9,8,1,0.322,148800,36,11.01,4872.23,Business,Online,0,Paid,Good,Medium DTI
LN21823,CUST11823,42,Male,High School,Salaried,10.2,1122410,Own,West,756,9,6,3,0.135,472800,36,10.23,15307.03,Home,Online,0,Paid,Very Good/Excellent,Low DTI
LN21824,CUST11824,46,Female,Graduate,Salaried,11.4,1773254,Mortgage,Central,769,14,7,0,0.177,436200,36,7.47,13562.52,Business,Online,0,Paid,Very Good/Excellent,Low DTI
LN21825,CUST11825,23,Female,Graduate,Salaried,3.7,657262,Own,West,634,2,9,0,0.118,275200,24,14.38,13262.6,Medical,Online,0,Paid,Fair,Low DTI
LN21826,CUST11826,61,Male,High School,Contract,3.2,443349,Rent,East,749,13,8,2,0.411,128300,36,13.89,4378.14,Home,Online,0,Paid,Very Good/Excellent,High DTI
LN21827,CUST11827,62,Female,High School,Salaried,5.9,231693,Own,East,836,8,8,0,0.087,68200,48,7.88,1661.12,Home,Branch,0,Paid,Very Good/Excellent,Low DTI
LN21828,CUST11828,34,Female,Graduate,Salaried,6.0,1690418,Rent,North,689,14,3,2,0.243,878000,36,13.21,29672.18,Vehicle,Branch,0,Paid,Good,Medium DTI
LN21829,CUST11829,31,Male,High School,Self-Employed,1.6,524521,Mortgage,North,675,3,1,1,0.312,86400,48,13.35,2332.93,Personal,Branch,0,Paid,Good,Medium DTI
LN21830,CUST11830,38,Female,High School,Self-Employed,3.8,345911,Own,West,659,14,12,0,0.568,117800,48,11.84,3092.88,Home,Online,0,Paid,Fair,High DTI
LN21831,CUST11831,32,Female,High School,Business,0.0,284248,Rent,East,600,2,1,1,0.268,100600,36,12.39,3360.13,Education,Branch,1,Default,Fair,Medium DTI
LN21832,CUST11832,43,Male,Post Graduate,Business,5.3,345558,Own,West,743,11,10,1,0.228,135700,48,13.13,3649.25,Medical,Online,0,Paid,Very Good/Excellent,Medium DTI
LN21833,CUST11833,32,Female,Post Graduate,Contract,11.5,995025,Mortgage,Central,675,10,2,2,0.235,482100,36,13.99,16474.69,Home,Branch,0,Paid,Good,Medium DTI
LN21834,CUST11834,33,Male,Graduate,Business,0.0,1073583,Rent,South,669,8,8,0,0.229,359500,24,13.14,17114.94,Home,Online,0,Paid,Fair,Medium DTI
LN21835,CUST11835,45,Female,Graduate,Business,4.7,858852,Mortgage,North,732,3,10,0,0.248,220400,24,10.74,10245.78,Business,Branch,0,Paid,Good,Medium DTI
LN21836,CUST11836,65,Female,Graduate,Self-Employed,19.2,645300,Mortgage,West,738,15,6,2,0.172,382300,24,13.06,18186.01,Business,Mobile App,0,Paid,Good,Low DTI
LN21837,CUST11837,39,Male,Graduate,Self-Employed,6.9,302443,Rent,North,635,13,6,0,0.304,193700,48,11.72,5074.28,Vehicle,Branch,0,Paid,Fair,Medium DTI
LN21838,CUST11838,56,Female,High School,Salaried,13.8,401602,Rent,West,637,8,1,1,0.069,64300,60,15.08,1532.39,Home,Online,0,Paid,Fair,Low DTI
LN21839,CUST11839,65,Female,Graduate,Salaried,1.9,326454,Own,East,633,13,2,0,0.303,138200,24,15.45,6730.44,Vehicle,Mobile App,0,Paid,Fair,Medium DTI
LN21840,CUST11840,28,Female,High School,Salaried,9.2,822198,Own,West,839,6,5,2,0.263,263800,24,11.69,12379.83,Education,Online,0,Paid,Very Good/Excellent,Medium DTI
LN21841,CUST11841,49,Female,Graduate,Salaried,1.1,334323,Mortgage,South,791,1,3,1,0.378,96500,36,11.15,3166.15,Medical,Branch,0,Paid,Very Good/Excellent,Medium DTI
LN21842,CUST11842,52,Female,Post Graduate,Salaried,9.0,405084,Mortgage,North,733,14,2,2,0.376,128800,48,7.68,3125.07,Home,Online,0,Paid,Good,Medium DTI
LN21843,CUST11843,64,Female,High School,Self-Employed,11.2,542404,Mortgage,South,652,2,9,2,0.261,254600,36,12.44,8509.97,Vehicle,Online,0,Paid,Fair,Medium DTI
LN21844,CUST11844,38,Female,Graduate,Salaried,10.0,239497,Mortgage,West,661,13,10,0,0.206,58800,36,15.23,2044.95,Vehicle,Branch,0,Paid,Fair,Medium DTI
LN21845,CUST11845,26,Female,High School,Self-Employed,5.3,615635,Mortgage,East,707,13,7,0,0.328,373300,48,13.3,10070.38,Vehicle,Online,0,Paid,Good,Medium DTI
LN21846,CUST11846,38,Male,Post Graduate,Contract,8.4,565661,Rent,East,846,14,1,2,0.232,216700,36,10.46,7039.19,Home,Mobile App,0,Paid,Very Good/Excellent,Medium DTI
LN21847,CUST11847,39,Male,Graduate,Salaried,8.4,1150837,Own,South,702,2,11,2,0.286,360000,60,10.95,7818.3,Business,Online,0,Paid,Good,Medium DTI
LN21848,CUST11848,42,Male,Post Graduate,Salaried,10.3,382223,Own,West,718,14,1,1,0.19,203600,36,13.27,6886.6,Personal,Online,0,Paid,Good,Low DTI
LN21849,CUST11849,57,Male,Graduate,Salaried,6.4,293645,Mortgage,Central,489,7,3,2,0.198,50000,60,12.81,1132.8,Home,Online,0,Paid,Poor,Low DTI
LN21850,CUST11850,52,Female,High School,Business,11.7,488430,Own,South,699,6,10,3,0.305,178700,24,11.76,8392.02,Education,Mobile App,0,Paid,Good,Medium DTI
LN21851,CUST11851,61,Male,Post Graduate,Contract,14.2,327989,Mortgage,West,575,14,6,2,0.08,107500,24,16.48,5288.22,Business,Mobile App,0,Paid,Poor,Low DTI
LN21852,CUST11852,23,Male,Graduate,Business,5.4,613061,Mortgage,North,643,2,2,1,0.077,195600,48,11.65,5117.35,Business,Branch,0,Paid,Fair,Low DTI
LN21853,CUST11853,48,Male,Graduate,Salaried,7.2,215717,Mortgage,West,684,1,11,3,0.121,68700,48,13.15,1848.17,Business,Online,1,Default,Good,Low DTI
LN21854,CUST11854,30,Female,Graduate,Salaried,2.5,430088,Mortgage,South,657,5,8,3,0.115,71200,60,10.01,1513.14,Personal,Branch,0,Paid,Fair,Low DTI
LN21855,CUST11855,55,Male,Graduate,Contract,8.7,360080,Mortgage,East,632,11,12,1,0.19,81400,36,12.04,2705.2,Personal,Mobile App,0,Paid,Fair,Low DTI
LN21856,CUST11856,49,Male,Graduate,Salaried,8.7,819911,Rent,South,633,2,4,4,0.187,181200,60,13.27,4147.94,Business,Online,0,Paid,Fair,Low DTI
LN21857,CUST11857,35,Male,Graduate,Salaried,7.3,384183,Rent,Central,664,10,8,2,0.043,247500,24,13.07,11774.74,Business,Online,0,Paid,Fair,Low DTI
LN21858,CUST11858,53,Male,Post Graduate,Salaried,7.7,230921,Mortgage,North,661,10,12,2,0.199,50000,12,15.69,4529.21,Home,Branch,0,Paid,Fair,Low DTI
LN21859,CUST11859,27,Male,High School,Contract,16.6,536963,Mortgage,Central,682,6,7,0,0.326,125400,36,11.51,4135.79,Business,Mobile App,0,Paid,Good,Medium DTI
LN21860,CUST11860,32,Female,Graduate,Salaried,0.0,715418,Own,North,676,14,2,0,0.204,455800,48,13.25,12284.6,Medical,Branch,0,Paid,Good,Medium DTI
LN21861,CUST11861,50,Male,Post Graduate,Contract,4.5,516857,Rent,South,776,2,9,2,0.176,239900,48,11.71,6283.38,Medical,Online,0,Paid,Very Good/Excellent,Low DTI
LN21862,CUST11862,41,Female,High School,Salaried,5.3,428676,Mortgage,East,526,13,5,1,0.309,160900,36,13.73,5478.1,Home,Online,0,Paid,Poor,Medium DTI
LN21863,CUST11863,51,Male,Graduate,Business,14.3,414706,Own,Central,698,11,6,3,0.467,78500,24,13.46,3749.02,Personal,Online,0,Paid,Good,High DTI
LN21864,CUST11864,44,Male,High School,Salaried,9.4,638455,Own,East,685,9,2,2,0.199,309500,12,13.23,27677.11,Home,Mobile App,0,Paid,Good,Low DTI
LN21865,CUST11865,40,Female,Graduate,Salaried,9.5,367871,Own,North,670,12,3,0,0.151,80500,36,12.04,2675.29,Vehicle,Mobile App,0,Paid,Good,Low DTI
LN21866,CUST11866,57,Male,Graduate,Self-Employed,13.3,500829,Own,Central,627,13,10,4,0.1,243200,36,13.39,8240.13,Personal,Mobile App,0,Paid,Fair,Low DTI
LN21867,CUST11867,24,Male,Post Graduate,Salaried,6.1,906576,Mortgage,East,669,5,12,1,0.269,579800,48,11.03,14993.68,Vehicle,Branch,0,Paid,Fair,Medium DTI
LN21868,CUST11868,48,Male,Graduate,Self-Employed,10.3,293302,Rent,South,557,7,8,0,0.13,122000,48,12.82,3262.07,Education,Branch,0,Paid,Poor,Low DTI
LN21869,CUST11869,64,Female,Graduate,Contract,4.3,585762,Rent,East,696,4,11,3,0.29,150600,60,12.03,3352.3,Business,Online,0,Paid,Good,Medium DTI
LN21870,CUST11870,40,Male,Post Graduate,Salaried,1.7,224300,Mortgage,West,709,12,5,1,0.078,103800,24,12.99,4934.35,Vehicle,Branch,0,Paid,Good,Low DTI
LN21871,CUST11871,44,Female,High School,Salaried,16.0,680135,Mortgage,West,627,2,10,2,0.201,276500,36,12.59,9261.87,Education,Mobile App,1,Default,Fair,Medium DTI
LN21872,CUST11872,52,Male,Graduate,Self-Employed,8.8,350228,Mortgage,West,826,3,1,1,0.078,145900,36,9.19,4652.49,Home,Online,0,Paid,Very Good/Excellent,Low DTI
LN21873,CUST11873,61,Male,Graduate,Business,10.2,1051218,Mortgage,Central,671,13,9,1,0.131,409000,48,12.09,10788.62,Personal,Online,0,Paid,Good,Low DTI
LN21874,CUST11874,56,Female,High School,Business,1.6,266296,Mortgage,West,683,5,11,1,0.123,129700,36,13.5,4401.41,Medical,Online,0,Paid,Good,Low DTI
LN21875,CUST11875,54,Female,Post Graduate,Salaried,9.6,765151,Own,East,780,1,12,2,0.099,333600,60,8.77,6887.81,Education,Online,0,Paid,Very Good/Excellent,Low DTI
LN21876,CUST11876,56,Female,Graduate,Business,15.9,1174446,Mortgage,North,841,12,1,2,0.321,755800,36,11.18,24808.4,Vehicle,Mobile App,0,Paid,Very Good/Excellent,Medium DTI
LN21877,CUST11877,22,Female,Post Graduate,Salaried,5.6,340376,Mortgage,West,596,4,9,2,0.078,191600,12,14.33,17232.98,Business,Online,0,Paid,Fair,Low DTI
LN21878,CUST11878,35,Male,Post Graduate,Salaried,0.7,373491,Own,Central,637,13,10,1,0.137,105500,24,10.91,4912.72,Personal,Branch,0,Paid,Fair,Low DTI
LN21879,CUST11879,54,Female,Graduate,Self-Employed,7.9,356959,Own,South,672,4,6,1,0.094,183100,48,12.07,4828.02,Home,Mobile App,0,Paid,Good,Low DTI
LN21880,CUST11880,56,Male,Post Graduate,Business,1.8,459301,Own,East,624,2,7,2,0.057,118100,48,14.09,3232.59,Education,Mobile App,0,Paid,Fair,Low DTI
LN21881,CUST11881,26,Male,Graduate,Salaried,0.0,797524,Mortgage,West,743,9,1,2,0.416,431600,24,8.49,19616.69,Education,Mobile App,0,Paid,Very Good/Excellent,High DTI
LN21882,CUST11882,59,Male,Post Graduate,Self-Employed,3.3,439133,Mortgage,West,616,13,10,1,0.205,98300,12,11.71,8720.51,Personal,Branch,0,Paid,Fair,Medium DTI
LN21883,CUST11883,62,Female,High School,Salaried,4.5,323890,Own,Central,775,6,11,1,0.252,125300,36,8.59,3960.64,Personal,Online,0,Paid,Very Good/Excellent,Medium DTI
LN21884,CUST11884,32,Female,High School,Self-Employed,2.1,197673,Own,East,727,9,1,2,0.374,107800,36,10.73,3515.47,Home,Online,0,Paid,Good,Medium DTI
LN21885,CUST11885,23,Male,High School,Business,13.6,1448090,Own,East,767,6,5,0,0.239,420000,24,12.55,19878.91,Vehicle,Branch,0,Paid,Very Good/Excellent,Medium DTI
LN21886,CUST11886,65,Male,High School,Salaried,16.4,1512021,Rent,North,616,15,2,0,0.431,859700,36,14.46,29574.95,Personal,Online,0,Paid,Fair,High DTI
LN21887,CUST11887,38,Male,Graduate,Salaried,10.1,816527,Mortgage,Central,651,2,11,3,0.431,385500,36,11.98,12800.43,Home,Mobile App,1,Default,Fair,High DTI
LN21888,CUST11888,60,Male,High School,Business,8.9,384221,Own,South,747,1,10,4,0.442,134000,60,12.84,3037.95,Business,Online,0,Paid,Very Good/Excellent,High DTI
LN21889,CUST11889,41,Male,High School,Self-Employed,6.3,905209,Mortgage,Central,734,14,12,0,0.364,327400,24,12.49,15486.88,Home,Mobile App,0,Paid,Good,Medium DTI
LN21890,CUST11890,35,Male,High School,Business,2.5,1011023,Own,North,658,4,5,2,0.244,619800,48,14.54,17105.32,Business,Branch,0,Paid,Fair,Medium DTI
LN21891,CUST11891,53,Female,Graduate,Contract,15.0,521700,Mortgage,South,669,13,5,0,0.239,135100,36,12.33,4508.58,Business,Mobile App,0,Paid,Fair,Medium DTI
LN21892,CUST11892,55,Female,Graduate,Salaried,6.7,613808,Own,East,647,1,6,2,0.117,304900,12,13.6,27318.74,Vehicle,Mobile App,0,Paid,Fair,Low DTI
LN21893,CUST11893,46,Male,Graduate,Self-Employed,4.7,1181337,Rent,West,667,8,9,3,0.052,595000,36,17.55,21376.6,Medical,Online,0,Paid,Fair,Low DTI
LN21894,CUST11894,28,Female,High School,Self-Employed,12.1,243393,Rent,South,608,11,6,0,0.235,148800,24,12.92,7068.63,Home,Branch,0,Paid,Fair,Medium DTI
LN21895,CUST11895,56,Male,Graduate,Salaried,6.6,1039050,Mortgage,South,595,13,10,0,0.114,526400,48,13.48,14247.72,Home,Online,0,Paid,Fair,Low DTI
LN21896,CUST11896,50,Male,High School,Business,11.9,506181,Rent,East,755,1,11,4,0.081,223900,36,10.94,7323.84,Home,Mobile App,0,Paid,Very Good/Excellent,Low DTI
LN21897,CUST11897,43,Male,High School,Self-Employed,5.0,325386,Mortgage,Central,665,5,1,1,0.169,195600,12,12.39,17414.53,Business,Mobile App,0,Paid,Fair,Low DTI
LN21898,CUST11898,62,Male,Graduate,Business,12.1,340448,Rent,Central,766,14,5,0,0.369,192200,24,11.85,9034.06,Business,Online,0,Paid,Very Good/Excellent,Medium DTI
LN21899,CUST11899,64,Female,Post Graduate,Business,11.9,372908,Mortgage,South,725,9,2,5,0.126,189600,48,11.71,4965.94,Vehicle,Mobile App,0,Paid,Good,Low DTI
LN21900,CUST11900,34,Male,Post Graduate,Salaried,13.6,308398,Own,West,703,1,11,1,0.104,51300,36,9.91,1653.14,Education,Online,0,Paid,Good,Low DTI
LN21901,CUST11901,34,Female,Post Graduate,Business,3.5,1589530,Own,West,627,4,8,1,0.462,535300,36,13.12,18067.33,Business,Online,0,Paid,Fair,High DTI
LN21902,CUST11902,22,Female,Graduate,Business,6.6,786106,Own,West,589,8,7,3,0.129,366300,36,12.88,12320.93,Home,Branch,0,Paid,Fair,Low DTI
LN21903,CUST11903,57,Male,Graduate,Business,16.7,1077496,Mortgage,North,646,8,11,4,0.251,443000,60,10.22,9460.47,Vehicle,Mobile App,0,Paid,Fair,Medium DTI
LN21904,CUST11904,25,Male,Post Graduate,Salaried,5.8,817485,Own,East,795,1,6,1,0.17,253100,36,12.29,8441.64,Home,Mobile App,0,Paid,Very Good/Excellent,Low DTI
LN21905,CUST11905,58,Male,Graduate,Self-Employed,11.1,620549,Mortgage,West,747,8,2,0,0.182,137900,48,10.5,3530.71,Business,Branch,0,Paid,Very Good/Excellent,Low DTI
LN21906,CUST11906,65,Male,High School,Salaried,18.5,625183,Mortgage,North,639,11,3,0,0.268,266600,24,13.49,12736.1,Education,Online,0,Paid,Fair,Medium DTI
LN21907,CUST11907,61,Female,Post Graduate,Business,0.0,482170,Rent,South,647,12,9,0,0.196,141300,12,8.06,12295.39,Education,Online,0,Paid,Fair,Low DTI
LN21908,CUST11908,34,Male,High School,Self-Employed,5.6,504339,Mortgage,North,610,3,9,0,0.312,134400,24,14.1,6459.28,Business,Online,0,Paid,Fair,Medium DTI
LN21909,CUST11909,59,Female,Graduate,Self-Employed,7.0,276572,Mortgage,Central,564,14,7,2,0.103,96700,36,13.57,3284.82,Vehicle,Online,1,Default,Poor,Low DTI
LN21910,CUST11910,45,Male,High School,Salaried,0.0,1087823,Mortgage,Central,688,11,2,2,0.184,590400,48,9.85,14931.57,Business,Branch,0,Paid,Good,Low DTI
LN21911,CUST11911,40,Male,High School,Self-Employed,4.7,221329,Rent,North,809,7,12,3,0.185,87200,36,9.54,2794.9,Education,Branch,0,Paid,Very Good/Excellent,Low DTI
LN21912,CUST11912,22,Male,Graduate,Salaried,2.1,335189,Own,West,810,10,12,3,0.073,86600,36,9.32,2766.77,Medical,Mobile App,0,Paid,Very Good/Excellent,Low DTI
LN21913,CUST11913,59,Female,High School,Contract,11.3,1814470,Own,South,726,11,12,2,0.256,378200,48,12.74,10097.42,Education,Online,0,Paid,Good,Medium DTI
LN21914,CUST11914,26,Male,Post Graduate,Business,0.0,646663,Rent,West,635,1,7,3,0.26,258300,24,13.11,12293.4,Business,Online,0,Paid,Fair,Medium DTI
LN21915,CUST11915,37,Male,Graduate,Salaried,16.4,661606,Rent,East,571,5,1,1,0.478,362000,12,11.65,32104.02,Home,Online,0,Paid,Poor,High DTI
LN21916,CUST11916,45,Male,Graduate,Self-Employed,10.4,851897,Mortgage,East,759,4,9,1,0.347,405900,60,11.77,8981.92,Vehicle,Branch,0,Paid,Very Good/Excellent,Medium DTI
LN21917,CUST11917,48,Male,Graduate,Self-Employed,1.7,257172,Mortgage,Central,714,4,9,3,0.347,68400,36,8.68,2164.93,Personal,Branch,0,Paid,Good,Medium DTI
LN21918,CUST11918,22,Male,Graduate,Business,12.1,278758,Own,West,656,12,6,2,0.162,102700,48,10.97,2652.84,Personal,Online,0,Paid,Fair,Low DTI
LN21919,CUST11919,55,Female,Post Graduate,Business,10.0,469767,Own,South,644,5,10,1,0.071,271300,36,12.86,9122.89,Business,Online,0,Paid,Fair,Low DTI
LN21920,CUST11920,57,Male,Graduate,Contract,6.8,365067,Rent,North,725,3,1,1,0.039,87200,36,10.69,2842.03,Personal,Branch,0,Paid,Good,Low DTI
LN21921,CUST11921,25,Female,Post Graduate,Salaried,3.4,575767,Mortgage,Central,618,14,8,0,0.236,239500,24,15.02,11614.83,Education,Branch,0,Paid,Fair,Medium DTI
LN21922,CUST11922,21,Female,Post Graduate,Salaried,9.7,783665,Mortgage,North,698,7,6,1,0.072,257100,60,12.28,5755.49,Medical,Online,0,Paid,Good,Low DTI
LN21923,CUST11923,60,Male,High School,Self-Employed,7.6,1288159,Rent,West,589,2,9,3,0.139,273200,36,14.6,9417.14,Home,Branch,0,Paid,Fair,Low DTI
LN21924,CUST11924,32,Male,Post Graduate,Business,3.6,937323,Own,East,847,1,9,0,0.408,164000,24,10.8,7628.47,Personal,Branch,0,Paid,Very Good/Excellent,High DTI
LN21925,CUST11925,56,Female,Graduate,Salaried,0.3,347261,Own,North,628,6,7,2,0.102,148600,60,12.42,3337.15,Home,Online,0,Paid,Fair,Low DTI
LN21926,CUST11926,65,Male,Post Graduate,Salaried,2.7,488187,Mortgage,West,729,12,4,1,0.25,78300,36,9.97,2525.42,Personal,Online,0,Paid,Good,Medium DTI
LN21927,CUST11927,43,Male,Graduate,Business,4.5,420359,Rent,Central,590,1,11,2,0.098,84800,48,13.58,2299.46,Home,Online,0,Paid,Fair,Low DTI
LN21928,CUST11928,51,Male,Graduate,Business,12.8,343031,Own,North,668,11,1,3,0.103,111100,12,13.78,9963.85,Vehicle,Online,0,Paid,Fair,Low DTI
LN21929,CUST11929,31,Male,High School,Salaried,11.3,302667,Own,North,746,7,3,0,0.369,52000,12,10.96,4594.88,Business,Online,0,Paid,Very Good/Excellent,Medium DTI
LN21930,CUST11930,30,Male,Post Graduate,Business,4.7,1498622,Mortgage,West,763,8,6,2,0.143,524900,24,11.94,24694.16,Vehicle,Online,0,Paid,Very Good/Excellent,Low DTI
LN21931,CUST11931,23,Male,Graduate,Salaried,4.9,603522,Own,East,737,14,1,0,0.121,129900,24,11.4,6078.51,Home,Online,0,Paid,Good,Low DTI
LN21932,CUST11932,34,Male,Graduate,Salaried,12.0,530385,Own,West,670,15,4,2,0.262,172300,48,10.12,4379.91,Business,Mobile App,0,Paid,Good,Medium DTI
LN21933,CUST11933,36,Male,Graduate,Salaried,8.3,783109,Mortgage,South,630,2,8,0,0.096,427200,48,10.85,11010.11,Vehicle,Online,0,Paid,Fair,Low DTI
LN21934,CUST11934,30,Male,Graduate,Business,8.3,804716,Own,South,599,15,12,2,0.075,372700,36,15.86,13077.28,Home,Online,0,Paid,Fair,Low DTI
LN21935,CUST11935,49,Male,Post Graduate,Self-Employed,3.5,1110187,Rent,South,793,4,8,2,0.069,413800,60,8.85,8559.71,Vehicle,Online,0,Paid,Very Good/Excellent,Low DTI
LN21936,CUST11936,30,Female,Post Graduate,Salaried,6.4,398583,Own,East,688,7,6,1,0.389,78100,24,11.22,3648.05,Education,Mobile App,0,Paid,Good,Medium DTI
LN21937,CUST11937,32,Male,Post Graduate,Salaried,7.0,748766,Mortgage,North,702,11,6,0,0.293,344100,60,13.35,7891.12,Education,Branch,0,Paid,Good,Medium DTI
LN21938,CUST11938,50,Male,Graduate,Business,6.5,363502,Mortgage,West,767,6,3,1,0.02,84300,60,9.21,1758.53,Medical,Branch,0,Paid,Very Good/Excellent,Low DTI
LN21939,CUST11939,61,Female,Post Graduate,Self-Employed,10.7,540418,Rent,East,724,2,7,0,0.388,101800,36,10.61,3314.03,Home,Branch,0,Paid,Good,Medium DTI
LN21940,CUST11940,21,Male,Graduate,Contract,10.8,619020,Own,West,670,14,12,0,0.14,298400,24,12.13,14064.85,Vehicle,Online,0,Paid,Good,Low DTI
LN21941,CUST11941,25,Female,Graduate,Business,2.4,653208,Own,Central,736,4,8,2,0.426,395900,48,10.95,10222.63,Education,Mobile App,0,Paid,Good,High DTI
LN21942,CUST11942,40,Female,High School,Salaried,4.5,637533,Rent,Central,633,3,2,2,0.058,242500,36,11.55,8002.45,Personal,Online,0,Paid,Fair,Low DTI
LN21943,CUST11943,28,Male,Post Graduate,Business,3.6,932563,Rent,East,564,9,5,0,0.257,159000,48,13.75,4325.0,Personal,Branch,0,Paid,Poor,Medium DTI
LN21944,CUST11944,63,Female,Graduate,Salaried,13.9,432069,Own,South,786,6,6,1,0.204,255000,24,11.73,11971.61,Business,Online,0,Paid,Very Good/Excellent,Medium DTI
LN21945,CUST11945,32,Male,High School,Contract,18.3,663050,Own,South,640,13,1,2,0.463,121700,36,12.72,4084.16,Education,Mobile App,0,Paid,Fair,High DTI
LN21946,CUST11946,21,Female,Graduate,Salaried,4.7,395255,Rent,West,657,12,12,1,0.084,230700,36,11.66,7625.13,Business,Online,0,Paid,Fair,Low DTI
LN21947,CUST11947,40,Male,Graduate,Salaried,6.2,2990942,Own,West,664,2,5,2,0.363,1034600,24,13.96,49654.58,Home,Branch,0,Paid,Fair,Medium DTI
LN21948,CUST11948,48,Male,Post Graduate,Salaried,11.2,363164,Rent,North,635,2,3,1,0.109,120800,36,15.53,4218.99,Business,Online,0,Paid,Fair,Low DTI
LN21949,CUST11949,63,Female,Graduate,Salaried,3.5,408124,Rent,Central,763,13,3,3,0.423,172000,24,12.49,8136.05,Vehicle,Branch,0,Paid,Very Good/Excellent,High DTI
LN21950,CUST11950,57,Female,Graduate,Salaried,11.3,974950,Own,North,708,13,6,0,0.203,612800,36,10.2,19830.92,Home,Online,0,Paid,Good,Medium DTI
LN21951,CUST11951,57,Male,Post Graduate,Salaried,6.9,473771,Rent,East,657,3,11,2,0.203,284000,60,11.0,6174.85,Home,Mobile App,0,Paid,Fair,Medium DTI
LN21952,CUST11952,32,Male,Graduate,Salaried,0.0,975163,Mortgage,East,584,5,1,1,0.331,375600,36,14.4,12910.21,Personal,Online,0,Paid,Fair,Medium DTI
LN21953,CUST11953,57,Female,High School,Salaried,0.5,652683,Rent,East,703,12,5,1,0.136,325000,48,12.21,8592.04,Home,Branch,0,Paid,Good,Low DTI
LN21954,CUST11954,64,Male,Post Graduate,Business,5.3,480667,Mortgage,East,496,6,5,3,0.189,211600,24,13.22,10081.73,Education,Branch,0,Paid,Poor,Low DTI
LN21955,CUST11955,48,Female,Post Graduate,Self-Employed,13.1,396594,Own,North,697,5,5,2,0.308,197000,48,12.47,5233.34,Education,Mobile App,0,Paid,Good,Medium DTI
LN21956,CUST11956,35,Female,High School,Contract,2.5,388802,Rent,Central,781,12,3,1,0.225,219500,60,10.93,4764.8,Personal,Mobile App,0,Paid,Very Good/Excellent,Medium DTI
LN21957,CUST11957,26,Male,Post Graduate,Salaried,4.3,483549,Own,Central,685,1,6,2,0.091,80900,36,14.44,2782.29,Education,Mobile App,0,Paid,Good,Low DTI
LN21958,CUST11958,64,Female,Graduate,Salaried,8.1,545123,Rent,East,770,13,11,2,0.219,170600,60,10.3,3649.98,Personal,Online,0,Paid,Very Good/Excellent,Medium DTI
LN21959,CUST11959,40,Female,Graduate,Self-Employed,0.0,379705,Mortgage,North,588,1,1,0,0.066,239100,36,15.76,8377.74,Personal,Online,0,Paid,Fair,Low DTI
LN21960,CUST11960,34,Male,High School,Salaried,8.5,565015,Own,North,833,7,10,0,0.409,352900,36,12.15,11746.63,Business,Online,0,Paid,Very Good/Excellent,High DTI
LN21961,CUST11961,22,Male,High School,Salaried,0.0,328707,Own,North,762,14,1,3,0.08,51200,60,10.06,1089.36,Vehicle,Branch,0,Paid,Very Good/Excellent,Low DTI
LN21962,CUST11962,29,Male,Graduate,Contract,9.8,909300,Rent,East,716,10,11,1,0.316,228000,12,12.29,20288.47,Personal,Online,0,Paid,Good,Medium DTI
LN21963,CUST11963,57,Male,High School,Self-Employed,3.0,1010276,Mortgage,East,635,14,2,2,0.355,653500,12,12.66,58264.65,Medical,Branch,0,Paid,Fair,Medium DTI
LN21964,CUST11964,40,Female,High School,Salaried,2.3,407300,Rent,South,623,7,4,0,0.315,161500,36,12.78,5424.48,Education,Online,0,Paid,Fair,Medium DTI
LN21965,CUST11965,46,Male,Graduate,Business,8.4,394980,Own,East,675,13,10,1,0.189,172400,48,12.74,4602.84,Personal,Online,0,Paid,Good,Low DTI
LN21966,CUST11966,49,Male,Graduate,Salaried,11.0,661681,Mortgage,Central,770,10,9,1,0.526,154300,48,9.77,3896.43,Vehicle,Branch,0,Paid,Very Good/Excellent,High DTI
LN21967,CUST11967,21,Male,Post Graduate,Self-Employed,8.9,1203370,Rent,North,581,6,10,2,0.343,718600,12,11.39,63641.86,Business,Mobile App,0,Paid,Fair,Medium DTI
LN21968,CUST11968,55,Male,High School,Salaried,8.0,1359123,Own,East,681,9,8,0,0.39,361000,60,11.49,7937.52,Education,Mobile App,0,Paid,Good,Medium DTI
LN21969,CUST11969,26,Male,High School,Salaried,8.1,277389,Mortgage,West,735,2,11,0,0.311,67900,48,13.25,1830.02,Vehicle,Online,0,Paid,Good,Medium DTI
LN21970,CUST11970,57,Female,Graduate,Salaried,8.9,1043564,Rent,Central,750,1,10,3,0.205,275600,60,10.95,5985.34,Business,Mobile App,0,Paid,Very Good/Excellent,Medium DTI
LN21971,CUST11971,25,Male,Graduate,Contract,9.2,580027,Mortgage,West,735,11,11,0,0.186,353700,36,11.44,11653.52,Home,Branch,0,Paid,Good,Low DTI
LN21972,CUST11972,53,Male,Post Graduate,Salaried,5.0,586238,Rent,East,574,6,2,1,0.063,294000,48,15.08,8194.17,Business,Branch,0,Paid,Poor,Low DTI
LN21973,CUST11973,34,Female,Graduate,Self-Employed,10.3,791968,Rent,West,765,6,1,2,0.497,423100,60,8.63,8707.08,Education,Online,0,Paid,Very Good/Excellent,High DTI
LN21974,CUST11974,32,Female,Post Graduate,Salaried,3.0,460542,Mortgage,Central,685,9,4,1,0.272,155900,36,12.88,5243.88,Personal,Branch,0,Paid,Good,Medium DTI
LN21975,CUST11975,62,Male,High School,Salaried,12.5,1096759,Rent,Central,599,11,5,4,0.067,663100,60,16.02,16132.35,Education,Online,0,Paid,Fair,Low DTI
LN21976,CUST11976,40,Male,Graduate,Salaried,10.9,1313051,Mortgage,North,678,10,2,0,0.221,715200,36,12.47,23915.74,Home,Mobile App,0,Paid,Good,Medium DTI
LN21977,CUST11977,44,Male,Graduate,Salaried,17.9,1340283,Rent,East,533,1,12,3,0.231,704000,36,11.62,23255.31,Business,Branch,0,Paid,Poor,Medium DTI
LN21978,CUST11978,63,Male,High School,Business,9.6,217626,Own,West,723,11,10,0,0.097,138300,60,11.54,3044.36,Business,Mobile App,0,Paid,Good,Low DTI
LN21979,CUST11979,54,Female,Graduate,Contract,11.5,528804,Rent,West,670,1,6,0,0.061,176100,60,13.37,4040.25,Education,Branch,0,Paid,Good,Low DTI
LN21980,CUST11980,45,Female,High School,Salaried,0.0,206966,Rent,South,585,12,8,0,0.296,94300,36,13.89,3217.91,Education,Online,0,Paid,Fair,Medium DTI
LN21981,CUST11981,49,Male,Graduate,Salaried,11.7,393872,Own,South,658,14,12,4,0.29,238300,24,13.04,11333.69,Personal,Branch,0,Paid,Fair,Medium DTI
LN21982,CUST11982,59,Male,High School,Business,12.9,180000,Mortgage,West,627,12,11,0,0.222,98200,48,13.68,2667.72,Business,Branch,0,Paid,Fair,Medium DTI
LN21983,CUST11983,51,Male,Post Graduate,Contract,14.5,768604,Mortgage,South,632,10,12,0,0.17,331800,60,11.62,7317.15,Home,Branch,0,Paid,Fair,Low DTI
LN21984,CUST11984,63,Male,High School,Salaried,7.6,676918,Mortgage,South,510,12,5,1,0.18,127300,36,13.64,4328.59,Business,Online,0,Paid,Poor,Low DTI
LN21985,CUST11985,43,Female,Graduate,Salaried,5.3,472954,Rent,West,555,6,4,2,0.433,225300,36,13.62,7658.7,Vehicle,Mobile App,0,Paid,Poor,High DTI
LN21986,CUST11986,64,Female,High School,Salaried,1.6,388308,Own,South,663,5,7,1,0.411,160500,48,13.14,4316.97,Personal,Branch,0,Paid,Fair,High DTI
LN21987,CUST11987,58,Male,High School,Salaried,2.0,713118,Rent,West,650,11,5,4,0.194,172600,24,10.97,8042.11,Home,Online,0,Paid,Fair,Low DTI
LN21988,CUST11988,40,Male,Graduate,Salaried,6.9,344002,Own,Central,753,6,12,2,0.275,203300,60,14.29,4761.06,Education,Branch,0,Paid,Very Good/Excellent,Medium DTI
LN21989,CUST11989,43,Female,Post Graduate,Contract,0.0,331367,Mortgage,West,633,6,8,2,0.043,106600,36,9.37,3408.24,Home,Mobile App,0,Paid,Fair,Low DTI
LN21990,CUST11990,65,Male,Graduate,Salaried,3.2,309699,Mortgage,East,640,13,7,5,0.224,106500,36,10.34,3453.48,Education,Branch,0,Paid,Fair,Medium DTI
LN21991,CUST11991,36,Female,Graduate,Salaried,7.4,536366,Own,North,644,4,5,0,0.106,260800,36,13.67,8871.78,Business,Online,0,Paid,Fair,Low DTI
LN21992,CUST11992,62,Male,Post Graduate,Self-Employed,7.3,435572,Mortgage,West,665,10,11,2,0.109,171800,36,13.23,5807.67,Home,Branch,0,Paid,Fair,Low DTI
LN21993,CUST11993,28,Male,Graduate,Salaried,2.2,485704,Rent,Central,687,8,8,4,0.198,94500,48,12.09,2492.73,Education,Online,0,Paid,Good,Low DTI
LN21994,CUST11994,41,Female,High School,Salaried,0.8,799450,Mortgage,West,650,5,1,0,0.277,274800,60,13.76,6359.97,Personal,Branch,0,Paid,Fair,Medium DTI
LN21995,CUST11995,21,Male,Post Graduate,Contract,1.6,1019169,Own,West,723,6,8,0,0.08,201000,48,12.51,5343.57,Vehicle,Branch,0,Paid,Good,Low DTI
LN21996,CUST11996,28,Male,Post Graduate,Self-Employed,5.9,1332343,Mortgage,East,850,15,3,0,0.178,326900,48,9.75,8251.84,Education,Online,0,Paid,Very Good/Excellent,Low DTI
LN21997,CUST11997,49,Male,Graduate,Contract,17.6,620177,Rent,South,618,2,1,1,0.12,95300,12,13.63,8540.13,Business,Online,0,Paid,Fair,Low DTI
LN21998,CUST11998,52,Male,High School,Salaried,12.3,726402,Rent,West,709,1,9,1,0.343,174800,60,7.15,3473.63,Personal,Online,0,Paid,Good,Medium DTI
LN21999,CUST11999,58,Female,High School,Salaried,8.1,665671,Own,North,682,8,11,4,0.156,209800,36,12.07,6975.38,Business,Online,0,Paid,Good,Low DTI
LN22000,CUST12000,25,Male,Graduate,Contract,9.8,238920,Rent,Central,759,6,6,0,0.204,100100,24,11.04,4667.3,Vehicle,Online,0,Paid,Very Good/Excellent,Medium DTI
LN22001,CUST12001,42,Male,Post Graduate,Salaried,12.1,489604,Mortgage,South,695,13,11,0,0.309,298500,24,14.94,14464.76,Home,Mobile App,0,Paid,Good,Medium DTI
LN22002,CUST12002,54,Male,High School,Business,10.4,490844,Own,South,626,9,11,3,0.16,206200,48,11.87,5416.88,Personal,Branch,0,Paid,Fair,Low DTI
LN22003,CUST12003,21,Female,Graduate,Salaried,5.5,453041,Rent,North,593,5,8,2,0.187,227800,60,13.55,5247.51,Business,Branch,1,Default,Fair,Low DTI
LN22004,CUST12004,46,Male,High School,Salaried,2.8,586641,Own,East,726,8,11,3,0.342,192900,48,13.75,5247.12,Vehicle,Online,1,Default,Good,Medium DTI
LN22005,CUST12005,63,Male,Post Graduate,Self-Employed,6.4,531772,Rent,West,599,7,10,2,0.151,279600,36,14.36,9605.03,Home,Online,0,Paid,Fair,Low DTI
LN22006,CUST12006,30,Male,Graduate,Business,12.0,348783,Rent,South,769,11,12,1,0.392,160500,24,11.0,7480.56,Medical,Online,0,Paid,Very Good/Excellent,Medium DTI
LN22007,CUST12007,50,Male,Post Graduate,Contract,5.6,552175,Mortgage,West,721,10,11,0,0.173,209800,36,13.13,7082.14,Home,Mobile App,0,Paid,Good,Low DTI
LN22008,CUST12008,38,Male,Post Graduate,Salaried,1.5,422189,Rent,West,687,1,4,2,0.02,104200,12,11.01,9209.85,Business,Branch,0,Paid,Good,Low DTI
LN22009,CUST12009,37,Male,Graduate,Self-Employed,0.0,180000,Mortgage,South,582,7,2,1,0.2,54300,36,16.36,1918.69,Vehicle,Branch,0,Paid,Fair,Medium DTI
LN22010,CUST12010,46,Female,High School,Salaried,6.4,278256,Own,South,731,4,6,1,0.042,128100,48,12.5,3404.9,Personal,Online,0,Paid,Good,Low DTI
LN22011,CUST12011,28,Male,Graduate,Business,1.9,630071,Rent,Central,801,13,2,1,0.209,228700,60,8.05,4642.69,Home,Online,0,Paid,Very Good/Excellent,Medium DTI
LN22012,CUST12012,60,Male,High School,Salaried,4.8,1093862,Rent,North,648,6,1,1,0.357,650500,36,11.87,21565.54,Home,Mobile App,0,Paid,Fair,Medium DTI
LN22013,CUST12013,32,Male,Post Graduate,Salaried,14.3,180000,Mortgage,West,624,9,7,2,0.311,50000,24,9.9,2304.94,Personal,Online,0,Paid,Fair,Medium DTI
LN22014,CUST12014,47,Female,High School,Salaried,6.7,371747,Rent,South,673,15,7,2,0.146,69300,60,13.6,1598.15,Vehicle,Online,0,Paid,Good,Low DTI
LN22015,CUST12015,28,Female,Post Graduate,Salaried,3.2,760693,Mortgage,West,715,15,6,3,0.169,338300,48,12.62,9012.07,Business,Online,0,Paid,Good,Low DTI
LN22016,CUST12016,45,Female,Graduate,Business,8.5,972565,Mortgage,East,640,13,12,0,0.28,576800,60,12.21,12891.89,Business,Branch,0,Paid,Fair,Medium DTI
LN22017,CUST12017,24,Female,High School,Salaried,16.6,476214,Mortgage,North,747,13,2,2,0.195,158300,24,13.1,7533.31,Medical,Mobile App,0,Paid,Very Good/Excellent,Low DTI
LN22018,CUST12018,53,Male,Graduate,Self-Employed,6.4,412155,Own,Central,823,13,5,2,0.095,195300,36,10.03,6304.53,Vehicle,Online,0,Paid,Very Good/Excellent,Low DTI
LN22019,CUST12019,21,Male,Graduate,Salaried,0.0,1173529,Rent,North,705,9,1,1,0.07,311800,60,15.86,7559.2,Business,Branch,0,Paid,Good,Low DTI
LN22020,CUST12020,39,Female,Graduate,Salaried,10.3,929624,Rent,North,656,9,2,4,0.337,399000,24,10.86,18570.6,Medical,Branch,0,Paid,Fair,Medium DTI
LN22021,CUST12021,51,Female,High School,Salaried,8.7,962149,Rent,South,713,5,12,1,0.206,522800,48,12.77,13965.81,Business,Mobile App,0,Paid,Good,Medium DTI
LN22022,CUST12022,36,Male,High School,Business,7.5,463819,Mortgage,Central,768,4,5,6,0.062,270600,24,10.38,12534.33,Personal,Branch,0,Paid,Very Good/Excellent,Low DTI
LN22023,CUST12023,34,Male,Graduate,Contract,5.9,1107058,Rent,South,692,6,5,2,0.185,224200,36,11.1,7350.64,Personal,Mobile App,0,Paid,Good,Low DTI
LN22024,CUST12024,25,Female,Graduate,Salaried,3.0,205849,Mortgage,East,716,10,7,1,0.416,67600,60,11.5,1486.7,Vehicle,Branch,0,Paid,Good,High DTI
LN22025,CUST12025,61,Female,Post Graduate,Salaried,14.6,1117787,Mortgage,East,733,15,5,3,0.547,525200,36,12.06,17459.21,Education,Online,0,Paid,Good,High DTI
LN22026,CUST12026,46,Male,Graduate,Salaried,0.0,578441,Rent,South,614,5,11,1,0.094,96800,60,13.38,2221.37,Business,Branch,0,Paid,Fair,Low DTI
LN22027,CUST12027,48,Male,High School,Business,5.5,644093,Mortgage,West,714,12,6,3,0.052,319000,36,12.81,10719.2,Personal,Mobile App,0,Paid,Good,Low DTI
LN22028,CUST12028,22,Female,High School,Self-Employed,5.3,356752,Mortgage,East,579,10,2,1,0.17,147700,60,14.73,3492.87,Vehicle,Branch,0,Paid,Poor,Low DTI
LN22029,CUST12029,26,Male,High School,Salaried,11.3,221233,Own,East,631,5,5,2,0.377,65100,36,15.21,2263.41,Home,Branch,0,Paid,Fair,Medium DTI
LN22030,CUST12030,29,Female,Graduate,Salaried,13.2,636616,Rent,North,766,8,8,0,0.082,354800,24,9.21,16243.15,Business,Online,0,Paid,Very Good/Excellent,Low DTI
LN22031,CUST12031,53,Male,Post Graduate,Business,5.9,812566,Own,Central,745,15,1,1,0.165,239700,36,8.99,7621.28,Home,Branch,0,Paid,Very Good/Excellent,Low DTI
LN22032,CUST12032,61,Female,Post Graduate,Salaried,8.0,883075,Own,North,660,10,11,0,0.529,570200,48,12.5,15155.92,Education,Branch,0,Paid,Fair,High DTI
LN22033,CUST12033,45,Male,Post Graduate,Business,8.4,832188,Own,West,808,5,10,1,0.198,464500,60,9.19,9685.15,Medical,Mobile App,0,Paid,Very Good/Excellent,Low DTI
LN22034,CUST12034,33,Female,Graduate,Salaried,12.3,734668,Mortgage,Central,582,1,7,2,0.344,370300,36,15.08,12851.08,Personal,Branch,0,Paid,Fair,Medium DTI
LN22035,CUST12035,29,Male,Post Graduate,Business,12.2,360989,Own,North,665,5,8,3,0.182,65200,36,10.92,2132.1,Vehicle,Online,0,Paid,Fair,Low DTI
LN22036,CUST12036,33,Male,High School,Salaried,4.3,915107,Rent,North,701,13,11,3,0.477,551000,60,11.16,12024.09,Home,Branch,0,Paid,Good,High DTI
LN22037,CUST12037,51,Male,Post Graduate,Self-Employed,9.2,339454,Mortgage,South,469,5,5,2,0.154,185000,60,14.97,4398.22,Home,Online,0,Paid,Poor,Low DTI
LN22038,CUST12038,61,Female,High School,Self-Employed,8.9,1103029,Rent,West,668,5,4,2,0.216,291800,48,15.13,8140.25,Education,Online,0,Paid,Fair,Medium DTI
LN22039,CUST12039,31,Male,Graduate,Salaried,6.4,572916,Own,West,596,12,1,1,0.129,198300,60,16.72,4898.46,Personal,Mobile App,0,Paid,Fair,Low DTI
LN22040,CUST12040,24,Female,Graduate,Salaried,8.9,583497,Own,West,597,3,9,0,0.23,165900,36,11.83,5496.79,Home,Online,0,Paid,Fair,Medium DTI
LN22041,CUST12041,54,Male,High School,Salaried,7.1,966025,Rent,South,660,12,2,2,0.365,620400,12,9.31,54344.12,Vehicle,Branch,0,Paid,Fair,Medium DTI
LN22042,CUST12042,58,Female,Graduate,Contract,7.8,1040792,Mortgage,Central,543,12,11,0,0.319,600600,12,13.49,53782.13,Personal,Mobile App,1,Default,Poor,Medium DTI
LN22043,CUST12043,24,Male,Graduate,Contract,0.2,916701,Own,South,619,9,5,2,0.188,563900,60,13.16,12876.69,Business,Online,0,Paid,Fair,Low DTI
LN22044,CUST12044,58,Female,Graduate,Self-Employed,2.4,382098,Rent,West,545,5,7,3,0.162,208000,24,14.26,10012.25,Business,Online,0,Paid,Poor,Low DTI
LN22045,CUST12045,39,Female,Graduate,Salaried,11.1,912691,Own,South,689,12,8,2,0.231,345200,36,12.04,11472.18,Personal,Mobile App,0,Paid,Good,Medium DTI
LN22046,CUST12046,26,Male,High School,Salaried,0.9,383291,Own,North,688,2,11,1,0.179,96900,60,13.4,2224.67,Vehicle,Online,0,Paid,Good,Low DTI
LN22047,CUST12047,54,Male,High School,Business,9.4,925446,Mortgage,South,654,5,10,1,0.268,235100,24,12.09,11076.86,Vehicle,Mobile App,0,Paid,Fair,Medium DTI
LN22048,CUST12048,38,Female,Post Graduate,Contract,6.6,273990,Own,North,755,9,4,0,0.481,61900,60,11.5,1361.34,Home,Online,0,Paid,Very Good/Excellent,High DTI
LN22049,CUST12049,33,Male,Graduate,Salaried,12.2,569868,Own,North,658,14,10,1,0.086,241200,60,13.6,5562.41,Vehicle,Mobile App,0,Paid,Fair,Low DTI
LN22050,CUST12050,61,Female,Graduate,Business,10.2,382007,Rent,South,678,8,1,0,0.189,233000,60,12.66,5261.0,Personal,Online,0,Paid,Good,Low DTI
LN22051,CUST12051,43,Male,Post Graduate,Self-Employed,4.7,968157,Own,North,612,6,7,1,0.273,625300,36,14.33,21471.63,Education,Mobile App,1,Default,Fair,Medium DTI
LN22052,CUST12052,39,Female,Graduate,Salaried,5.9,1107955,Own,East,507,9,12,0,0.316,325400,36,12.33,10859.3,Personal,Mobile App,0,Paid,Poor,Medium DTI
LN22053,CUST12053,65,Female,High School,Salaried,0.0,669397,Rent,North,669,7,10,6,0.215,333800,60,12.64,7533.6,Education,Branch,0,Paid,Fair,Medium DTI
LN22054,CUST12054,31,Female,Graduate,Self-Employed,6.3,657398,Mortgage,South,659,2,11,2,0.289,294900,24,12.96,14014.54,Personal,Mobile App,1,Default,Fair,Medium DTI
LN22055,CUST12055,21,Female,Post Graduate,Salaried,0.6,883797,Own,Central,808,14,11,3,0.135,348600,36,10.13,11269.63,Business,Online,0,Paid,Very Good/Excellent,Low DTI
LN22056,CUST12056,44,Male,Graduate,Salaried,5.9,1111586,Mortgage,South,730,1,9,1,0.395,536800,48,10.65,13782.81,Home,Online,0,Paid,Good,Medium DTI
LN22057,CUST12057,27,Male,Graduate,Salaried,3.8,612440,Own,North,649,14,1,3,0.237,205600,36,13.46,6973.12,Education,Online,0,Paid,Fair,Medium DTI
LN22058,CUST12058,45,Male,Graduate,Contract,2.6,455825,Mortgage,South,691,13,1,2,0.107,283600,60,12.32,6354.48,Vehicle,Branch,0,Paid,Good,Low DTI
LN22059,CUST12059,41,Male,Graduate,Self-Employed,12.9,856562,Mortgage,West,748,3,7,1,0.219,430600,48,11.2,11170.95,Personal,Mobile App,0,Paid,Very Good/Excellent,Medium DTI
LN22060,CUST12060,35,Male,High School,Self-Employed,0.6,215860,Rent,South,719,11,9,1,0.465,113800,12,11.22,10069.51,Education,Branch,0,Paid,Good,High DTI
LN22061,CUST12061,21,Male,High School,Business,2.2,989538,Mortgage,South,805,4,5,5,0.105,268400,24,9.99,12384.06,Vehicle,Branch,0,Paid,Very Good/Excellent,Low DTI
LN22062,CUST12062,32,Female,Graduate,Contract,3.5,405989,Rent,West,621,9,4,1,0.114,95100,24,12.04,4478.46,Vehicle,Branch,0,Paid,Fair,Low DTI
LN22063,CUST12063,27,Male,Graduate,Salaried,4.6,525739,Own,South,753,15,6,0,0.184,182500,24,10.49,8462.78,Home,Mobile App,0,Paid,Very Good/Excellent,Low DTI
LN22064,CUST12064,35,Male,Post Graduate,Salaried,2.6,993027,Mortgage,East,648,5,9,4,0.244,529600,48,11.37,13783.14,Medical,Mobile App,1,Default,Fair,Medium DTI
LN22065,CUST12065,41,Male,High School,Salaried,5.2,477421,Own,North,695,2,2,2,0.212,295700,24,11.49,13849.3,Vehicle,Mobile App,0,Paid,Good,Medium DTI
LN22066,CUST12066,39,Female,High School,Contract,8.5,856629,Mortgage,North,638,10,5,2,0.136,311500,36,13.48,10567.83,Home,Online,0,Paid,Fair,Low DTI
LN22067,CUST12067,49,Male,High School,Salaried,10.3,1122518,Mortgage,North,669,5,4,2,0.14,602900,60,13.69,13931.72,Personal,Online,0,Paid,Fair,Low DTI
LN22068,CUST12068,45,Male,Graduate,Business,10.1,637432,Rent,East,696,13,3,1,0.032,245500,36,11.98,8151.77,Medical,Mobile App,0,Paid,Good,Low DTI
LN22069,CUST12069,53,Male,Graduate,Salaried,0.0,712106,Rent,West,724,2,5,1,0.123,211900,36,11.52,6989.63,Business,Mobile App,0,Paid,Good,Low DTI
LN22070,CUST12070,52,Male,Graduate,Salaried,8.9,561853,Mortgage,South,685,9,7,3,0.399,292000,60,12.44,6560.49,Home,Online,0,Paid,Good,Medium DTI
LN22071,CUST12071,55,Female,High School,Salaried,9.2,639386,Own,South,494,6,11,1,0.305,351100,24,16.57,17286.72,Personal,Mobile App,1,Default,Poor,Medium DTI
LN22072,CUST12072,64,Female,Graduate,Salaried,3.7,324702,Mortgage,South,674,12,3,0,0.117,81600,60,12.05,1817.21,Home,Mobile App,0,Paid,Good,Low DTI
LN22073,CUST12073,58,Female,Post Graduate,Salaried,15.3,510491,Rent,South,790,12,3,1,0.382,154500,48,11.34,4018.69,Education,Online,0,Paid,Very Good/Excellent,Medium DTI
LN22074,CUST12074,46,Female,Graduate,Self-Employed,12.4,295425,Own,South,674,12,6,3,0.199,117400,48,12.95,3146.64,Home,Mobile App,0,Paid,Good,Low DTI
LN22075,CUST12075,31,Female,Graduate,Business,6.1,365991,Mortgage,Central,792,5,5,0,0.38,89000,48,9.68,2243.62,Education,Mobile App,0,Paid,Very Good/Excellent,Medium DTI
LN22076,CUST12076,55,Male,High School,Contract,4.0,199399,Own,North,671,2,3,1,0.11,122500,36,13.5,4157.07,Vehicle,Online,0,Paid,Good,Low DTI
LN22077,CUST12077,28,Male,Post Graduate,Salaried,15.3,693735,Own,West,562,7,1,2,0.258,309200,60,10.96,6716.59,Vehicle,Branch,0,Paid,Poor,Medium DTI
LN22078,CUST12078,34,Male,Graduate,Business,6.9,1521285,Own,Central,648,7,10,2,0.246,320400,60,14.37,7516.75,Business,Mobile App,0,Paid,Fair,Medium DTI
LN22079,CUST12079,30,Male,Post Graduate,Business,7.4,466880,Rent,South,638,2,2,2,0.2,113000,36,11.14,3706.97,Personal,Branch,0,Paid,Fair,Medium DTI
LN22080,CUST12080,22,Female,Graduate,Salaried,7.4,1020199,Own,West,663,10,3,2,0.106,639800,36,12.35,21357.63,Education,Mobile App,0,Paid,Fair,Low DTI
LN22081,CUST12081,29,Male,High School,Self-Employed,18.5,1114388,Own,East,591,6,4,2,0.322,578500,60,14.88,13726.06,Education,Online,0,Paid,Fair,Medium DTI
LN22082,CUST12082,23,Female,Graduate,Self-Employed,5.9,310258,Rent,South,679,10,5,1,0.42,160500,36,11.67,5305.63,Education,Branch,0,Paid,Good,High DTI
LN22083,CUST12083,41,Male,Graduate,Salaried,6.9,349269,Mortgage,North,655,10,10,0,0.138,65100,60,13.03,1482.23,Business,Online,0,Paid,Fair,Low DTI
LN22084,CUST12084,46,Male,Graduate,Salaried,2.8,1034702,Rent,North,777,3,9,0,0.535,618400,36,12.11,20572.23,Education,Online,0,Paid,Very Good/Excellent,High DTI
LN22085,CUST12085,28,Female,Post Graduate,Salaried,5.1,570288,Mortgage,North,589,8,4,1,0.393,212100,36,16.44,7502.96,Vehicle,Branch,1,Default,Fair,Medium DTI
LN22086,CUST12086,22,Female,High School,Self-Employed,1.8,295006,Mortgage,West,698,14,12,0,0.464,141600,12,12.01,12581.65,Business,Mobile App,0,Paid,Good,High DTI
LN22087,CUST12087,26,Male,High School,Salaried,2.9,422698,Own,East,711,5,9,5,0.134,266200,36,12.1,8854.37,Vehicle,Branch,0,Paid,Good,Low DTI
LN22088,CUST12088,48,Male,High School,Salaried,0.0,755774,Mortgage,West,738,8,5,1,0.11,151200,36,11.49,4985.25,Personal,Mobile App,0,Paid,Good,Low DTI
LN22089,CUST12089,49,Male,Post Graduate,Business,11.4,387713,Mortgage,South,653,7,3,1,0.53,151600,36,12.37,5062.12,Personal,Branch,0,Paid,Fair,High DTI
LN22090,CUST12090,46,Male,High School,Salaried,7.8,180000,Mortgage,West,697,14,7,4,0.167,50000,36,10.03,1614.06,Education,Online,0,Paid,Good,Low DTI
LN22091,CUST12091,45,Male,Graduate,Salaried,8.2,502614,Mortgage,South,706,13,8,4,0.254,200900,48,10.23,5117.56,Personal,Mobile App,0,Paid,Good,Medium DTI
LN22092,CUST12092,32,Male,Graduate,Salaried,6.7,525517,Rent,North,556,11,9,1,0.248,145100,48,14.14,3975.27,Vehicle,Online,0,Paid,Poor,Medium DTI
LN22093,CUST12093,25,Male,Graduate,Contract,7.4,603052,Mortgage,East,655,8,9,2,0.312,365200,60,13.19,8344.99,Home,Mobile App,0,Paid,Fair,Medium DTI
LN22094,CUST12094,54,Male,Post Graduate,Salaried,15.1,1199087,Mortgage,Central,678,12,6,0,0.067,418800,36,14.22,14358.38,Education,Online,0,Paid,Good,Low DTI
LN22095,CUST12095,57,Male,High School,Salaried,3.2,617925,Own,South,686,1,9,2,0.214,288500,48,11.9,7583.15,Education,Mobile App,0,Paid,Good,Medium DTI
LN22096,CUST12096,35,Female,High School,Salaried,8.4,685772,Rent,East,685,6,3,3,0.059,397800,12,14.52,35814.72,Vehicle,Online,0,Paid,Good,Low DTI
LN22097,CUST12097,64,Female,Graduate,Salaried,8.4,1072208,Mortgage,South,713,13,2,2,0.326,688200,36,10.0,22206.28,Home,Branch,0,Paid,Good,Medium DTI
LN22098,CUST12098,56,Male,Graduate,Self-Employed,12.7,603423,Mortgage,South,825,13,5,2,0.307,242500,36,10.44,7874.98,Business,Branch,0,Paid,Very Good/Excellent,Medium DTI
LN22099,CUST12099,35,Male,Graduate,Contract,9.2,1943054,Mortgage,North,635,11,7,4,0.342,734200,36,12.57,24586.31,Education,Online,0,Paid,Fair,Medium DTI
LN22100,CUST12100,63,Male,Graduate,Self-Employed,9.4,299433,Rent,South,709,13,11,0,0.224,56300,36,9.9,1814.0,Vehicle,Branch,0,Paid,Good,Medium DTI
LN22101,CUST12101,43,Male,Post Graduate,Salaried,0.7,358938,Rent,East,778,13,7,1,0.351,56100,12,8.29,4887.58,Personal,Online,0,Paid,Very Good/Excellent,Medium DTI
LN22102,CUST12102,26,Male,Post Graduate,Salaried,3.0,841013,Own,West,545,12,11,0,0.263,382200,36,13.67,13001.52,Education,Mobile App,0,Paid,Poor,Medium DTI
LN22103,CUST12103,64,Male,Post Graduate,Salaried,1.2,1196077,Rent,North,700,3,6,1,0.272,218600,60,11.46,4803.2,Business,Mobile App,0,Paid,Good,Medium DTI
LN22104,CUST12104,63,Male,Post Graduate,Salaried,0.0,537266,Own,East,554,14,3,2,0.057,182800,36,12.86,6146.93,Business,Mobile App,0,Paid,Poor,Low DTI
LN22105,CUST12105,65,Female,High School,Business,9.0,344154,Own,West,844,5,6,1,0.305,52200,48,10.98,1348.63,Personal,Online,0,Paid,Very Good/Excellent,Medium DTI
LN22106,CUST12106,41,Female,High School,Salaried,5.7,1580464,Rent,South,719,2,1,1,0.24,723200,36,11.11,23714.33,Business,Online,0,Paid,Good,Medium DTI
LN22107,CUST12107,43,Female,Graduate,Salaried,9.0,388047,Own,East,709,11,3,2,0.277,140700,36,10.38,4565.14,Education,Online,0,Paid,Good,Medium DTI
LN22108,CUST12108,63,Female,Graduate,Salaried,7.2,723000,Own,West,539,4,2,0,0.235,154400,24,14.06,7417.57,Vehicle,Branch,0,Paid,Poor,Medium DTI
LN22109,CUST12109,36,Female,Graduate,Salaried,8.2,1236096,Mortgage,East,642,6,4,0,0.357,368600,24,11.92,17337.51,Home,Branch,0,Paid,Fair,Medium DTI
LN22110,CUST12110,35,Female,Graduate,Business,13.7,470618,Rent,South,643,1,8,2,0.203,204600,48,15.33,5728.46,Education,Mobile App,0,Paid,Fair,Medium DTI
LN22111,CUST12111,45,Female,Post Graduate,Salaried,7.0,426136,Own,West,812,13,3,1,0.493,203800,36,9.85,6561.71,Education,Branch,0,Paid,Very Good/Excellent,High DTI
LN22112,CUST12112,56,Male,Graduate,Business,10.3,442483,Own,Central,735,2,6,2,0.236,168700,24,10.1,7792.44,Home,Mobile App,0,Paid,Good,Medium DTI
LN22113,CUST12113,31,Female,Graduate,Self-Employed,5.5,985139,Own,North,556,2,10,3,0.187,543800,36,16.63,19287.96,Medical,Branch,1,Default,Poor,Low DTI
LN22114,CUST12114,35,Male,High School,Salaried,11.1,1074930,Own,Central,715,9,1,3,0.095,221700,36,12.86,7455.01,Personal,Branch,0,Paid,Good,Low DTI
LN22115,CUST12115,24,Male,Graduate,Contract,0.8,611233,Own,East,567,11,4,0,0.205,117500,48,14.15,3219.71,Personal,Online,0,Paid,Poor,Medium DTI
LN22116,CUST12116,41,Male,Graduate,Salaried,0.0,1690238,Rent,South,558,12,5,3,0.201,290900,36,12.94,9793.17,Home,Online,0,Paid,Poor,Medium DTI
LN22117,CUST12117,33,Male,Graduate,Salaried,17.5,610642,Own,Central,714,5,5,0,0.27,255200,36,12.94,8591.32,Education,Branch,0,Paid,Good,Medium DTI
LN22118,CUST12118,42,Female,High School,Business,16.2,1221351,Mortgage,Central,736,5,1,2,0.102,614500,36,9.26,19615.38,Business,Branch,0,Paid,Good,Low DTI
LN22119,CUST12119,39,Female,Post Graduate,Salaried,0.0,473110,Rent,South,714,6,9,0,0.286,101800,12,12.83,9084.38,Business,Online,0,Paid,Good,Medium DTI
LN22120,CUST12120,54,Female,Graduate,Salaried,6.8,2165693,Mortgage,South,821,13,5,1,0.534,1016700,36,10.56,33074.01,Medical,Online,0,Paid,Very Good/Excellent,High DTI
LN22121,CUST12121,34,Male,High School,Business,7.7,1422971,Own,Central,708,10,9,1,0.18,552800,36,13.37,18724.69,Personal,Online,0,Paid,Good,Low DTI
LN22122,CUST12122,24,Female,High School,Self-Employed,10.6,559220,Mortgage,East,693,3,7,0,0.112,360000,36,8.56,11374.32,Education,Online,0,Paid,Good,Low DTI
LN22123,CUST12123,47,Female,Post Graduate,Salaried,15.7,1320713,Rent,South,589,9,5,1,0.212,671900,48,12.28,17786.22,Business,Branch,0,Paid,Fair,Medium DTI
LN22124,CUST12124,49,Male,Post Graduate,Self-Employed,1.7,1284492,Mortgage,Central,744,3,9,2,0.257,614900,48,9.84,15548.25,Vehicle,Online,0,Paid,Very Good/Excellent,Medium DTI
LN22125,CUST12125,48,Male,Graduate,Business,2.0,1409658,Mortgage,North,556,4,5,1,0.095,613500,36,12.48,20517.91,Education,Online,0,Paid,Poor,Low DTI
LN22126,CUST12126,55,Male,Graduate,Salaried,7.0,180000,Own,East,832,12,10,0,0.147,116800,24,10.66,5425.38,Business,Branch,0,Paid,Very Good/Excellent,Low DTI
LN22127,CUST12127,28,Male,Post Graduate,Self-Employed,2.2,891204,Mortgage,South,745,15,9,1,0.273,570600,36,10.88,18648.3,Medical,Branch,0,Paid,Very Good/Excellent,Medium DTI
LN22128,CUST12128,36,Male,High School,Contract,0.0,808511,Own,South,850,9,5,6,0.186,338800,48,8.44,8341.25,Home,Branch,0,Paid,Very Good/Excellent,Low DTI
LN22129,CUST12129,62,Male,Graduate,Contract,5.9,777450,Rent,North,709,10,1,2,0.351,293600,24,10.21,13576.63,Personal,Branch,0,Paid,Good,Medium DTI
LN22130,CUST12130,56,Male,High School,Self-Employed,11.3,676559,Mortgage,South,749,8,7,0,0.234,257800,60,9.82,5454.68,Medical,Branch,0,Paid,Very Good/Excellent,Medium DTI
LN22131,CUST12131,50,Female,Graduate,Salaried,6.9,687613,Mortgage,North,659,6,5,1,0.213,250400,36,13.91,8547.14,Business,Mobile App,0,Paid,Fair,Medium DTI
LN22132,CUST12132,38,Female,Graduate,Business,10.1,1215191,Rent,West,677,8,5,1,0.186,505200,36,12.24,16837.84,Business,Branch,0,Paid,Good,Low DTI
LN22133,CUST12133,22,Male,Post Graduate,Salaried,9.4,807255,Own,West,601,1,6,1,0.15,231500,48,14.73,6411.18,Vehicle,Branch,0,Paid,Fair,Low DTI
LN22134,CUST12134,33,Female,Graduate,Self-Employed,1.9,676024,Rent,West,571,14,6,3,0.11,414700,12,17.93,38005.88,Personal,Mobile App,1,Default,Poor,Low DTI
LN22135,CUST12135,24,Male,Post Graduate,Salaried,7.3,1122809,Mortgage,West,694,4,7,2,0.605,443600,36,12.06,14746.58,Personal,Online,0,Paid,Good,Very High DTI
LN22136,CUST12136,46,Male,Post Graduate,Business,0.0,755095,Mortgage,North,676,10,12,0,0.138,431200,36,10.23,13960.22,Medical,Branch,0,Paid,Good,Low DTI
LN22137,CUST12137,45,Female,High School,Salaried,4.4,795835,Own,Central,599,11,8,1,0.26,308500,24,13.31,14711.61,Education,Branch,0,Paid,Fair,Medium DTI
LN22138,CUST12138,50,Male,Post Graduate,Contract,7.3,1675388,Mortgage,North,613,4,1,3,0.244,853000,60,16.12,20797.73,Personal,Mobile App,0,Paid,Fair,Medium DTI
LN22139,CUST12139,31,Male,Graduate,Salaried,7.0,472466,Mortgage,South,682,2,10,1,0.127,150500,48,13.9,4105.09,Business,Online,0,Paid,Good,Low DTI
LN22140,CUST12140,27,Female,Graduate,Salaried,0.5,260679,Mortgage,West,598,2,11,1,0.27,120500,24,12.56,5703.92,Home,Online,0,Paid,Fair,Medium DTI
LN22141,CUST12141,51,Female,High School,Business,1.6,624362,Mortgage,North,707,13,3,4,0.11,249200,36,11.44,8210.51,Vehicle,Online,0,Paid,Good,Low DTI
LN22142,CUST12142,64,Male,Graduate,Salaried,8.5,675146,Own,North,600,11,6,2,0.288,225200,24,14.66,10882.85,Business,Mobile App,0,Paid,Fair,Medium DTI
LN22143,CUST12143,30,Female,High School,Salaried,11.1,892272,Mortgage,Central,699,10,1,1,0.425,527100,60,12.73,11920.42,Business,Branch,0,Paid,Good,High DTI
LN22144,CUST12144,59,Female,High School,Contract,6.0,636480,Mortgage,South,594,9,5,2,0.07,131300,36,14.77,4536.78,Vehicle,Online,0,Paid,Fair,Low DTI
LN22145,CUST12145,33,Female,High School,Self-Employed,5.7,908909,Mortgage,West,594,6,5,2,0.449,357600,36,13.23,12088.61,Personal,Branch,0,Paid,Fair,High DTI
LN22146,CUST12146,51,Female,Graduate,Self-Employed,11.7,2379079,Mortgage,Central,503,7,10,1,0.383,588100,36,15.54,20542.54,Home,Online,0,Paid,Poor,Medium DTI
LN22147,CUST12147,27,Male,Post Graduate,Salaried,3.1,932401,Mortgage,Central,668,11,9,3,0.317,541300,36,12.02,17984.08,Business,Online,0,Paid,Fair,Medium DTI
LN22148,CUST12148,62,Male,Graduate,Self-Employed,15.6,1027057,Own,North,789,11,11,0,0.16,284200,48,12.76,7590.56,Vehicle,Branch,0,Paid,Very Good/Excellent,Low DTI
LN22149,CUST12149,62,Male,High School,Salaried,0.3,558742,Mortgage,North,785,15,2,0,0.148,260800,48,8.44,6420.89,Home,Branch,0,Paid,Very Good/Excellent,Low DTI
LN22150,CUST12150,56,Female,Post Graduate,Salaried,12.2,280070,Mortgage,West,704,4,7,0,0.067,65200,36,9.66,2093.43,Home,Mobile App,0,Paid,Good,Low DTI
LN22151,CUST12151,40,Female,Graduate,Business,9.7,180000,Mortgage,North,530,3,9,2,0.066,63400,48,13.48,1716.01,Home,Branch,0,Paid,Poor,Low DTI
LN22152,CUST12152,24,Female,High School,Self-Employed,19.1,451085,Rent,East,743,3,8,1,0.469,270500,36,10.34,8771.52,Medical,Mobile App,0,Paid,Very Good/Excellent,High DTI
LN22153,CUST12153,27,Male,High School,Contract,1.4,180000,Rent,East,697,5,1,2,0.137,50000,12,9.76,4390.22,Vehicle,Mobile App,0,Paid,Good,Low DTI
LN22154,CUST12154,21,Female,Post Graduate,Business,0.0,795827,Own,East,650,11,1,2,0.06,383300,12,10.19,33732.04,Home,Online,1,Default,Fair,Low DTI
LN22155,CUST12155,64,Female,Graduate,Business,13.2,486083,Mortgage,West,771,14,12,2,0.421,122600,36,12.54,4103.77,Business,Mobile App,0,Paid,Very Good/Excellent,High DTI
LN22156,CUST12156,65,Male,High School,Self-Employed,0.0,291364,Mortgage,Central,726,6,2,3,0.124,104300,48,11.36,2713.96,Vehicle,Mobile App,0,Paid,Good,Low DTI
LN22157,CUST12157,62,Female,High School,Salaried,10.1,644781,Mortgage,South,827,14,1,0,0.14,271000,60,9.73,5722.01,Business,Mobile App,0,Paid,Very Good/Excellent,Low DTI
LN22158,CUST12158,33,Female,Graduate,Salaried,12.9,399687,Rent,East,575,2,8,4,0.352,175300,12,13.96,15736.38,Home,Online,0,Paid,Poor,Medium DTI
LN22159,CUST12159,42,Female,Post Graduate,Salaried,8.9,768820,Mortgage,South,580,7,7,1,0.169,346900,36,16.2,12230.26,Business,Mobile App,1,Default,Fair,Low DTI
LN22160,CUST12160,41,Male,Post Graduate,Salaried,8.2,885475,Rent,South,593,7,6,1,0.132,416200,24,13.78,19939.73,Vehicle,Online,0,Paid,Fair,Low DTI
LN22161,CUST12161,42,Male,Graduate,Contract,9.0,407859,Rent,North,659,1,2,1,0.142,116600,60,12.45,2620.3,Home,Branch,0,Paid,Fair,Low DTI
LN22162,CUST12162,48,Female,High School,Salaried,11.2,526591,Own,East,799,15,11,1,0.157,184700,60,9.56,3884.46,Home,Online,0,Paid,Very Good/Excellent,Low DTI
LN22163,CUST12163,29,Female,Graduate,Business,9.9,675277,Own,Central,633,14,9,1,0.324,113900,24,13.9,5463.29,Vehicle,Mobile App,0,Paid,Fair,Medium DTI
LN22164,CUST12164,46,Male,Post Graduate,Self-Employed,0.9,276734,Mortgage,West,635,13,1,2,0.215,147900,48,12.88,3958.98,Personal,Online,0,Paid,Fair,Medium DTI
LN22165,CUST12165,29,Male,Post Graduate,Self-Employed,16.1,675244,Own,South,711,13,1,1,0.129,383900,48,14.31,10550.43,Personal,Branch,0,Paid,Good,Low DTI
LN22166,CUST12166,35,Female,Post Graduate,Self-Employed,7.3,273109,Own,West,743,13,2,1,0.128,68200,24,11.11,3182.14,Vehicle,Branch,0,Paid,Very Good/Excellent,Low DTI
LN22167,CUST12167,30,Male,Graduate,Salaried,9.6,818992,Rent,South,512,13,7,2,0.181,205300,36,16.33,7251.23,Business,Online,0,Paid,Poor,Low DTI
LN22168,CUST12168,44,Female,Graduate,Business,10.6,472288,Rent,West,758,12,10,4,0.322,80800,36,10.06,2609.47,Medical,Branch,0,Paid,Very Good/Excellent,Medium DTI
LN22169,CUST12169,62,Male,Post Graduate,Contract,12.8,272280,Rent,Central,631,7,12,2,0.149,173000,12,11.95,15366.79,Personal,Branch,0,Paid,Fair,Low DTI
LN22170,CUST12170,28,Male,Post Graduate,Self-Employed,12.3,436132,Rent,South,672,13,1,4,0.102,241400,36,9.68,7753.08,Home,Branch,0,Paid,Good,Low DTI
LN22171,CUST12171,44,Male,High School,Business,7.7,446397,Own,North,786,4,3,1,0.08,147500,24,11.9,6936.45,Education,Online,0,Paid,Very Good/Excellent,Low DTI
LN22172,CUST12172,36,Male,Post Graduate,Salaried,7.3,1079892,Mortgage,South,664,4,10,0,0.248,422200,36,12.48,14120.07,Personal,Online,0,Paid,Fair,Medium DTI
LN22173,CUST12173,46,Female,Post Graduate,Salaried,9.0,660005,Own,North,565,3,8,2,0.173,195400,60,14.98,4646.5,Education,Online,0,Paid,Poor,Low DTI
LN22174,CUST12174,47,Male,Post Graduate,Self-Employed,12.5,354595,Mortgage,East,569,9,12,3,0.104,159100,36,16.51,5633.63,Vehicle,Mobile App,0,Paid,Poor,Low DTI
LN22175,CUST12175,57,Male,Graduate,Business,1.4,1486108,Mortgage,South,678,3,7,2,0.106,755900,12,11.06,66828.85,Home,Online,0,Paid,Good,Low DTI
LN22176,CUST12176,24,Male,Graduate,Salaried,10.2,846830,Mortgage,North,655,4,8,1,0.137,316400,12,11.18,27990.53,Personal,Online,0,Paid,Fair,Low DTI
LN22177,CUST12177,44,Male,Post Graduate,Self-Employed,2.6,498674,Own,East,684,3,12,3,0.084,292600,36,11.06,9587.66,Business,Online,0,Paid,Good,Low DTI
LN22178,CUST12178,39,Male,Graduate,Salaried,16.3,255270,Own,Central,650,8,6,3,0.454,104300,36,9.59,3345.43,Business,Branch,0,Paid,Fair,High DTI
LN22179,CUST12179,56,Male,Graduate,Contract,8.8,475042,Mortgage,South,773,8,8,0,0.237,105500,36,10.62,3434.98,Personal,Online,0,Paid,Very Good/Excellent,Medium DTI
LN22180,CUST12180,59,Male,Graduate,Business,4.9,531470,Mortgage,South,682,10,5,0,0.071,245100,24,13.6,11721.7,Medical,Online,0,Paid,Good,Low DTI
LN22181,CUST12181,30,Male,Graduate,Salaried,9.1,735020,Mortgage,North,548,8,9,2,0.381,280100,48,14.35,7703.41,Vehicle,Online,0,Paid,Poor,Medium DTI
LN22182,CUST12182,45,Male,Graduate,Contract,7.0,837918,Own,South,741,15,10,1,0.18,517700,60,9.03,10754.14,Medical,Branch,0,Paid,Very Good/Excellent,Low DTI
LN22183,CUST12183,38,Female,Graduate,Salaried,6.2,935003,Rent,South,823,5,11,3,0.429,323500,60,9.62,6813.09,Business,Mobile App,0,Paid,Very Good/Excellent,High DTI
LN22184,CUST12184,39,Male,Graduate,Salaried,0.0,247305,Own,Central,692,13,1,1,0.197,86900,36,12.31,2899.21,Vehicle,Online,0,Paid,Good,Low DTI
LN22185,CUST12185,56,Male,Graduate,Salaried,1.9,672907,Rent,North,697,15,7,2,0.13,319900,48,13.49,8660.12,Home,Mobile App,0,Paid,Good,Low DTI
LN22186,CUST12186,30,Male,Graduate,Salaried,6.3,549573,Own,South,622,7,6,1,0.397,227200,36,14.36,7804.94,Vehicle,Online,0,Paid,Fair,Medium DTI
LN22187,CUST12187,53,Female,Post Graduate,Salaried,0.0,2617087,Mortgage,North,662,12,8,1,0.232,882500,48,12.05,23261.28,Business,Online,0,Paid,Fair,Medium DTI
LN22188,CUST12188,25,Male,Graduate,Salaried,4.1,621734,Mortgage,Central,718,3,2,1,0.207,400900,24,11.21,18724.19,Personal,Online,0,Paid,Good,Medium DTI
LN22189,CUST12189,55,Female,Post Graduate,Contract,4.5,426013,Rent,South,765,15,1,2,0.192,128300,48,11.92,3373.59,Medical,Mobile App,0,Paid,Very Good/Excellent,Low DTI
LN22190,CUST12190,64,Male,High School,Salaried,3.1,637550,Mortgage,West,713,8,1,3,0.155,184100,36,10.92,6020.23,Vehicle,Branch,0,Paid,Good,Low DTI
LN22191,CUST12191,54,Male,High School,Salaried,10.9,597179,Own,West,816,10,2,2,0.057,347700,60,11.54,7653.81,Home,Online,0,Paid,Very Good/Excellent,Low DTI
LN22192,CUST12192,53,Female,High School,Self-Employed,2.6,200930,Rent,Central,687,2,5,1,0.214,50000,48,11.21,1297.38,Personal,Online,0,Paid,Good,Medium DTI
LN22193,CUST12193,41,Male,Post Graduate,Self-Employed,7.4,751069,Mortgage,North,596,8,7,0,0.247,188200,36,15.89,6606.34,Business,Branch,0,Paid,Fair,Medium DTI
LN22194,CUST12194,37,Female,Graduate,Contract,5.2,505791,Rent,North,598,6,9,1,0.321,225200,60,13.88,5226.01,Business,Online,0,Paid,Fair,Medium DTI
LN22195,CUST12195,42,Male,Graduate,Self-Employed,6.4,591256,Rent,West,773,2,4,1,0.398,136700,36,7.97,4281.79,Education,Online,0,Paid,Very Good/Excellent,Medium DTI
LN22196,CUST12196,57,Male,Post Graduate,Business,15.0,371098,Mortgage,East,756,12,9,1,0.29,238600,60,12.12,5322.01,Home,Mobile App,0,Paid,Very Good/Excellent,Medium DTI
LN22197,CUST12197,35,Male,High School,Salaried,7.9,328743,Rent,West,557,6,11,3,0.327,125600,48,14.53,3465.69,Business,Online,0,Paid,Poor,Medium DTI
LN22198,CUST12198,55,Male,High School,Salaried,8.9,972933,Mortgage,East,664,11,3,1,0.265,436500,60,13.27,9992.15,Personal,Branch,0,Paid,Fair,Medium DTI
LN22199,CUST12199,48,Male,Graduate,Salaried,3.2,1103874,Rent,East,667,10,12,2,0.03,254100,12,15.87,23039.08,Home,Online,0,Paid,Fair,Low DTI
LN22200,CUST12200,27,Female,High School,Salaried,10.1,755125,Mortgage,Central,624,2,6,0,0.169,222500,36,12.75,7470.14,Home,Online,0,Paid,Fair,Low DTI
LN22201,CUST12201,52,Female,Graduate,Salaried,9.9,221626,Mortgage,Central,574,3,9,1,0.269,101400,48,11.56,2648.4,Personal,Mobile App,0,Paid,Poor,Medium DTI
LN22202,CUST12202,31,Male,Post Graduate,Self-Employed,9.4,782594,Mortgage,North,622,11,11,3,0.307,332400,60,15.07,7919.99,Personal,Mobile App,1,Default,Fair,Medium DTI
LN22203,CUST12203,30,Male,Graduate,Salaried,1.0,223445,Rent,South,608,5,1,1,0.244,121100,12,10.71,10686.64,Vehicle,Branch,0,Paid,Fair,Medium DTI
LN22204,CUST12204,29,Male,Graduate,Contract,4.1,417082,Mortgage,East,576,1,12,2,0.227,118700,12,12.74,10587.49,Home,Branch,0,Paid,Poor,Medium DTI
LN22205,CUST12205,34,Male,Graduate,Contract,14.2,965829,Mortgage,South,742,9,4,0,0.596,460500,24,11.43,21554.96,Vehicle,Branch,0,Paid,Very Good/Excellent,High DTI
LN22206,CUST12206,33,Female,Graduate,Self-Employed,3.6,861443,Mortgage,North,701,10,5,4,0.276,254500,60,10.64,5487.86,Vehicle,Online,0,Paid,Good,Medium DTI
LN22207,CUST12207,45,Female,Post Graduate,Self-Employed,14.8,771442,Own,East,645,3,11,0,0.227,342000,48,12.73,9129.24,Personal,Mobile App,0,Paid,Fair,Medium DTI
LN22208,CUST12208,22,Female,Post Graduate,Salaried,4.3,1235247,Own,Central,525,13,6,2,0.325,559000,36,14.42,19219.52,Home,Mobile App,1,Default,Poor,Medium DTI
LN22209,CUST12209,55,Male,Post Graduate,Salaried,7.7,816427,Own,North,658,12,11,2,0.263,172200,12,14.93,15536.79,Vehicle,Mobile App,0,Paid,Fair,Medium DTI
LN22210,CUST12210,27,Male,High School,Contract,6.1,197644,Mortgage,West,719,1,8,2,0.295,83900,36,8.08,2632.22,Home,Branch,0,Paid,Good,Medium DTI
LN22211,CUST12211,41,Female,Post Graduate,Salaried,2.8,489648,Rent,North,625,6,12,0,0.049,76400,24,13.26,3641.53,Personal,Mobile App,0,Paid,Fair,Low DTI
LN22212,CUST12212,38,Male,High School,Salaried,2.8,586425,Mortgage,East,594,1,2,3,0.091,234900,48,12.21,6210.07,Personal,Online,0,Paid,Fair,Low DTI
LN22213,CUST12213,23,Female,Graduate,Salaried,3.5,549837,Rent,South,671,3,6,3,0.334,274200,36,11.59,9053.76,Business,Online,0,Paid,Good,Medium DTI
LN22214,CUST12214,62,Male,Graduate,Business,7.7,427308,Own,South,705,7,7,1,0.117,79700,48,12.95,2136.17,Personal,Branch,0,Paid,Good,Low DTI
LN22215,CUST12215,59,Male,High School,Salaried,11.5,340476,Rent,Central,530,4,6,1,0.312,210900,60,15.33,5053.9,Personal,Online,0,Paid,Poor,Medium DTI
LN22216,CUST12216,61,Female,Post Graduate,Business,7.4,2246973,Mortgage,Central,782,9,4,3,0.113,852500,36,11.28,28022.93,Vehicle,Branch,0,Paid,Very Good/Excellent,Low DTI
LN22217,CUST12217,31,Male,Post Graduate,Salaried,6.8,484501,Own,South,586,7,6,0,0.225,300000,36,11.82,9938.52,Vehicle,Branch,0,Paid,Fair,Medium DTI
LN22218,CUST12218,59,Male,Post Graduate,Contract,13.1,2187054,Rent,West,648,5,4,3,0.106,445500,48,14.56,12299.46,Personal,Online,0,Paid,Fair,Low DTI
LN22219,CUST12219,44,Female,High School,Contract,7.2,320288,Own,East,769,9,9,3,0.139,200200,36,9.65,6427.04,Personal,Online,0,Paid,Very Good/Excellent,Low DTI
LN22220,CUST12220,39,Male,Graduate,Business,4.3,861188,Own,North,689,3,1,1,0.16,176200,60,14.24,4121.82,Business,Mobile App,0,Paid,Good,Low DTI
LN22221,CUST12221,24,Male,Post Graduate,Self-Employed,2.0,680775,Mortgage,North,762,11,12,4,0.202,259200,12,10.1,22799.85,Business,Online,0,Paid,Very Good/Excellent,Medium DTI
LN22222,CUST12222,46,Male,High School,Salaried,13.4,361354,Rent,West,797,14,9,3,0.099,223700,60,12.09,4986.26,Education,Mobile App,0,Paid,Very Good/Excellent,Low DTI
LN22223,CUST12223,58,Female,Graduate,Contract,5.4,463948,Mortgage,South,571,14,11,0,0.095,123600,24,14.09,5939.65,Personal,Online,0,Paid,Poor,Low DTI
LN22224,CUST12224,62,Male,Graduate,Business,4.1,595028,Own,South,748,8,4,1,0.136,99600,12,8.77,8699.55,Home,Branch,0,Paid,Very Good/Excellent,Low DTI
LN22225,CUST12225,52,Male,High School,Salaried,3.7,377158,Own,Central,779,8,3,0,0.214,206100,36,10.28,6677.39,Personal,Mobile App,0,Paid,Very Good/Excellent,Medium DTI
LN22226,CUST12226,59,Male,Post Graduate,Salaried,13.1,521158,Own,North,652,4,11,2,0.196,233400,60,15.27,5585.7,Business,Mobile App,0,Paid,Fair,Low DTI
LN22227,CUST12227,65,Female,High School,Salaried,4.1,180000,Own,South,658,1,5,1,0.365,73300,60,13.87,1700.63,Education,Mobile App,0,Paid,Fair,Medium DTI
LN22228,CUST12228,56,Female,Graduate,Self-Employed,12.0,887371,Rent,Central,537,4,3,4,0.244,148300,24,13.79,7105.61,Medical,Mobile App,0,Paid,Poor,Medium DTI
LN22229,CUST12229,60,Female,Graduate,Salaried,5.8,1178341,Rent,South,739,15,1,2,0.112,561600,24,13.37,26797.19,Personal,Branch,0,Paid,Good,Low DTI
LN22230,CUST12230,57,Female,Graduate,Self-Employed,1.0,770338,Rent,East,490,9,8,5,0.469,181700,36,15.57,6349.53,Business,Branch,1,Default,Poor,High DTI
LN22231,CUST12231,53,Female,High School,Self-Employed,5.3,2084474,Rent,North,753,10,9,2,0.141,1200000,36,13.67,40821.09,Business,Branch,0,Paid,Very Good/Excellent,Low DTI
LN22232,CUST12232,56,Female,Graduate,Salaried,6.8,873128,Rent,Central,574,1,6,1,0.203,430300,48,13.77,11709.0,Education,Mobile App,0,Paid,Poor,Medium DTI
LN22233,CUST12233,23,Male,Post Graduate,Contract,6.4,1124929,Rent,North,784,3,2,0,0.08,566400,36,10.3,18356.02,Education,Mobile App,0,Paid,Very Good/Excellent,Low DTI
LN22234,CUST12234,29,Male,Post Graduate,Business,6.3,1185630,Rent,North,710,8,6,0,0.478,315700,48,13.33,8521.24,Business,Mobile App,0,Paid,Good,High DTI
LN22235,CUST12235,28,Female,Graduate,Salaried,5.4,180000,Rent,North,756,3,6,0,0.371,106300,48,11.54,2775.34,Personal,Branch,0,Paid,Very Good/Excellent,Medium DTI
LN22236,CUST12236,53,Female,Post Graduate,Contract,3.1,757444,Mortgage,East,619,2,6,0,0.204,317300,36,14.05,10852.27,Personal,Branch,0,Paid,Fair,Medium DTI
LN22237,CUST12237,26,Female,Post Graduate,Business,7.1,280428,Mortgage,West,580,1,10,0,0.084,162200,60,12.51,3649.99,Personal,Mobile App,0,Paid,Fair,Low DTI
LN22238,CUST12238,61,Male,Graduate,Self-Employed,9.7,313385,Mortgage,South,548,9,11,1,0.285,89500,24,16.04,4383.91,Personal,Online,0,Paid,Poor,Medium DTI
LN22239,CUST12239,59,Female,Graduate,Salaried,0.0,344845,Mortgage,North,762,11,12,2,0.193,182000,24,12.54,8613.34,Personal,Online,0,Paid,Very Good/Excellent,Low DTI
LN22240,CUST12240,24,Female,Post Graduate,Salaried,13.5,505191,Mortgage,South,730,10,9,2,0.217,220900,48,13.58,5989.98,Vehicle,Mobile App,0,Paid,Good,Medium DTI
LN22241,CUST12241,33,Female,Graduate,Business,0.0,858067,Rent,Central,732,3,4,1,0.365,149500,24,9.48,6862.84,Vehicle,Branch,0,Paid,Good,Medium DTI
LN22242,CUST12242,22,Female,High School,Self-Employed,7.4,761754,Rent,North,702,7,2,2,0.37,268600,12,10.23,23642.95,Home,Branch,0,Paid,Good,Medium DTI
LN22243,CUST12243,25,Female,Post Graduate,Self-Employed,9.3,595862,Own,East,721,10,8,0,0.129,144200,60,10.56,3103.71,Personal,Mobile App,0,Paid,Good,Low DTI
LN22244,CUST12244,64,Male,High School,Contract,4.0,892838,Mortgage,West,658,3,6,1,0.293,294300,36,12.27,9812.97,Personal,Mobile App,0,Paid,Fair,Medium DTI
LN22245,CUST12245,47,Male,Post Graduate,Salaried,0.0,923201,Rent,West,708,13,10,1,0.127,315400,36,9.88,10159.31,Education,Online,0,Paid,Good,Low DTI
LN22246,CUST12246,52,Female,Post Graduate,Salaried,6.5,765380,Mortgage,West,616,8,1,2,0.153,296600,48,14.22,8137.8,Personal,Online,0,Paid,Fair,Low DTI
LN22247,CUST12247,41,Male,Post Graduate,Business,7.8,232398,Mortgage,North,654,9,6,0,0.182,104600,36,12.03,3475.72,Personal,Mobile App,0,Paid,Fair,Low DTI
LN22248,CUST12248,28,Female,High School,Salaried,1.3,399533,Rent,East,850,12,2,3,0.093,174000,60,11.63,3838.08,Business,Mobile App,0,Paid,Very Good/Excellent,Low DTI
LN22249,CUST12249,58,Male,Post Graduate,Salaried,2.8,608751,Own,North,683,8,4,0,0.214,103200,12,15.4,9334.15,Home,Online,0,Paid,Good,Medium DTI
LN22250,CUST12250,28,Female,Graduate,Contract,11.8,898142,Mortgage,East,532,5,2,0,0.183,471800,48,13.63,12805.23,Education,Mobile App,0,Paid,Poor,Low DTI
LN22251,CUST12251,23,Male,Post Graduate,Self-Employed,7.6,288938,Own,North,649,11,4,2,0.517,180500,48,11.61,4718.77,Home,Branch,1,Default,Fair,High DTI
LN22252,CUST12252,64,Female,Graduate,Self-Employed,0.0,596268,Rent,North,601,10,7,0,0.423,193400,36,14.61,6667.4,Business,Branch,0,Paid,Fair,High DTI
LN22253,CUST12253,23,Male,Graduate,Self-Employed,9.2,253620,Rent,South,692,12,8,1,0.295,60800,48,12.27,1609.17,Vehicle,Mobile App,0,Paid,Good,Medium DTI
LN22254,CUST12254,42,Male,Graduate,Salaried,2.3,1054882,Mortgage,Central,613,2,3,1,0.117,443100,60,13.86,10278.03,Personal,Branch,0,Paid,Fair,Low DTI
LN22255,CUST12255,26,Female,High School,Self-Employed,3.1,685549,Rent,West,664,6,1,3,0.4,344500,48,14.53,9505.82,Personal,Online,0,Paid,Fair,High DTI
LN22256,CUST12256,22,Male,Graduate,Self-Employed,8.0,286161,Rent,North,625,8,10,2,0.248,140100,36,12.72,4701.65,Home,Online,0,Paid,Fair,Medium DTI
LN22257,CUST12257,43,Female,High School,Salaried,7.5,285125,Rent,South,695,2,1,0,0.241,130000,36,10.48,4224.09,Personal,Online,0,Paid,Good,Medium DTI
LN22258,CUST12258,64,Male,Graduate,Business,5.0,742496,Rent,North,633,6,10,1,0.389,165700,60,11.16,3615.96,Personal,Mobile App,0,Paid,Fair,Medium DTI
LN22259,CUST12259,22,Female,Graduate,Salaried,4.5,1278022,Rent,South,707,7,11,3,0.218,726400,36,11.63,23998.71,Home,Online,0,Paid,Good,Medium DTI
LN22260,CUST12260,58,Male,Graduate,Salaried,5.7,328224,Mortgage,West,826,14,7,1,0.454,119100,48,9.58,2996.72,Business,Online,0,Paid,Very Good/Excellent,High DTI
LN22261,CUST12261,37,Male,High School,Salaried,3.1,924786,Mortgage,West,593,9,12,0,0.072,241100,36,14.9,8346.01,Education,Branch,0,Paid,Fair,Low DTI
LN22262,CUST12262,55,Female,Graduate,Salaried,12.4,445278,Own,West,734,11,1,3,0.212,86000,24,13.58,4112.06,Business,Online,0,Paid,Good,Medium DTI
LN22263,CUST12263,54,Male,Post Graduate,Contract,0.0,943585,Own,Central,496,9,3,3,0.128,338100,12,17.14,30858.79,Medical,Branch,1,Default,Poor,Low DTI
LN22264,CUST12264,43,Female,Graduate,Salaried,5.8,873654,Rent,South,663,14,11,2,0.181,401000,60,11.5,8819.04,Vehicle,Online,0,Paid,Fair,Low DTI
LN22265,CUST12265,50,Male,Graduate,Salaried,0.0,653501,Own,Central,697,2,5,2,0.431,315400,36,10.84,10301.91,Education,Online,0,Paid,Good,High DTI
LN22266,CUST12266,28,Male,Graduate,Salaried,11.7,218769,Mortgage,West,624,1,11,0,0.195,138100,24,10.42,6399.42,Home,Mobile App,0,Paid,Fair,Low DTI
LN22267,CUST12267,42,Male,Graduate,Self-Employed,5.8,872691,Own,East,546,13,5,1,0.08,197700,60,14.31,4631.97,Vehicle,Online,0,Paid,Poor,Low DTI
LN22268,CUST12268,64,Male,High School,Salaried,1.7,790796,Mortgage,Central,677,7,11,0,0.046,508400,36,13.67,17294.53,Education,Branch,0,Paid,Good,Low DTI
LN22269,CUST12269,56,Female,High School,Salaried,10.4,751947,Mortgage,Central,795,6,4,3,0.236,358900,48,9.51,9018.41,Personal,Mobile App,0,Paid,Very Good/Excellent,Medium DTI
LN22270,CUST12270,25,Male,Graduate,Business,0.0,668175,Rent,Central,669,10,8,1,0.312,252000,24,10.24,11656.46,Medical,Online,0,Paid,Fair,Medium DTI
LN22271,CUST12271,33,Male,Graduate,Business,8.4,370035,Rent,North,722,10,3,2,0.167,219800,60,14.5,5171.52,Personal,Online,0,Paid,Good,Low DTI
LN22272,CUST12272,49,Male,Graduate,Business,12.8,1088504,Rent,North,765,13,8,1,0.341,541200,36,9.97,17455.38,Personal,Mobile App,0,Paid,Very Good/Excellent,Medium DTI
LN22273,CUST12273,51,Female,Graduate,Business,7.9,983292,Mortgage,Central,850,10,6,1,0.18,318900,48,9.58,8023.96,Business,Branch,0,Paid,Very Good/Excellent,Low DTI
LN22274,CUST12274,36,Female,Graduate,Salaried,4.5,332104,Rent,South,601,12,4,0,0.24,196600,12,12.79,17540.41,Home,Online,0,Paid,Fair,Medium DTI
LN22275,CUST12275,62,Male,Graduate,Business,0.8,1236193,Mortgage,West,609,4,10,0,0.072,597500,36,11.36,19663.4,Business,Branch,0,Paid,Fair,Low DTI
LN22276,CUST12276,50,Male,Post Graduate,Self-Employed,12.4,645063,Mortgage,West,658,11,11,1,0.237,322200,36,13.98,11008.9,Personal,Mobile App,0,Paid,Fair,Medium DTI
LN22277,CUST12277,36,Female,Graduate,Salaried,11.6,644165,Own,West,726,11,3,0,0.404,385300,60,8.99,7996.32,Personal,Online,0,Paid,Good,High DTI
LN22278,CUST12278,32,Male,Post Graduate,Salaried,3.8,544536,Rent,North,506,9,10,0,0.269,203800,24,16.6,10037.21,Medical,Online,0,Paid,Poor,Medium DTI
LN22279,CUST12279,37,Male,Post Graduate,Salaried,3.9,574806,Own,South,729,1,12,1,0.072,275000,48,11.97,7237.75,Vehicle,Online,0,Paid,Good,Low DTI
LN22280,CUST12280,36,Male,Post Graduate,Salaried,12.9,1275284,Mortgage,Central,691,7,10,1,0.282,666100,12,11.73,59098.08,Business,Branch,0,Paid,Good,Medium DTI
LN22281,CUST12281,32,Male,Graduate,Salaried,9.7,1059043,Rent,East,640,5,2,3,0.09,399200,24,12.52,18888.82,Education,Mobile App,0,Paid,Fair,Low DTI
LN22282,CUST12282,28,Female,Graduate,Contract,0.0,1046750,Mortgage,West,712,5,6,4,0.137,200700,36,12.5,6714.14,Business,Mobile App,0,Paid,Good,Low DTI
LN22283,CUST12283,40,Male,Graduate,Business,6.0,664105,Own,West,747,6,1,0,0.418,355800,48,10.33,9080.5,Personal,Online,0,Paid,Very Good/Excellent,High DTI
LN22284,CUST12284,23,Male,Post Graduate,Salaried,5.8,978454,Mortgage,North,757,15,10,0,0.224,170200,48,11.41,4432.87,Vehicle,Mobile App,0,Paid,Very Good/Excellent,Medium DTI
LN22285,CUST12285,36,Male,Graduate,Salaried,8.2,379198,Rent,North,681,2,8,4,0.288,193000,60,10.95,4191.48,Home,Mobile App,0,Paid,Good,Medium DTI
LN22286,CUST12286,50,Male,Graduate,Salaried,7.0,827015,Own,West,704,11,5,1,0.171,500700,60,8.71,10323.38,Medical,Branch,0,Paid,Good,Low DTI
LN22287,CUST12287,65,Female,Graduate,Salaried,4.4,551428,Rent,North,702,14,7,1,0.261,178400,24,12.9,8473.08,Personal,Branch,0,Paid,Good,Medium DTI
LN22288,CUST12288,43,Male,High School,Self-Employed,7.9,193260,Rent,South,772,11,12,1,0.071,50000,60,14.58,1178.5,Business,Mobile App,0,Paid,Very Good/Excellent,Low DTI
LN22289,CUST12289,48,Female,Post Graduate,Business,4.8,250779,Rent,Central,709,3,12,3,0.177,66800,36,12.71,2241.44,Education,Mobile App,0,Paid,Good,Low DTI
LN22290,CUST12290,60,Male,Graduate,Salaried,24.1,416669,Mortgage,East,728,11,7,0,0.47,179600,60,11.51,3950.77,Education,Mobile App,0,Paid,Good,High DTI
LN22291,CUST12291,25,Female,Graduate,Salaried,7.6,753903,Own,Central,747,9,11,2,0.079,468400,24,10.7,21765.93,Business,Online,0,Paid,Very Good/Excellent,Low DTI
LN22292,CUST12292,40,Male,High School,Contract,6.9,416875,Mortgage,South,827,4,10,1,0.109,169300,60,9.55,3559.75,Home,Branch,0,Paid,Very Good/Excellent,Low DTI
LN22293,CUST12293,60,Male,Graduate,Salaried,16.2,433467,Mortgage,West,636,6,6,2,0.539,89500,24,12.36,4228.14,Education,Mobile App,0,Paid,Fair,High DTI
LN22294,CUST12294,64,Female,Graduate,Salaried,0.2,912988,Rent,South,802,13,5,0,0.284,423500,36,10.77,13818.76,Business,Online,0,Paid,Very Good/Excellent,Medium DTI
LN22295,CUST12295,21,Male,Graduate,Salaried,6.5,442161,Rent,North,850,13,2,0,0.202,228300,12,6.17,19666.81,Vehicle,Online,0,Paid,Very Good/Excellent,Medium DTI
LN22296,CUST12296,50,Female,Post Graduate,Salaried,2.3,1247471,Rent,Central,641,3,3,1,0.242,432400,24,9.04,19762.02,Business,Mobile App,0,Paid,Fair,Medium DTI
LN22297,CUST12297,41,Male,Post Graduate,Business,10.2,1138820,Mortgage,North,664,3,3,1,0.067,581700,36,13.22,19661.47,Personal,Online,0,Paid,Fair,Low DTI
LN22298,CUST12298,40,Male,Graduate,Self-Employed,4.5,607264,Rent,North,648,9,5,1,0.245,189700,60,12.48,4265.93,Home,Online,0,Paid,Fair,Medium DTI
LN22299,CUST12299,26,Male,Post Graduate,Salaried,9.9,908081,Own,West,729,9,2,0,0.198,494500,48,10.09,12563.18,Business,Online,0,Paid,Good,Low DTI
LN22300,CUST12300,42,Female,Graduate,Salaried,9.5,842532,Mortgage,West,540,13,11,1,0.577,270100,24,12.88,12825.83,Home,Online,0,Paid,Poor,High DTI
LN22301,CUST12301,38,Female,Graduate,Business,10.9,524169,Rent,Central,643,3,1,5,0.456,145700,24,12.02,6859.97,Medical,Mobile App,1,Default,Fair,High DTI
LN22302,CUST12302,28,Female,Graduate,Salaried,9.6,963747,Rent,North,659,3,4,3,0.172,568200,36,11.99,18869.66,Home,Mobile App,1,Default,Fair,Low DTI
LN22303,CUST12303,59,Male,Graduate,Salaried,5.9,1045056,Mortgage,North,653,15,10,0,0.352,443400,60,14.84,10511.25,Business,Online,1,Default,Fair,Medium DTI
LN22304,CUST12304,52,Female,Graduate,Contract,0.0,355345,Own,South,652,6,3,4,0.1,104000,24,11.11,4852.53,Personal,Online,0,Paid,Fair,Low DTI
LN22305,CUST12305,53,Male,High School,Business,12.0,652872,Own,East,643,13,11,5,0.247,403200,36,14.0,13780.42,Vehicle,Online,0,Paid,Fair,Medium DTI
LN22306,CUST12306,36,Male,Graduate,Business,14.0,648918,Mortgage,North,738,1,3,1,0.133,321500,24,12.32,15182.21,Home,Online,0,Paid,Good,Low DTI
LN22307,CUST12307,32,Male,High School,Self-Employed,2.3,957399,Rent,North,720,14,12,0,0.193,249300,36,11.39,8207.88,Business,Online,0,Paid,Good,Low DTI
LN22308,CUST12308,58,Female,High School,Salaried,10.7,470035,Own,West,808,5,10,3,0.213,215000,24,11.53,10073.67,Personal,Mobile App,0,Paid,Very Good/Excellent,Medium DTI
LN22309,CUST12309,54,Male,High School,Contract,1.1,431886,Own,West,738,9,11,1,0.07,252700,24,12.09,11906.09,Medical,Mobile App,0,Paid,Good,Low DTI
LN22310,CUST12310,34,Male,Graduate,Salaried,8.0,658444,Mortgage,North,598,9,6,2,0.186,328000,24,11.65,15386.54,Personal,Mobile App,0,Paid,Fair,Low DTI
LN22311,CUST12311,56,Male,High School,Salaried,9.0,1149034,Mortgage,Central,667,8,12,3,0.56,313000,24,11.61,14677.06,Business,Mobile App,1,Default,Fair,High DTI
LN22312,CUST12312,53,Female,Post Graduate,Salaried,4.9,310217,Own,South,659,6,9,4,0.105,147200,36,13.2,4973.94,Personal,Branch,0,Paid,Fair,Low DTI
LN22313,CUST12313,43,Female,Post Graduate,Salaried,7.5,341479,Own,Central,699,14,10,1,0.146,156900,48,11.12,4064.31,Education,Branch,0,Paid,Good,Low DTI
LN22314,CUST12314,65,Male,Graduate,Salaried,11.2,450632,Mortgage,Central,762,9,10,2,0.101,252500,12,11.99,22433.14,Vehicle,Mobile App,0,Paid,Very Good/Excellent,Low DTI
LN22315,CUST12315,22,Female,Graduate,Salaried,6.5,496961,Mortgage,East,694,3,11,2,0.201,118800,24,13.83,5694.39,Education,Branch,0,Paid,Good,Medium DTI
LN22316,CUST12316,61,Female,High School,Salaried,3.6,227206,Rent,South,694,13,2,3,0.117,113600,24,12.05,5350.2,Vehicle,Branch,0,Paid,Good,Low DTI
LN22317,CUST12317,41,Male,Post Graduate,Salaried,0.9,1367770,Mortgage,South,681,9,5,0,0.318,223900,60,11.38,4910.67,Business,Mobile App,0,Paid,Good,Medium DTI
LN22318,CUST12318,22,Female,Graduate,Salaried,5.0,558504,Rent,West,741,8,2,3,0.316,278200,36,10.31,9017.28,Business,Online,0,Paid,Very Good/Excellent,Medium DTI
LN22319,CUST12319,47,Male,High School,Salaried,1.1,514334,Own,North,637,12,6,4,0.44,324100,48,12.4,8598.59,Home,Mobile App,0,Paid,Fair,High DTI
LN22320,CUST12320,29,Male,Post Graduate,Salaried,5.1,1464663,Rent,West,571,15,1,0,0.254,347400,36,13.28,11752.19,Personal,Online,0,Paid,Poor,Medium DTI
LN22321,CUST12321,21,Male,Graduate,Salaried,4.7,890440,Mortgage,East,728,1,1,1,0.318,272200,24,12.88,12925.55,Personal,Branch,0,Paid,Good,Medium DTI
LN22322,CUST12322,31,Female,Graduate,Salaried,11.0,446950,Own,South,708,9,9,4,0.209,197300,12,11.0,17437.7,Medical,Online,0,Paid,Good,Medium DTI
LN22323,CUST12323,23,Male,Post Graduate,Salaried,7.4,656855,Mortgage,Central,779,8,10,2,0.187,339100,36,10.55,11029.58,Home,Mobile App,0,Paid,Very Good/Excellent,Low DTI
LN22324,CUST12324,43,Male,Post Graduate,Self-Employed,19.7,586384,Own,West,498,8,5,0,0.261,188900,36,16.2,6659.83,Medical,Mobile App,0,Paid,Poor,Medium DTI
LN22325,CUST12325,46,Male,Graduate,Salaried,0.0,1330783,Mortgage,North,672,6,9,1,0.021,641600,60,11.93,14249.35,Home,Online,0,Paid,Good,Low DTI
LN22326,CUST12326,24,Female,Post Graduate,Salaried,8.6,547217,Mortgage,South,688,9,12,2,0.264,328100,60,11.51,7217.42,Education,Mobile App,0,Paid,Good,Medium DTI
LN22327,CUST12327,38,Female,Graduate,Contract,4.7,271455,Rent,South,567,15,12,2,0.323,139300,36,15.3,4849.37,Home,Online,0,Paid,Poor,Medium DTI
LN22328,CUST12328,26,Female,Graduate,Self-Employed,2.2,213675,Rent,Central,674,8,8,2,0.082,108000,36,14.13,3698.01,Business,Online,0,Paid,Good,Low DTI
LN22329,CUST12329,55,Male,Graduate,Business,6.9,1350552,Rent,South,769,2,9,4,0.348,460500,24,11.02,21467.19,Business,Online,0,Paid,Very Good/Excellent,Medium DTI
LN22330,CUST12330,42,Male,High School,Self-Employed,6.5,388849,Rent,Central,836,6,9,1,0.203,235500,24,12.45,11135.36,Vehicle,Online,0,Paid,Very Good/Excellent,Medium DTI
LN22331,CUST12331,63,Female,Graduate,Salaried,12.4,867440,Rent,North,754,12,8,1,0.069,250400,60,11.44,5499.41,Medical,Branch,0,Paid,Very Good/Excellent,Low DTI
LN22332,CUST12332,35,Male,Graduate,Self-Employed,7.5,624156,Own,South,656,11,3,4,0.124,157700,24,13.97,7569.4,Business,Mobile App,0,Paid,Fair,Low DTI
LN22333,CUST12333,42,Male,Post Graduate,Self-Employed,3.5,477121,Mortgage,West,775,15,7,1,0.244,158500,60,13.81,3672.42,Personal,Online,0,Paid,Very Good/Excellent,Medium DTI
LN22334,CUST12334,57,Male,Graduate,Salaried,8.7,520096,Own,North,748,8,4,0,0.309,247100,36,10.34,8012.72,Personal,Online,0,Paid,Very Good/Excellent,Medium DTI
LN22335,CUST12335,62,Female,High School,Self-Employed,5.9,1433376,Own,Central,644,14,8,3,0.086,832600,36,12.06,27678.1,Personal,Online,0,Paid,Fair,Low DTI
LN22336,CUST12336,32,Male,Graduate,Business,1.4,270560,Mortgage,North,636,13,7,2,0.322,58500,24,14.16,2813.18,Business,Online,0,Paid,Fair,Medium DTI
LN22337,CUST12337,62,Male,Graduate,Salaried,5.8,485112,Rent,Central,667,13,12,1,0.293,270200,48,12.25,7148.61,Home,Online,0,Paid,Fair,Medium DTI
LN22338,CUST12338,58,Female,Graduate,Salaried,8.2,987860,Mortgage,Central,601,6,9,0,0.281,549700,36,12.07,18276.29,Home,Online,0,Paid,Fair,Medium DTI
LN22339,CUST12339,38,Female,High School,Salaried,7.4,296249,Mortgage,West,657,13,8,1,0.268,131400,36,12.12,4371.9,Home,Branch,1,Default,Fair,Medium DTI
LN22340,CUST12340,65,Male,Graduate,Salaried,8.7,1238226,Mortgage,South,717,14,3,0,0.38,656700,36,9.62,21072.89,Education,Mobile App,1,Default,Good,Medium DTI
LN22341,CUST12341,55,Female,High School,Salaried,4.4,980112,Mortgage,East,758,11,5,3,0.204,236100,12,11.17,20885.64,Personal,Online,0,Paid,Very Good/Excellent,Medium DTI
LN22342,CUST12342,50,Female,Graduate,Salaried,8.6,696743,Rent,South,652,9,3,3,0.328,163600,36,12.96,5509.18,Personal,Mobile App,0,Paid,Fair,Medium DTI
LN22343,CUST12343,44,Male,Post Graduate,Salaried,7.6,454953,Mortgage,Central,784,12,11,4,0.13,264500,36,12.37,8832.0,Business,Branch,0,Paid,Very Good/Excellent,Low DTI
LN22344,CUST12344,62,Female,High School,Contract,7.6,276046,Rent,North,729,5,12,0,0.103,110200,48,13.34,2975.02,Education,Branch,0,Paid,Good,Low DTI
LN22345,CUST12345,50,Female,Graduate,Self-Employed,7.2,885192,Own,South,732,8,9,1,0.317,241600,48,11.04,6248.97,Personal,Mobile App,0,Paid,Good,Medium DTI
LN22346,CUST12346,34,Male,Graduate,Self-Employed,17.9,2720809,Rent,Central,611,10,1,2,0.35,1200000,36,16.5,42485.26,Home,Online,0,Paid,Fair,Medium DTI
LN22347,CUST12347,26,Female,Graduate,Salaried,12.6,650129,Own,South,816,2,7,1,0.453,387400,48,8.65,9576.21,Home,Mobile App,0,Paid,Very Good/Excellent,High DTI
LN22348,CUST12348,23,Female,Graduate,Salaried,8.5,219775,Mortgage,South,722,12,9,4,0.266,102500,24,9.57,4709.54,Business,Online,0,Paid,Good,Medium DTI
LN22349,CUST12349,36,Female,Graduate,Business,3.0,771675,Rent,West,655,5,3,2,0.574,249800,48,10.81,6433.19,Business,Branch,0,Paid,Fair,High DTI
LN22350,CUST12350,27,Male,Graduate,Salaried,5.5,963020,Mortgage,Central,642,1,7,2,0.237,377100,12,11.11,33348.08,Personal,Online,0,Paid,Fair,Medium DTI
LN22351,CUST12351,34,Male,Post Graduate,Salaried,15.1,362169,Mortgage,South,657,5,7,2,0.117,190500,24,13.78,9126.67,Education,Online,0,Paid,Fair,Low DTI
LN22352,CUST12352,29,Male,Graduate,Business,4.2,420691,Rent,Central,604,7,11,0,0.529,77300,24,15.96,3783.37,Vehicle,Online,0,Paid,Fair,High DTI
LN22353,CUST12353,35,Male,High School,Salaried,6.2,397769,Mortgage,South,754,1,2,3,0.393,102900,48,13.77,2800.04,Vehicle,Mobile App,0,Paid,Very Good/Excellent,Medium DTI
LN22354,CUST12354,41,Female,Post Graduate,Salaried,5.9,447949,Own,West,611,13,5,2,0.257,170800,12,10.51,15056.58,Personal,Online,0,Paid,Fair,Medium DTI
LN22355,CUST12355,55,Female,High School,Contract,8.8,545793,Own,South,702,10,10,2,0.273,246800,24,13.26,11763.48,Vehicle,Branch,0,Paid,Good,Medium DTI
LN22356,CUST12356,22,Male,Post Graduate,Salaried,4.8,373693,Own,North,646,3,7,1,0.148,119400,36,15.1,4144.89,Education,Mobile App,0,Paid,Fair,Low DTI
LN22357,CUST12357,47,Female,Graduate,Business,7.9,304058,Rent,West,730,6,2,0,0.075,91000,12,13.05,8130.01,Personal,Branch,0,Paid,Good,Low DTI
LN22358,CUST12358,22,Male,Graduate,Contract,4.9,660394,Rent,South,741,12,10,3,0.195,112700,48,10.43,2881.69,Vehicle,Online,0,Paid,Very Good/Excellent,Low DTI
LN22359,CUST12359,55,Male,Graduate,Salaried,13.6,542651,Mortgage,South,632,1,10,2,0.103,90200,36,13.27,3050.94,Personal,Mobile App,0,Paid,Fair,Low DTI
LN22360,CUST12360,38,Male,High School,Business,3.6,472008,Rent,South,677,3,2,2,0.217,136600,60,10.92,2964.57,Personal,Mobile App,0,Paid,Good,Medium DTI
LN22361,CUST12361,34,Male,Graduate,Salaried,11.9,628090,Own,East,572,8,11,1,0.242,260800,12,15.04,23544.29,Home,Mobile App,0,Paid,Poor,Medium DTI
LN22362,CUST12362,40,Male,Graduate,Business,4.1,260039,Own,South,808,9,6,3,0.323,111300,36,8.18,3496.99,Education,Online,0,Paid,Very Good/Excellent,Medium DTI
LN22363,CUST12363,38,Male,Graduate,Salaried,2.7,693458,Rent,South,760,7,2,1,0.347,275300,48,12.13,7267.29,Home,Branch,0,Paid,Very Good/Excellent,Medium DTI
LN22364,CUST12364,30,Female,Post Graduate,Contract,3.5,477374,Mortgage,East,575,4,10,0,0.111,169400,48,12.81,4528.62,Personal,Online,0,Paid,Poor,Low DTI
LN22365,CUST12365,45,Male,Graduate,Self-Employed,0.0,684473,Own,North,615,7,1,1,0.344,189000,24,13.82,9058.37,Education,Mobile App,0,Paid,Fair,Medium DTI
LN22366,CUST12366,22,Male,Graduate,Self-Employed,9.2,747502,Rent,West,670,7,3,5,0.263,261900,36,12.07,8707.59,Home,Mobile App,1,Default,Good,Medium DTI
LN22367,CUST12367,45,Female,High School,Business,1.2,1117739,Rent,West,683,11,12,1,0.103,245200,48,11.71,6422.2,Personal,Online,0,Paid,Good,Low DTI
LN22368,CUST12368,53,Male,Post Graduate,Salaried,5.2,634955,Mortgage,West,629,7,1,2,0.163,131800,12,14.49,11864.35,Personal,Online,0,Paid,Fair,Low DTI
LN22369,CUST12369,56,Female,Post Graduate,Salaried,10.8,1078822,Own,East,594,8,6,1,0.14,323600,48,15.88,9151.04,Business,Online,0,Paid,Fair,Low DTI
LN22370,CUST12370,51,Male,Graduate,Salaried,10.6,502642,Mortgage,East,710,11,4,1,0.262,325500,24,10.55,15102.94,Business,Branch,0,Paid,Good,Medium DTI
LN22371,CUST12371,34,Male,Graduate,Salaried,0.0,516013,Mortgage,North,810,14,2,4,0.198,161600,60,10.63,3483.83,Personal,Online,0,Paid,Very Good/Excellent,Low DTI
LN22372,CUST12372,21,Male,Post Graduate,Self-Employed,8.6,570732,Rent,Central,684,14,12,0,0.233,352800,36,10.61,11485.17,Medical,Branch,0,Paid,Good,Medium DTI
LN22373,CUST12373,36,Male,High School,Business,12.7,918460,Rent,East,658,4,7,3,0.21,317900,12,11.94,28236.11,Business,Online,0,Paid,Fair,Medium DTI
LN22374,CUST12374,23,Female,Graduate,Salaried,3.8,848913,Rent,South,650,4,7,2,0.088,313700,36,11.66,10368.46,Home,Mobile App,0,Paid,Fair,Low DTI
LN22375,CUST12375,55,Male,Graduate,Salaried,9.6,646271,Rent,South,598,9,8,3,0.382,354500,60,11.64,7821.32,Personal,Branch,0,Paid,Fair,Medium DTI
LN22376,CUST12376,61,Male,High School,Business,1.3,305416,Mortgage,West,630,8,12,1,0.243,60100,48,14.64,1661.68,Medical,Branch,0,Paid,Fair,Medium DTI
LN22377,CUST12377,26,Male,Graduate,Salaried,8.9,840597,Mortgage,East,765,15,12,1,0.166,202700,36,11.18,6653.43,Personal,Online,0,Paid,Very Good/Excellent,Low DTI
LN22378,CUST12378,45,Male,High School,Self-Employed,7.7,373589,Mortgage,North,525,11,7,0,0.195,237900,36,13.81,8108.92,Education,Online,0,Paid,Poor,Low DTI
LN22379,CUST12379,33,Male,Graduate,Salaried,10.3,362559,Mortgage,South,685,4,1,1,0.278,146100,36,12.14,4862.39,Home,Branch,0,Paid,Good,Medium DTI
LN22380,CUST12380,54,Male,Graduate,Salaried,10.0,320782,Own,West,682,6,3,4,0.274,55200,12,14.06,4957.81,Medical,Mobile App,0,Paid,Good,Medium DTI
LN22381,CUST12381,28,Male,Graduate,Self-Employed,0.2,573173,Mortgage,South,689,9,1,0,0.333,99600,24,13.71,4768.45,Education,Mobile App,0,Paid,Good,Medium DTI
LN22382,CUST12382,41,Male,High School,Salaried,7.7,1168385,Own,East,735,13,2,0,0.325,705300,36,12.31,23530.62,Vehicle,Online,0,Paid,Good,Medium DTI
LN22383,CUST12383,54,Female,Graduate,Salaried,14.3,352828,Rent,South,685,14,1,4,0.055,207000,36,11.22,6798.5,Vehicle,Mobile App,0,Paid,Good,Low DTI
LN22384,CUST12384,24,Male,Graduate,Self-Employed,0.0,1510425,Mortgage,North,646,12,12,2,0.125,572800,24,12.99,27229.27,Personal,Online,0,Paid,Fair,Low DTI
LN22385,CUST12385,45,Female,High School,Salaried,11.8,989624,Rent,South,631,14,9,0,0.25,229200,48,11.4,5968.41,Vehicle,Mobile App,0,Paid,Fair,Medium DTI
LN22386,CUST12386,35,Female,Graduate,Self-Employed,15.0,268110,Mortgage,West,777,15,7,1,0.448,151500,36,10.71,4939.14,Business,Online,0,Paid,Very Good/Excellent,High DTI
LN22387,CUST12387,24,Female,High School,Contract,0.0,486095,Rent,North,758,6,9,0,0.119,151800,36,12.6,5085.54,Medical,Online,0,Paid,Very Good/Excellent,Low DTI
LN22388,CUST12388,65,Male,High School,Self-Employed,3.6,338591,Own,West,850,11,8,0,0.274,121700,24,11.49,5699.9,Personal,Branch,0,Paid,Very Good/Excellent,Medium DTI
LN22389,CUST12389,32,Female,Post Graduate,Self-Employed,9.6,864936,Rent,West,659,5,10,1,0.134,424900,36,11.65,14041.84,Education,Mobile App,0,Paid,Fair,Low DTI
LN22390,CUST12390,52,Male,High School,Salaried,2.6,348431,Own,East,632,12,2,1,0.263,113800,48,14.27,3125.19,Business,Online,0,Paid,Fair,Medium DTI
LN22391,CUST12391,52,Female,Post Graduate,Self-Employed,13.8,245996,Mortgage,Central,714,7,1,1,0.146,114200,48,12.73,3048.42,Home,Online,0,Paid,Good,Low DTI
LN22392,CUST12392,48,Female,Graduate,Salaried,12.3,501589,Own,Central,712,2,5,0,0.356,297300,24,11.46,13920.09,Business,Mobile App,0,Paid,Good,Medium DTI
LN22393,CUST12393,33,Female,High School,Self-Employed,0.1,1141498,Mortgage,East,728,8,7,1,0.287,626300,36,12.7,21012.14,Personal,Branch,0,Paid,Good,Medium DTI
LN22394,CUST12394,51,Male,Graduate,Salaried,3.3,539717,Rent,East,744,11,2,4,0.305,183900,60,13.18,4201.25,Home,Mobile App,0,Paid,Very Good/Excellent,Medium DTI
LN22395,CUST12395,34,Male,Post Graduate,Salaried,10.8,747006,Rent,South,727,7,4,3,0.226,219600,36,12.87,7385.45,Vehicle,Online,0,Paid,Good,Medium DTI
LN22396,CUST12396,40,Male,Graduate,Self-Employed,10.7,763113,Own,Central,761,6,7,1,0.045,223400,24,9.5,10257.3,Vehicle,Mobile App,0,Paid,Very Good/Excellent,Low DTI
LN22397,CUST12397,38,Female,Graduate,Self-Employed,18.1,261172,Mortgage,Central,771,3,9,1,0.217,84700,48,10.52,2169.42,Vehicle,Online,0,Paid,Very Good/Excellent,Medium DTI
LN22398,CUST12398,49,Male,Graduate,Salaried,2.6,365868,Rent,West,772,9,6,1,0.258,145200,24,11.52,6802.57,Business,Mobile App,0,Paid,Very Good/Excellent,Medium DTI
LN22399,CUST12399,26,Male,Graduate,Salaried,14.3,602137,Mortgage,North,510,15,7,3,0.139,215700,24,13.64,10319.73,Business,Online,0,Paid,Poor,Low DTI
LN22400,CUST12400,52,Female,High School,Salaried,2.4,441591,Own,West,697,2,8,1,0.184,95600,24,14.38,4607.21,Medical,Mobile App,0,Paid,Good,Low DTI
LN22401,CUST12401,49,Female,High School,Business,9.5,1532077,Mortgage,South,611,4,12,4,0.366,355000,36,13.81,12100.32,Home,Branch,0,Paid,Fair,Medium DTI
LN22402,CUST12402,63,Male,Graduate,Salaried,11.5,305318,Mortgage,North,759,2,12,2,0.266,98100,36,10.43,3185.25,Education,Branch,0,Paid,Very Good/Excellent,Medium DTI
LN22403,CUST12403,22,Female,Post Graduate,Salaried,0.0,363885,Own,West,509,6,8,1,0.079,156800,12,14.09,14085.26,Medical,Online,0,Paid,Poor,Low DTI
LN22404,CUST12404,43,Female,Graduate,Salaried,11.6,703965,Rent,Central,790,12,9,2,0.052,314200,60,9.61,6615.69,Medical,Branch,0,Paid,Very Good/Excellent,Low DTI
LN22405,CUST12405,39,Male,Graduate,Salaried,13.9,424787,Mortgage,North,615,7,12,0,0.327,167000,36,14.33,5734.47,Personal,Branch,0,Paid,Fair,Medium DTI
LN22406,CUST12406,51,Male,Post Graduate,Self-Employed,12.5,180000,Own,North,598,9,10,3,0.2,93500,36,14.77,3230.69,Education,Branch,0,Paid,Fair,Medium DTI
LN22407,CUST12407,25,Female,Graduate,Salaried,17.3,1738894,Mortgage,North,707,6,2,2,0.086,901800,36,10.9,29481.09,Education,Branch,0,Paid,Good,Low DTI
LN22408,CUST12408,39,Male,Graduate,Salaried,11.8,332308,Rent,Central,652,6,7,4,0.09,120900,48,14.92,3359.84,Business,Online,0,Paid,Fair,Low DTI
LN22409,CUST12409,54,Female,Graduate,Contract,4.3,816822,Mortgage,West,813,5,2,1,0.195,173300,36,9.72,5569.15,Home,Online,0,Paid,Very Good/Excellent,Low DTI
LN22410,CUST12410,30,Male,High School,Self-Employed,13.2,301137,Own,West,782,10,7,2,0.27,125000,48,9.57,3144.57,Home,Mobile App,0,Paid,Very Good/Excellent,Medium DTI
LN22411,CUST12411,45,Female,Graduate,Business,4.0,373254,Rent,East,642,11,11,1,0.144,127200,60,13.59,2932.75,Personal,Mobile App,0,Paid,Fair,Low DTI
LN22412,CUST12412,22,Male,High School,Self-Employed,7.4,245750,Own,East,758,12,9,3,0.166,53800,48,9.33,1347.26,Home,Online,0,Paid,Very Good/Excellent,Low DTI
LN22413,CUST12413,31,Male,High School,Business,11.2,399124,Rent,South,639,10,4,5,0.149,255800,36,10.87,8358.82,Vehicle,Branch,0,Paid,Fair,Low DTI
LN22414,CUST12414,51,Female,Graduate,Salaried,9.2,420976,Rent,North,638,4,12,2,0.191,141000,48,11.5,3678.55,Business,Online,0,Paid,Fair,Low DTI
LN22415,CUST12415,35,Male,Post Graduate,Salaried,13.8,557810,Rent,West,734,10,5,0,0.145,258200,36,10.31,8369.02,Personal,Mobile App,0,Paid,Good,Low DTI
LN22416,CUST12416,29,Female,Post Graduate,Self-Employed,19.4,488831,Mortgage,East,789,11,5,2,0.069,193100,24,11.79,9070.96,Home,Online,0,Paid,Very Good/Excellent,Low DTI
LN22417,CUST12417,43,Female,Post Graduate,Business,1.3,271536,Mortgage,South,647,4,12,2,0.161,60100,24,10.85,2796.95,Medical,Mobile App,0,Paid,Fair,Low DTI
LN22418,CUST12418,39,Female,Post Graduate,Salaried,5.4,449792,Rent,West,653,4,2,0,0.131,80000,60,13.26,1830.91,Personal,Branch,0,Paid,Fair,Low DTI
LN22419,CUST12419,29,Female,High School,Salaried,8.6,1329802,Own,North,703,5,3,1,0.236,615500,24,13.22,29325.64,Vehicle,Online,0,Paid,Good,Medium DTI
LN22420,CUST12420,55,Male,High School,Contract,4.7,1245814,Own,East,613,1,10,1,0.292,340700,60,15.47,8189.53,Personal,Mobile App,0,Paid,Fair,Medium DTI
LN22421,CUST12421,41,Female,High School,Salaried,6.6,770899,Mortgage,North,797,2,1,1,0.051,209600,24,9.81,9653.61,Business,Branch,0,Paid,Very Good/Excellent,Low DTI
LN22422,CUST12422,29,Male,Graduate,Salaried,10.9,864053,Rent,West,612,3,3,1,0.136,543000,36,12.7,18217.45,Education,Branch,0,Paid,Fair,Low DTI
LN22423,CUST12423,48,Male,High School,Salaried,10.2,1863818,Mortgage,South,633,7,5,1,0.321,709900,48,16.06,20140.59,Personal,Online,0,Paid,Fair,Medium DTI
LN22424,CUST12424,27,Male,Graduate,Salaried,8.2,821487,Mortgage,South,813,13,9,2,0.333,135300,24,12.33,6389.91,Education,Online,0,Paid,Very Good/Excellent,Medium DTI
LN22425,CUST12425,36,Male,Graduate,Business,7.7,855113,Rent,West,696,13,1,2,0.202,273600,48,11.65,7158.01,Education,Mobile App,0,Paid,Good,Medium DTI
LN22426,CUST12426,36,Male,High School,Salaried,5.9,253765,Mortgage,West,826,1,6,1,0.1,112200,48,11.83,2945.3,Personal,Branch,0,Paid,Very Good/Excellent,Low DTI
LN22427,CUST12427,53,Male,Graduate,Self-Employed,14.0,325376,Own,South,664,15,12,2,0.253,102300,36,12.91,3442.46,Education,Online,0,Paid,Fair,Medium DTI
LN22428,CUST12428,24,Male,High School,Salaried,15.3,589309,Mortgage,North,850,3,2,2,0.216,96300,36,9.77,3096.94,Business,Online,0,Paid,Very Good/Excellent,Medium DTI
LN22429,CUST12429,24,Male,Graduate,Self-Employed,12.1,384843,Mortgage,Central,726,7,12,5,0.055,143200,24,15.33,6965.76,Vehicle,Branch,0,Paid,Good,Low DTI
LN22430,CUST12430,59,Male,Graduate,Salaried,1.3,346559,Mortgage,North,624,6,6,0,0.103,70300,36,14.75,2428.37,Medical,Online,0,Paid,Fair,Low DTI
LN22431,CUST12431,60,Male,Post Graduate,Salaried,5.7,369288,Rent,West,622,2,10,0,0.148,169700,24,16.0,8309.04,Medical,Online,0,Paid,Fair,Low DTI
LN22432,CUST12432,37,Female,Post Graduate,Contract,8.0,274230,Mortgage,Central,571,4,6,3,0.492,126100,36,12.34,4208.83,Home,Online,0,Paid,Poor,High DTI
LN22433,CUST12433,57,Male,High School,Salaried,2.3,388257,Rent,South,579,1,1,1,0.251,65600,60,16.51,1613.1,Medical,Branch,0,Paid,Poor,Medium DTI
LN22434,CUST12434,59,Male,Post Graduate,Self-Employed,7.4,723152,Mortgage,North,631,12,5,2,0.122,213600,36,12.8,7176.47,Personal,Online,0,Paid,Fair,Low DTI
LN22435,CUST12435,49,Male,Graduate,Contract,7.1,1611479,Mortgage,South,606,5,10,0,0.458,575000,48,13.16,15471.51,Medical,Online,0,Paid,Fair,High DTI
LN22436,CUST12436,56,Male,Graduate,Salaried,12.4,930079,Rent,South,487,12,2,1,0.13,395400,36,15.78,13858.18,Personal,Online,0,Paid,Poor,Low DTI
LN22437,CUST12437,58,Female,Graduate,Salaried,4.5,851343,Rent,South,743,2,1,0,0.222,253700,24,12.12,11956.76,Personal,Branch,0,Paid,Very Good/Excellent,Medium DTI
LN22438,CUST12438,59,Male,Graduate,Salaried,12.8,245669,Mortgage,East,738,14,11,1,0.418,72200,36,13.01,2433.05,Home,Mobile App,0,Paid,Good,High DTI
LN22439,CUST12439,57,Female,Graduate,Salaried,2.2,640688,Own,West,703,8,9,5,0.293,411000,48,13.28,11083.3,Business,Mobile App,0,Paid,Good,Medium DTI
LN22440,CUST12440,55,Female,High School,Business,2.9,578305,Mortgage,Central,595,10,6,0,0.259,98900,24,12.6,4683.33,Vehicle,Branch,0,Paid,Fair,Medium DTI
LN22441,CUST12441,27,Female,Graduate,Salaried,5.1,704041,Own,East,804,6,1,1,0.352,453800,60,8.95,9409.13,Home,Mobile App,0,Paid,Very Good/Excellent,Medium DTI
LN22442,CUST12442,47,Male,Graduate,Contract,7.2,492036,Mortgage,West,667,12,10,0,0.242,85600,36,12.21,2851.74,Personal,Branch,0,Paid,Fair,Medium DTI
LN22443,CUST12443,48,Female,Graduate,Business,0.0,1496781,Mortgage,North,618,12,9,1,0.14,440300,12,13.21,39369.79,Personal,Branch,0,Paid,Fair,Low DTI
LN22444,CUST12444,42,Male,Post Graduate,Business,9.3,617671,Rent,South,697,1,12,2,0.072,245100,36,12.18,8161.92,Business,Online,0,Paid,Good,Low DTI
LN22445,CUST12445,34,Female,High School,Salaried,15.5,651679,Mortgage,North,693,14,9,0,0.555,144400,36,14.16,4946.48,Medical,Online,1,Default,Good,High DTI
LN22446,CUST12446,27,Female,Post Graduate,Salaried,10.3,203891,Own,West,492,2,7,0,0.186,50000,36,15.4,1743.08,Business,Online,0,Paid,Poor,Low DTI
LN22447,CUST12447,57,Male,Post Graduate,Salaried,5.9,565810,Own,Central,678,4,9,1,0.384,157400,48,16.29,4484.17,Personal,Branch,0,Paid,Good,Medium DTI
LN22448,CUST12448,42,Male,High School,Self-Employed,1.6,1128926,Mortgage,Central,689,3,1,1,0.375,718800,60,14.33,16848.45,Medical,Mobile App,0,Paid,Good,Medium DTI
LN22449,CUST12449,25,Male,Graduate,Salaried,0.0,814436,Rent,South,652,9,3,2,0.184,277000,48,12.27,7331.25,Business,Online,0,Paid,Fair,Low DTI
LN22450,CUST12450,22,Female,Graduate,Business,0.0,183342,Rent,South,581,1,8,3,0.262,79400,60,11.12,1731.1,Vehicle,Branch,0,Paid,Fair,Medium DTI
LN22451,CUST12451,47,Female,Graduate,Self-Employed,6.3,468534,Rent,South,583,7,3,4,0.321,235300,60,17.34,5890.91,Business,Branch,0,Paid,Fair,Medium DTI
LN22452,CUST12452,41,Male,Graduate,Self-Employed,17.5,1555379,Rent,South,719,9,8,1,0.246,810500,60,11.29,17739.68,Vehicle,Branch,0,Paid,Good,Medium DTI
LN22453,CUST12453,58,Female,Graduate,Self-Employed,0.0,552292,Mortgage,North,737,9,3,1,0.528,272800,24,12.84,12948.92,Education,Online,0,Paid,Good,High DTI
LN22454,CUST12454,35,Female,Graduate,Self-Employed,10.5,716414,Rent,North,646,6,4,0,0.131,228200,36,11.81,7558.81,Home,Online,0,Paid,Fair,Low DTI
LN22455,CUST12455,41,Female,Graduate,Salaried,3.6,1461743,Own,North,709,14,12,1,0.323,300900,12,14.26,27053.77,Personal,Online,0,Paid,Good,Medium DTI
LN22456,CUST12456,30,Male,Graduate,Salaried,5.3,551087,Own,North,646,12,12,3,0.301,160300,36,14.08,5484.9,Home,Mobile App,0,Paid,Fair,Medium DTI
LN22457,CUST12457,43,Male,Graduate,Salaried,2.3,927039,Own,North,616,13,4,0,0.16,236500,60,11.63,5216.7,Business,Online,0,Paid,Fair,Low DTI
LN22458,CUST12458,59,Female,Post Graduate,Self-Employed,0.2,752347,Own,West,696,7,5,2,0.25,164100,24,9.13,7506.66,Education,Branch,0,Paid,Good,Medium DTI
LN22459,CUST12459,25,Male,Graduate,Salaried,7.6,846205,Own,East,594,8,10,2,0.565,137300,36,13.87,4683.92,Personal,Mobile App,1,Default,Fair,High DTI
LN22460,CUST12460,21,Male,High School,Business,8.3,739148,Rent,Central,822,3,10,3,0.452,456700,48,10.92,11785.92,Personal,Branch,0,Paid,Very Good/Excellent,High DTI
LN22461,CUST12461,33,Female,Graduate,Business,10.3,443959,Mortgage,South,572,5,11,2,0.171,271000,24,15.06,13147.61,Personal,Branch,0,Paid,Poor,Low DTI
LN22462,CUST12462,41,Female,Graduate,Salaried,0.0,469018,Rent,South,701,13,4,0,0.289,82200,24,10.82,3824.3,Education,Online,0,Paid,Good,Medium DTI
LN22463,CUST12463,46,Male,Graduate,Self-Employed,11.4,374995,Rent,North,691,4,7,5,0.2,88700,36,11.17,2911.07,Vehicle,Branch,0,Paid,Good,Medium DTI
LN22464,CUST12464,65,Male,Graduate,Salaried,11.5,243493,Rent,North,685,9,11,1,0.166,53500,24,9.39,2453.72,Business,Branch,0,Paid,Good,Low DTI
LN22465,CUST12465,41,Female,Graduate,Salaried,9.1,1189658,Rent,West,791,9,4,1,0.383,345700,36,9.81,11123.95,Personal,Branch,0,Paid,Very Good/Excellent,Medium DTI
LN22466,CUST12466,38,Male,Post Graduate,Business,4.9,603337,Rent,South,479,4,11,2,0.207,152100,36,12.87,5115.33,Business,Branch,0,Paid,Poor,Medium DTI
LN22467,CUST12467,57,Male,High School,Contract,8.5,1157153,Mortgage,West,711,12,1,1,0.306,720800,36,10.77,23519.64,Medical,Branch,0,Paid,Good,Medium DTI
LN22468,CUST12468,65,Female,Post Graduate,Self-Employed,6.2,1419251,Mortgage,West,659,14,5,1,0.299,272600,24,13.11,12973.99,Medical,Mobile App,1,Default,Fair,Medium DTI
LN22469,CUST12469,52,Male,Graduate,Contract,11.8,617889,Rent,West,724,2,12,2,0.209,158100,36,12.11,5259.49,Home,Mobile App,0,Paid,Good,Medium DTI
LN22470,CUST12470,56,Female,Post Graduate,Self-Employed,5.2,291346,Rent,West,684,1,8,0,0.261,55500,12,11.23,4911.14,Business,Branch,0,Paid,Good,Medium DTI
LN22471,CUST12471,37,Male,Post Graduate,Self-Employed,7.5,538629,Rent,West,674,3,6,2,0.602,344800,60,12.8,7810.0,Medical,Branch,0,Paid,Good,Very High DTI
LN22472,CUST12472,55,Male,Graduate,Salaried,0.0,414802,Rent,East,589,2,4,2,0.387,252700,36,15.88,8869.22,Business,Branch,0,Paid,Fair,Medium DTI
LN22473,CUST12473,31,Female,Graduate,Salaried,8.5,201915,Mortgage,West,630,5,4,3,0.072,102600,60,12.63,2315.08,Education,Mobile App,0,Paid,Fair,Low DTI
LN22474,CUST12474,41,Female,Graduate,Salaried,3.3,455310,Rent,East,850,15,1,1,0.285,165300,48,7.83,4022.28,Business,Online,0,Paid,Very Good/Excellent,Medium DTI
LN22475,CUST12475,46,Male,Graduate,Salaried,9.6,576851,Rent,North,724,6,10,1,0.261,141400,48,12.82,3780.79,Home,Branch,0,Paid,Good,Medium DTI
LN22476,CUST12476,24,Male,Graduate,Self-Employed,10.9,421197,Mortgage,North,759,14,1,0,0.406,109800,36,12.75,3686.39,Personal,Online,0,Paid,Very Good/Excellent,High DTI
LN22477,CUST12477,54,Male,Post Graduate,Self-Employed,4.0,392517,Mortgage,South,654,9,3,2,0.316,145800,24,11.65,6839.51,Business,Online,0,Paid,Fair,Medium DTI
LN22478,CUST12478,38,Male,High School,Self-Employed,7.2,297164,Rent,North,616,4,4,3,0.351,158700,36,12.23,5288.56,Personal,Mobile App,1,Default,Fair,Medium DTI
LN22479,CUST12479,60,Female,High School,Salaried,7.9,668266,Mortgage,Central,738,4,4,2,0.276,188700,12,8.46,16454.88,Business,Online,0,Paid,Good,Medium DTI
LN22480,CUST12480,55,Male,Graduate,Salaried,8.8,1677446,Rent,South,537,15,2,0,0.043,512300,60,13.75,11854.03,Personal,Online,0,Paid,Poor,Low DTI
LN22481,CUST12481,61,Female,Post Graduate,Salaried,10.9,1212177,Own,North,631,4,11,1,0.232,545400,36,11.65,18024.05,Personal,Online,0,Paid,Fair,Medium DTI
LN22482,CUST12482,49,Male,Graduate,Salaried,10.3,859563,Mortgage,South,653,1,9,1,0.173,231100,60,10.42,4958.09,Home,Online,0,Paid,Fair,Low DTI
LN22483,CUST12483,49,Male,High School,Contract,5.1,869923,Mortgage,West,751,14,8,3,0.231,384600,48,10.69,9882.39,Education,Online,0,Paid,Very Good/Excellent,Medium DTI
LN22484,CUST12484,58,Male,Graduate,Self-Employed,15.0,557786,Rent,South,711,3,3,1,0.093,191600,24,11.83,9004.07,Business,Online,0,Paid,Good,Low DTI
LN22485,CUST12485,62,Female,High School,Salaried,10.8,222393,Own,South,645,4,11,1,0.298,50000,48,12.54,1329.99,Vehicle,Branch,0,Paid,Fair,Medium DTI
LN22486,CUST12486,41,Male,Post Graduate,Business,14.0,489675,Own,East,708,14,2,2,0.173,172000,36,11.39,5662.88,Personal,Mobile App,0,Paid,Good,Low DTI
LN22487,CUST12487,62,Male,Post Graduate,Self-Employed,8.7,352069,Rent,East,657,1,1,2,0.215,214700,24,14.93,10402.94,Business,Online,0,Paid,Fair,Medium DTI
LN22488,CUST12488,33,Male,High School,Self-Employed,9.0,653285,Mortgage,West,760,5,10,2,0.077,193700,24,11.56,9078.38,Business,Mobile App,0,Paid,Very Good/Excellent,Low DTI
LN22489,CUST12489,61,Female,Graduate,Contract,6.4,1182277,Mortgage,West,698,10,9,1,0.233,368200,60,13.01,8379.57,Vehicle,Online,0,Paid,Good,Medium DTI
LN22490,CUST12490,37,Female,Post Graduate,Self-Employed,4.8,1776330,Rent,West,810,9,5,2,0.217,325000,36,13.07,10961.5,Business,Online,0,Paid,Very Good/Excellent,Medium DTI
LN22491,CUST12491,29,Male,Graduate,Business,11.9,621708,Mortgage,North,659,1,8,0,0.297,284400,48,14.1,7785.92,Personal,Mobile App,0,Paid,Fair,Medium DTI
LN22492,CUST12492,61,Male,Graduate,Contract,8.3,239845,Rent,North,772,14,4,1,0.106,137800,36,10.51,4479.49,Home,Online,0,Paid,Very Good/Excellent,Low DTI
LN22493,CUST12493,21,Female,High School,Salaried,6.3,621044,Mortgage,Central,687,12,2,0,0.207,202700,36,9.42,6485.5,Medical,Online,0,Paid,Good,Medium DTI
LN22494,CUST12494,22,Female,High School,Salaried,1.9,630397,Rent,South,628,7,5,0,0.064,170300,36,12.52,5698.79,Education,Online,0,Paid,Fair,Low DTI
LN22495,CUST12495,49,Female,Post Graduate,Salaried,14.8,871568,Mortgage,South,850,2,8,0,0.127,547600,36,11.93,18169.85,Vehicle,Mobile App,0,Paid,Very Good/Excellent,Low DTI
LN22496,CUST12496,53,Male,Graduate,Business,7.6,593699,Rent,West,778,10,6,1,0.136,310200,24,12.3,14645.69,Personal,Online,0,Paid,Very Good/Excellent,Low DTI
LN22497,CUST12497,30,Female,Post Graduate,Business,0.9,622358,Mortgage,East,698,12,8,1,0.539,269800,36,11.48,8894.36,Personal,Online,0,Paid,Good,High DTI
LN22498,CUST12498,60,Male,Graduate,Business,7.4,423815,Mortgage,East,737,11,11,1,0.097,128300,48,11.33,3336.58,Vehicle,Branch,0,Paid,Good,Low DTI
LN22499,CUST12499,41,Male,High School,Salaried,6.0,505417,Rent,North,599,9,3,1,0.124,131600,24,13.71,6300.48,Business,Online,0,Paid,Fair,Low DTI
LN22500,CUST12500,48,Female,Graduate,Business,5.8,795688,Rent,North,601,4,5,1,0.238,404100,60,12.56,9103.75,Business,Online,1,Default,Fair,Medium DTI
LN22501,CUST12501,31,Male,Post Graduate,Business,9.9,198793,Rent,West,764,15,2,2,0.363,81700,24,10.21,3777.96,Home,Online,0,Paid,Very Good/Excellent,Medium DTI
LN22502,CUST12502,54,Female,High School,Salaried,6.0,503922,Mortgage,North,680,14,12,0,0.252,206800,36,11.33,6802.73,Home,Branch,0,Paid,Good,Medium DTI
LN22503,CUST12503,28,Male,High School,Salaried,5.5,875920,Mortgage,South,668,3,11,1,0.124,163700,24,13.22,7799.52,Home,Branch,0,Paid,Fair,Low DTI
LN22504,CUST12504,42,Male,Graduate,Self-Employed,13.8,1479309,Mortgage,West,658,12,12,1,0.185,600700,12,11.05,53104.87,Business,Branch,0,Paid,Fair,Low DTI
LN22505,CUST12505,28,Male,Graduate,Self-Employed,0.0,481952,Own,Central,691,13,3,3,0.308,270600,60,14.3,6338.55,Medical,Online,0,Paid,Good,Medium DTI
LN22506,CUST12506,35,Female,High School,Self-Employed,6.7,1151572,Mortgage,Central,661,11,7,3,0.212,717900,60,12.58,16180.5,Home,Branch,0,Paid,Fair,Medium DTI
LN22507,CUST12507,37,Male,Post Graduate,Salaried,11.6,1519965,Rent,Central,528,7,1,0,0.098,309100,48,12.92,8280.11,Business,Branch,0,Paid,Poor,Low DTI
LN22508,CUST12508,43,Male,High School,Salaried,10.1,485398,Own,South,786,6,8,2,0.245,226000,60,12.25,5055.84,Education,Online,0,Paid,Very Good/Excellent,Medium DTI
LN22509,CUST12509,44,Male,Post Graduate,Business,12.1,441384,Own,Central,672,11,5,1,0.655,191600,60,14.67,4525.03,Personal,Branch,1,Default,Good,Very High DTI
LN22510,CUST12510,65,Male,Graduate,Contract,17.1,542826,Own,West,817,10,2,2,0.031,323100,48,14.96,8985.56,Business,Branch,0,Paid,Very Good/Excellent,Low DTI
LN22511,CUST12511,39,Male,Graduate,Contract,15.5,573556,Rent,Central,548,8,3,3,0.216,301500,60,16.34,7386.47,Personal,Mobile App,1,Default,Poor,Medium DTI
LN22512,CUST12512,25,Male,Graduate,Self-Employed,1.2,1093219,Mortgage,North,548,9,4,2,0.068,691600,36,12.97,23292.74,Vehicle,Branch,0,Paid,Poor,Low DTI
LN22513,CUST12513,52,Male,Graduate,Business,0.0,392047,Mortgage,North,659,12,2,1,0.19,247000,36,12.93,8314.08,Personal,Mobile App,0,Paid,Fair,Low DTI
LN22514,CUST12514,64,Male,Graduate,Salaried,8.6,1398095,Rent,South,753,15,10,3,0.448,367500,48,15.0,10227.8,Education,Mobile App,0,Paid,Very Good/Excellent,High DTI
LN22515,CUST12515,21,Female,Graduate,Business,0.2,386261,Mortgage,West,589,7,5,1,0.128,198000,24,12.5,9366.85,Education,Mobile App,0,Paid,Fair,Low DTI
LN22516,CUST12516,43,Male,Post Graduate,Salaried,0.0,299315,Mortgage,South,586,6,7,2,0.335,124300,60,11.81,2753.07,Personal,Branch,0,Paid,Fair,Medium DTI
LN22517,CUST12517,57,Male,High School,Business,8.6,800316,Own,Central,708,14,9,0,0.056,205900,24,11.3,9625.26,Vehicle,Online,0,Paid,Good,Low DTI
LN22518,CUST12518,28,Male,Graduate,Salaried,9.8,1180553,Own,South,657,12,1,1,0.089,292100,60,11.12,6368.46,Vehicle,Online,0,Paid,Fair,Low DTI
LN22519,CUST12519,33,Female,Graduate,Business,15.6,661950,Own,North,721,8,10,2,0.205,126100,36,10.77,4114.63,Vehicle,Mobile App,0,Paid,Good,Medium DTI
LN22520,CUST12520,28,Male,High School,Self-Employed,10.8,762213,Mortgage,West,658,9,6,1,0.19,417500,36,11.64,13795.3,Personal,Branch,0,Paid,Fair,Low DTI
LN22521,CUST12521,43,Female,Graduate,Salaried,16.6,1757756,Mortgage,West,709,14,6,1,0.215,548900,12,12.94,49010.8,Personal,Online,0,Paid,Good,Medium DTI
LN22522,CUST12522,63,Female,Graduate,Salaried,8.8,1189738,Own,South,782,8,1,1,0.107,688200,60,8.83,14229.19,Personal,Branch,0,Paid,Very Good/Excellent,Low DTI
LN22523,CUST12523,21,Female,Graduate,Salaried,1.3,610293,Own,West,589,6,2,2,0.152,277200,24,13.86,13290.85,Personal,Mobile App,0,Paid,Fair,Low DTI
LN22524,CUST12524,65,Female,High School,Salaried,11.1,473333,Own,West,769,8,11,1,0.272,230400,36,9.82,7414.9,Home,Online,0,Paid,Very Good/Excellent,Medium DTI
LN22525,CUST12525,44,Male,Graduate,Salaried,13.7,1095769,Own,South,552,9,8,2,0.26,324200,48,15.04,9029.3,Home,Branch,0,Paid,Poor,Medium DTI
LN22526,CUST12526,55,Male,Post Graduate,Self-Employed,9.0,946751,Own,West,726,6,6,0,0.361,358500,36,12.6,12010.33,Personal,Branch,0,Paid,Good,Medium DTI
LN22527,CUST12527,44,Male,Graduate,Business,14.3,755324,Own,South,786,14,1,3,0.244,269000,60,12.05,5990.56,Education,Online,0,Paid,Very Good/Excellent,Medium DTI
LN22528,CUST12528,37,Female,Graduate,Contract,6.4,501234,Rent,West,641,6,10,1,0.121,134300,12,14.22,12072.32,Vehicle,Online,0,Paid,Fair,Low DTI
LN22529,CUST12529,25,Male,Post Graduate,Salaried,9.7,575314,Mortgage,North,728,2,10,3,0.196,325800,36,10.65,10612.35,Business,Mobile App,0,Paid,Good,Low DTI
LN22530,CUST12530,40,Female,Post Graduate,Salaried,6.1,553241,Rent,South,643,9,11,1,0.236,255100,36,12.85,8576.91,Personal,Mobile App,0,Paid,Fair,Medium DTI
LN22531,CUST12531,41,Male,Post Graduate,Salaried,18.9,505843,Rent,South,724,8,6,2,0.119,85300,24,13.84,4089.05,Home,Mobile App,0,Paid,Good,Low DTI
LN22532,CUST12532,60,Female,High School,Salaried,11.2,431082,Mortgage,South,511,5,10,1,0.228,241400,24,15.5,11762.1,Personal,Online,0,Paid,Poor,Medium DTI
LN22533,CUST12533,51,Female,Graduate,Business,1.4,694220,Rent,North,692,10,7,2,0.479,140900,48,13.45,3811.54,Personal,Online,0,Paid,Good,High DTI
LN22534,CUST12534,56,Male,High School,Self-Employed,16.3,420505,Mortgage,East,710,3,2,0,0.398,148000,60,10.02,3146.02,Personal,Mobile App,0,Paid,Good,Medium DTI
LN22535,CUST12535,31,Female,Graduate,Self-Employed,3.3,661486,Mortgage,East,781,9,11,0,0.297,288200,24,12.22,13596.2,Personal,Mobile App,0,Paid,Very Good/Excellent,Medium DTI
LN22536,CUST12536,35,Male,Graduate,Salaried,7.1,189048,Rent,North,749,11,4,3,0.21,50000,24,8.44,2271.41,Vehicle,Mobile App,0,Paid,Very Good/Excellent,Medium DTI
LN22537,CUST12537,39,Female,Graduate,Business,9.3,431384,Own,North,668,10,7,0,0.494,205500,60,10.19,4385.5,Business,Online,0,Paid,Fair,High DTI
LN22538,CUST12538,27,Female,Graduate,Contract,9.7,1097742,Own,North,700,14,11,2,0.037,526800,12,10.65,46473.5,Personal,Branch,0,Paid,Good,Low DTI
LN22539,CUST12539,48,Female,Post Graduate,Salaried,9.4,365656,Own,North,572,13,6,2,0.188,174100,36,14.56,5997.79,Education,Mobile App,0,Paid,Poor,Low DTI
LN22540,CUST12540,63,Male,Graduate,Contract,1.3,830963,Rent,South,803,7,11,0,0.051,192600,36,11.35,6337.45,Personal,Branch,0,Paid,Very Good/Excellent,Low DTI
LN22541,CUST12541,25,Male,Post Graduate,Salaried,9.4,382766,Mortgage,North,732,13,8,3,0.037,106400,36,10.3,3448.23,Vehicle,Branch,0,Paid,Good,Low DTI
LN22542,CUST12542,25,Female,Post Graduate,Salaried,12.5,919299,Rent,Central,540,9,6,1,0.185,251600,48,11.51,6565.22,Business,Mobile App,0,Paid,Poor,Low DTI
LN22543,CUST12543,50,Female,Graduate,Contract,12.4,509546,Mortgage,North,698,13,2,1,0.339,321000,60,13.46,7379.55,Home,Mobile App,0,Paid,Good,Medium DTI
LN22544,CUST12544,52,Male,Graduate,Business,0.5,498585,Mortgage,North,704,14,1,0,0.344,91600,36,12.82,3078.43,Business,Online,0,Paid,Good,Medium DTI
LN22545,CUST12545,28,Female,High School,Salaried,3.7,618207,Mortgage,South,622,7,5,1,0.259,225300,48,13.81,6135.2,Home,Online,0,Paid,Fair,Medium DTI
LN22546,CUST12546,30,Male,Graduate,Salaried,1.8,286588,Mortgage,North,687,12,11,0,0.207,167800,48,15.08,4676.81,Personal,Mobile App,0,Paid,Good,Medium DTI
LN22547,CUST12547,58,Female,Graduate,Self-Employed,8.7,1024110,Rent,North,614,8,10,1,0.239,547600,36,13.52,18588.26,Business,Online,0,Paid,Fair,Medium DTI
LN22548,CUST12548,52,Female,Graduate,Business,0.0,1228830,Mortgage,West,575,14,12,1,0.335,689600,12,12.39,61396.01,Personal,Mobile App,0,Paid,Poor,Medium DTI
LN22549,CUST12549,48,Female,High School,Business,1.4,492213,Mortgage,East,634,10,10,0,0.245,313100,48,14.98,8710.63,Medical,Mobile App,0,Paid,Fair,Medium DTI
LN22550,CUST12550,37,Male,Post Graduate,Salaried,3.7,800504,Own,North,693,14,9,2,0.437,275100,36,11.49,9070.39,Medical,Mobile App,0,Paid,Good,High DTI
LN22551,CUST12551,51,Female,Post Graduate,Self-Employed,0.0,920881,Mortgage,East,750,5,2,2,0.232,280700,24,11.09,13094.55,Education,Online,0,Paid,Very Good/Excellent,Medium DTI
LN22552,CUST12552,28,Male,Graduate,Salaried,6.9,570628,Mortgage,North,685,10,7,3,0.336,94300,60,11.42,2070.12,Business,Online,0,Paid,Good,Medium DTI
LN22553,CUST12553,60,Male,Graduate,Self-Employed,0.0,326162,Rent,South,750,10,9,2,0.453,73400,48,10.0,1861.61,Business,Online,0,Paid,Very Good/Excellent,High DTI
LN22554,CUST12554,45,Male,High School,Self-Employed,9.4,1441839,Rent,South,729,14,4,1,0.05,621400,60,10.93,13489.06,Business,Branch,0,Paid,Good,Low DTI
LN22555,CUST12555,29,Male,Graduate,Salaried,5.0,483496,Mortgage,West,602,6,4,1,0.113,110600,24,15.75,5402.12,Education,Online,0,Paid,Fair,Low DTI
LN22556,CUST12556,22,Male,High School,Salaried,3.9,429192,Own,West,728,12,10,2,0.207,222400,60,9.98,4723.15,Business,Online,0,Paid,Good,Medium DTI
LN22557,CUST12557,35,Female,Post Graduate,Salaried,4.7,1477734,Rent,Central,730,8,5,4,0.593,249200,36,13.15,8414.55,Home,Online,0,Paid,Good,High DTI
LN22558,CUST12558,23,Female,Graduate,Salaried,6.7,839211,Own,North,811,14,6,3,0.318,234800,60,7.56,4711.61,Education,Branch,0,Paid,Very Good/Excellent,Medium DTI
LN22559,CUST12559,56,Male,High School,Salaried,10.0,691260,Mortgage,East,711,14,12,0,0.248,344100,60,14.24,8049.48,Personal,Branch,0,Paid,Good,Medium DTI
LN22560,CUST12560,24,Female,High School,Salaried,13.6,351782,Own,North,587,7,7,3,0.161,97700,60,16.25,2388.87,Medical,Online,0,Paid,Fair,Low DTI
LN22561,CUST12561,34,Female,Graduate,Salaried,12.1,933062,Mortgage,West,638,1,9,1,0.322,479900,60,11.39,10527.77,Home,Online,0,Paid,Fair,Medium DTI
LN22562,CUST12562,61,Male,Post Graduate,Self-Employed,18.2,2951341,Mortgage,South,541,10,6,0,0.164,1200000,12,14.5,108027.06,Home,Mobile App,0,Paid,Poor,Low DTI
LN22563,CUST12563,61,Male,Post Graduate,Salaried,10.4,973803,Mortgage,North,718,4,3,1,0.395,534200,48,12.7,14251.84,Personal,Online,0,Paid,Good,Medium DTI
LN22564,CUST12564,45,Female,High School,Salaried,7.7,788221,Rent,South,804,13,2,1,0.118,253000,36,9.53,8107.88,Education,Online,0,Paid,Very Good/Excellent,Low DTI
LN22565,CUST12565,30,Female,Post Graduate,Contract,4.7,892058,Mortgage,South,501,8,6,1,0.295,535500,48,17.81,15677.2,Home,Online,0,Paid,Poor,Medium DTI
LN22566,CUST12566,41,Male,Graduate,Salaried,4.9,500930,Mortgage,West,807,15,9,0,0.17,88000,60,10.43,1888.41,Personal,Online,0,Paid,Very Good/Excellent,Low DTI
LN22567,CUST12567,56,Female,Graduate,Salaried,9.7,498310,Mortgage,North,717,11,3,0,0.437,255400,12,10.96,22567.91,Education,Online,0,Paid,Good,High DTI
LN22568,CUST12568,32,Female,Graduate,Self-Employed,2.0,494815,Own,East,599,9,4,1,0.211,80000,36,13.63,2719.86,Personal,Branch,0,Paid,Fair,Medium DTI
LN22569,CUST12569,47,Female,High School,Salaried,8.1,437338,Rent,West,699,15,3,1,0.329,103800,48,10.91,2678.23,Vehicle,Mobile App,0,Paid,Good,Medium DTI
LN22570,CUST12570,60,Male,Graduate,Self-Employed,6.9,494272,Rent,West,602,6,7,0,0.161,318200,24,13.5,15202.65,Education,Online,0,Paid,Fair,Low DTI
LN22571,CUST12571,22,Female,Post Graduate,Salaried,3.4,493006,Mortgage,Central,713,11,4,0,0.281,162900,24,11.13,7602.25,Vehicle,Mobile App,0,Paid,Good,Medium DTI
LN22572,CUST12572,33,Female,Graduate,Salaried,1.7,524452,Mortgage,North,685,4,12,5,0.071,293800,12,11.06,25974.75,Home,Mobile App,0,Paid,Good,Low DTI
LN22573,CUST12573,52,Male,Post Graduate,Business,19.6,516439,Mortgage,South,705,2,6,2,0.195,174600,24,13.12,8310.65,Home,Online,0,Paid,Good,Low DTI
LN22574,CUST12574,51,Female,Graduate,Salaried,0.0,685800,Rent,South,611,12,6,4,0.174,390900,48,10.8,10065.09,Business,Online,0,Paid,Fair,Low DTI
LN22575,CUST12575,36,Male,Post Graduate,Salaried,6.7,626573,Rent,North,622,9,9,0,0.261,396400,36,15.81,13899.09,Business,Branch,0,Paid,Fair,Medium DTI
LN22576,CUST12576,52,Male,Graduate,Salaried,13.1,657851,Mortgage,West,718,1,5,0,0.359,241900,12,12.08,21501.58,Personal,Mobile App,0,Paid,Good,Medium DTI
LN22577,CUST12577,52,Female,High School,Salaried,9.6,1386022,Rent,West,642,5,7,1,0.356,595500,60,15.64,14367.74,Education,Online,0,Paid,Fair,Medium DTI
LN22578,CUST12578,54,Male,High School,Salaried,4.6,625864,Mortgage,East,691,8,1,2,0.177,290600,48,13.58,7879.98,Business,Branch,0,Paid,Good,Low DTI
LN22579,CUST12579,31,Male,Post Graduate,Salaried,1.0,2024179,Own,South,714,4,8,1,0.112,1200000,36,9.77,38591.17,Vehicle,Mobile App,0,Paid,Good,Low DTI
LN22580,CUST12580,30,Male,Graduate,Self-Employed,7.6,728443,Mortgage,Central,663,1,2,2,0.09,202800,36,12.66,6799.97,Vehicle,Branch,0,Paid,Fair,Low DTI
LN22581,CUST12581,35,Male,High School,Business,0.0,469157,Mortgage,South,767,4,4,1,0.29,213800,48,8.3,5249.64,Personal,Branch,0,Paid,Very Good/Excellent,Medium DTI
LN22582,CUST12582,37,Male,Post Graduate,Self-Employed,7.8,1260420,Own,South,666,5,10,1,0.348,393700,36,11.15,12917.22,Business,Branch,0,Paid,Fair,Medium DTI
LN22583,CUST12583,60,Male,Post Graduate,Self-Employed,7.2,574322,Mortgage,Central,664,5,7,0,0.448,148400,48,12.33,3932.03,Business,Branch,0,Paid,Fair,High DTI
LN22584,CUST12584,38,Male,Post Graduate,Business,12.4,180000,Mortgage,North,633,12,12,2,0.241,50000,48,11.95,1315.46,Business,Branch,1,Default,Fair,Medium DTI
LN22585,CUST12585,29,Male,Graduate,Contract,1.3,598680,Rent,West,758,14,6,1,0.155,275600,24,10.42,12771.03,Vehicle,Online,0,Paid,Very Good/Excellent,Low DTI
LN22586,CUST12586,45,Male,High School,Salaried,5.4,523158,Rent,West,627,1,4,0,0.462,309200,60,12.09,6892.05,Business,Branch,0,Paid,Fair,High DTI
LN22587,CUST12587,60,Female,High School,Contract,9.2,1451758,Rent,Central,774,15,8,2,0.309,472800,36,14.23,16212.05,Personal,Online,0,Paid,Very Good/Excellent,Medium DTI
LN22588,CUST12588,34,Female,Graduate,Salaried,8.0,366232,Own,North,692,2,12,2,0.128,156100,36,12.3,5207.15,Medical,Mobile App,0,Paid,Good,Low DTI
LN22589,CUST12589,45,Male,Graduate,Business,0.3,499681,Mortgage,Central,850,6,7,2,0.181,235400,60,10.69,5081.85,Personal,Online,0,Paid,Very Good/Excellent,Low DTI
LN22590,CUST12590,42,Male,High School,Self-Employed,3.8,1204875,Mortgage,North,630,10,6,2,0.202,430500,36,12.97,14499.03,Vehicle,Online,0,Paid,Fair,Medium DTI
LN22591,CUST12591,50,Male,Graduate,Business,14.0,745350,Mortgage,South,776,14,5,0,0.321,448500,48,11.37,11672.47,Education,Online,0,Paid,Very Good/Excellent,Medium DTI
LN22592,CUST12592,40,Male,Graduate,Salaried,8.3,546005,Own,North,718,5,5,1,0.137,180900,48,8.65,4471.7,Home,Mobile App,0,Paid,Good,Low DTI
LN22593,CUST12593,41,Female,Graduate,Self-Employed,0.0,395782,Own,North,641,9,11,4,0.302,84100,24,15.39,4093.33,Medical,Branch,0,Paid,Fair,Medium DTI
LN22594,CUST12594,64,Female,Graduate,Salaried,11.4,728065,Own,Central,719,13,7,2,0.369,161600,60,10.63,3483.83,Vehicle,Branch,0,Paid,Good,Medium DTI
LN22595,CUST12595,52,Male,High School,Business,0.0,590408,Rent,West,716,7,11,2,0.468,351500,36,13.48,11924.85,Business,Mobile App,0,Paid,Good,High DTI
LN22596,CUST12596,41,Male,Graduate,Contract,5.5,393320,Own,East,655,13,6,1,0.324,253300,36,14.45,8712.66,Education,Mobile App,0,Paid,Fair,Medium DTI
LN22597,CUST12597,55,Female,Post Graduate,Salaried,9.8,404728,Own,North,712,5,4,1,0.195,119200,60,9.12,2481.34,Home,Online,0,Paid,Good,Low DTI
LN22598,CUST12598,52,Male,High School,Salaried,13.1,383358,Own,East,767,15,7,0,0.073,85000,36,11.08,2786.01,Personal,Branch,0,Paid,Very Good/Excellent,Low DTI
LN22599,CUST12599,50,Male,Post Graduate,Salaried,0.0,347590,Rent,South,718,13,5,1,0.354,135900,48,12.34,3601.5,Personal,Mobile App,0,Paid,Good,Medium DTI
LN22600,CUST12600,59,Female,High School,Salaried,10.6,1002897,Own,South,649,12,7,3,0.212,506200,60,12.93,11499.47,Home,Online,0,Paid,Fair,Medium DTI
LN22601,CUST12601,32,Male,Graduate,Contract,11.3,931314,Own,East,644,12,7,3,0.269,424900,24,12.84,20168.6,Vehicle,Online,1,Default,Fair,Medium DTI
LN22602,CUST12602,61,Female,Graduate,Self-Employed,4.2,1003803,Mortgage,West,673,9,11,3,0.138,627900,24,11.75,29484.18,Personal,Mobile App,0,Paid,Good,Low DTI
LN22603,CUST12603,38,Female,Graduate,Salaried,7.5,601487,Mortgage,South,763,14,2,1,0.045,336200,12,9.98,29554.19,Personal,Branch,0,Paid,Very Good/Excellent,Low DTI
LN22604,CUST12604,41,Male,Graduate,Self-Employed,0.0,525045,Mortgage,East,623,1,12,2,0.054,306900,60,14.74,7259.31,Vehicle,Online,0,Paid,Fair,Low DTI
LN22605,CUST12605,33,Male,Graduate,Self-Employed,0.0,530341,Rent,West,709,3,4,1,0.301,223200,24,12.46,10554.81,Medical,Online,0,Paid,Good,Medium DTI
LN22606,CUST12606,41,Female,Graduate,Salaried,12.5,1052092,Own,North,563,2,10,2,0.201,330000,36,14.33,11331.58,Personal,Mobile App,0,Paid,Poor,Medium DTI
LN22607,CUST12607,28,Male,Post Graduate,Salaried,4.3,220489,Own,West,725,15,4,1,0.228,110400,36,9.22,3522.01,Personal,Online,0,Paid,Good,Medium DTI
LN22608,CUST12608,60,Male,Post Graduate,Self-Employed,5.3,452127,Own,West,736,12,7,0,0.25,167100,36,11.07,5476.18,Vehicle,Mobile App,0,Paid,Good,Medium DTI
LN22609,CUST12609,27,Female,Post Graduate,Salaried,8.2,368297,Rent,East,832,7,8,1,0.315,108200,48,9.94,2741.11,Home,Online,0,Paid,Very Good/Excellent,Medium DTI
LN22610,CUST12610,43,Male,Graduate,Salaried,5.2,1267584,Own,North,749,9,11,2,0.343,286600,60,12.53,6452.28,Business,Branch,0,Paid,Very Good/Excellent,Medium DTI
LN22611,CUST12611,64,Male,Graduate,Salaried,4.7,461429,Rent,East,650,14,1,3,0.412,191000,36,10.13,6174.7,Personal,Branch,0,Paid,Fair,High DTI
LN22612,CUST12612,52,Male,High School,Business,9.0,243992,Rent,North,565,13,7,4,0.353,109100,36,12.38,3643.51,Business,Online,0,Paid,Poor,Medium DTI
LN22613,CUST12613,31,Female,High School,Salaried,0.0,678451,Mortgage,West,719,12,11,3,0.145,294700,48,14.41,8113.85,Business,Online,0,Paid,Good,Low DTI
LN22614,CUST12614,42,Female,High School,Business,12.8,489491,Rent,South,655,2,6,0,0.222,101900,36,11.48,3359.29,Home,Online,0,Paid,Fair,Medium DTI
LN22615,CUST12615,42,Male,Graduate,Self-Employed,5.8,441695,Mortgage,South,705,12,10,2,0.271,192100,60,9.15,4001.68,Education,Branch,0,Paid,Good,Medium DTI
LN22616,CUST12616,63,Male,Graduate,Salaried,2.0,417345,Mortgage,Central,626,6,1,2,0.093,97700,36,12.06,3247.84,Education,Online,0,Paid,Fair,Low DTI
LN22617,CUST12617,45,Male,Graduate,Self-Employed,1.3,408386,Mortgage,South,667,2,8,0,0.403,196800,36,11.3,6470.97,Personal,Online,0,Paid,Fair,High DTI
LN22618,CUST12618,42,Female,Post Graduate,Salaried,7.2,885930,Mortgage,West,553,3,5,1,0.311,323100,60,15.18,7717.09,Vehicle,Online,0,Paid,Poor,Medium DTI
LN22619,CUST12619,48,Female,Graduate,Business,5.5,678587,Own,West,602,1,7,1,0.355,389800,36,14.43,13403.99,Home,Online,0,Paid,Fair,Medium DTI
LN22620,CUST12620,49,Male,High School,Contract,0.0,538102,Mortgage,South,591,6,8,1,0.093,290100,24,12.18,13680.41,Personal,Branch,0,Paid,Fair,Low DTI
LN22621,CUST12621,33,Female,High School,Salaried,4.0,327962,Rent,North,745,2,7,1,0.102,168000,24,10.76,7811.41,Vehicle,Online,0,Paid,Very Good/Excellent,Low DTI
LN22622,CUST12622,38,Female,High School,Business,3.0,546776,Mortgage,West,618,3,11,2,0.275,273600,60,14.04,6371.87,Vehicle,Online,0,Paid,Fair,Medium DTI
LN22623,CUST12623,22,Female,High School,Salaried,13.3,692477,Rent,West,783,6,12,2,0.19,297900,48,11.61,7787.93,Personal,Branch,0,Paid,Very Good/Excellent,Low DTI
LN22624,CUST12624,49,Female,Post Graduate,Salaried,7.7,707112,Own,North,619,6,12,0,0.163,127700,36,11.66,4220.76,Business,Branch,0,Paid,Fair,Low DTI
LN22625,CUST12625,41,Male,Post Graduate,Salaried,14.8,655512,Rent,South,837,4,10,2,0.039,313200,60,8.56,6434.84,Medical,Online,0,Paid,Very Good/Excellent,Low DTI
LN22626,CUST12626,35,Female,High School,Self-Employed,3.5,361226,Mortgage,West,534,1,12,0,0.501,138500,36,17.66,4983.52,Education,Online,1,Default,Poor,High DTI
LN22627,CUST12627,47,Male,High School,Salaried,5.5,180000,Mortgage,Central,712,7,1,2,0.171,69300,36,11.43,2282.93,Home,Mobile App,0,Paid,Good,Low DTI
LN22628,CUST12628,51,Female,Graduate,Salaried,8.9,1614402,Rent,West,683,15,6,1,0.427,548100,48,14.5,15115.48,Personal,Mobile App,0,Paid,Good,High DTI
LN22629,CUST12629,35,Female,Post Graduate,Business,10.0,291964,Rent,West,589,2,11,1,0.053,179400,48,14.01,4903.27,Personal,Online,0,Paid,Fair,Low DTI
LN22630,CUST12630,43,Male,Graduate,Business,10.6,203609,Mortgage,Central,639,6,11,3,0.215,55900,36,14.56,1925.77,Medical,Online,0,Paid,Fair,Medium DTI
LN22631,CUST12631,44,Female,Graduate,Business,2.6,644654,Rent,South,660,7,11,0,0.322,198700,12,13.54,17797.72,Home,Mobile App,0,Paid,Fair,Medium DTI
LN22632,CUST12632,64,Male,Post Graduate,Salaried,2.7,234451,Own,North,699,14,12,1,0.07,148100,12,12.27,13177.22,Education,Mobile App,0,Paid,Good,Low DTI
LN22633,CUST12633,33,Female,Post Graduate,Self-Employed,5.2,385403,Mortgage,South,610,2,1,0,0.246,213900,48,13.59,5801.24,Education,Online,0,Paid,Fair,Medium DTI
LN22634,CUST12634,42,Male,Post Graduate,Contract,14.4,811429,Rent,Central,712,15,4,0,0.174,127400,60,9.96,2704.37,Vehicle,Mobile App,0,Paid,Good,Low DTI
LN22635,CUST12635,63,Male,Graduate,Salaried,2.0,1590665,Own,Central,689,6,4,5,0.244,959300,48,11.91,25219.68,Vehicle,Branch,0,Paid,Good,Medium DTI
LN22636,CUST12636,57,Female,Graduate,Business,4.4,742528,Own,North,738,1,8,2,0.38,195500,60,10.65,4216.6,Home,Online,0,Paid,Good,Medium DTI
LN22637,CUST12637,53,Male,High School,Salaried,10.6,471252,Mortgage,East,615,6,6,2,0.392,237000,48,12.78,6332.27,Home,Branch,0,Paid,Fair,Medium DTI
LN22638,CUST12638,23,Male,Graduate,Self-Employed,10.4,583269,Mortgage,North,649,8,7,1,0.335,248800,60,12.21,5560.86,Vehicle,Branch,0,Paid,Fair,Medium DTI
LN22639,CUST12639,39,Male,Graduate,Business,9.8,221896,Mortgage,West,788,8,12,0,0.22,92800,24,10.92,4321.76,Home,Online,0,Paid,Very Good/Excellent,Medium DTI
LN22640,CUST12640,43,Female,Graduate,Contract,7.4,468256,Mortgage,South,612,7,10,0,0.146,238300,36,14.28,8176.97,Vehicle,Online,0,Paid,Fair,Low DTI
LN22641,CUST12641,49,Female,High School,Self-Employed,1.7,468506,Mortgage,Central,576,4,7,4,0.338,118800,36,13.65,4040.14,Medical,Mobile App,0,Paid,Poor,Medium DTI
LN22642,CUST12642,50,Male,Graduate,Business,3.5,652793,Mortgage,North,633,4,7,1,0.148,149800,36,14.44,5151.88,Personal,Mobile App,0,Paid,Fair,Low DTI
LN22643,CUST12643,59,Female,Graduate,Salaried,12.6,1746089,Mortgage,West,547,5,10,4,0.285,831100,48,13.67,22573.7,Business,Online,1,Default,Poor,Medium DTI
LN22644,CUST12644,64,Female,Post Graduate,Salaried,10.9,206788,Rent,South,805,8,2,2,0.291,61100,60,10.56,1315.09,Education,Branch,0,Paid,Very Good/Excellent,Medium DTI
LN22645,CUST12645,45,Female,Graduate,Salaried,0.3,479482,Rent,South,659,14,6,2,0.358,305400,36,16.4,10797.37,Home,Online,0,Paid,Fair,Medium DTI
LN22646,CUST12646,57,Female,Graduate,Self-Employed,11.3,218875,Rent,East,660,4,8,2,0.118,82200,60,10.8,1779.04,Business,Branch,0,Paid,Fair,Low DTI
LN22647,CUST12647,28,Male,Post Graduate,Salaried,13.5,454901,Own,East,736,9,8,3,0.095,93600,36,10.83,3056.81,Vehicle,Mobile App,0,Paid,Good,Low DTI
LN22648,CUST12648,62,Female,Graduate,Contract,7.3,372933,Mortgage,South,626,3,4,2,0.544,183800,36,10.39,5964.42,Personal,Online,0,Paid,Fair,High DTI
LN22649,CUST12649,36,Female,Graduate,Salaried,9.1,263760,Rent,West,664,9,7,1,0.265,79900,36,12.88,2687.53,Business,Online,0,Paid,Fair,Medium DTI
LN22650,CUST12650,28,Female,Graduate,Salaried,12.1,991412,Mortgage,West,624,2,9,2,0.177,222400,36,13.16,7510.69,Vehicle,Mobile App,0,Paid,Fair,Low DTI
LN22651,CUST12651,21,Male,Graduate,Contract,3.5,690583,Rent,North,548,6,8,3,0.429,249600,36,14.47,8587.82,Education,Branch,0,Paid,Poor,High DTI
LN22652,CUST12652,64,Male,Post Graduate,Salaried,18.6,929503,Mortgage,East,684,15,2,2,0.351,587500,36,10.87,19197.85,Medical,Online,0,Paid,Good,Medium DTI
LN22653,CUST12653,25,Female,Graduate,Self-Employed,13.1,447878,Rent,West,757,5,11,3,0.219,159300,60,10.0,3384.65,Education,Mobile App,1,Default,Very Good/Excellent,Medium DTI
LN22654,CUST12654,23,Male,High School,Salaried,9.6,577112,Own,North,686,5,8,0,0.166,186800,48,12.29,4945.8,Home,Mobile App,0,Paid,Good,Low DTI
LN22655,CUST12655,21,Male,Graduate,Salaried,6.8,1442282,Mortgage,West,749,15,3,4,0.278,536900,36,9.16,17113.29,Business,Branch,1,Default,Very Good/Excellent,Medium DTI
LN22656,CUST12656,24,Female,High School,Salaried,9.5,599103,Rent,West,598,15,4,1,0.358,93500,12,14.85,8432.54,Home,Online,0,Paid,Fair,Medium DTI
LN22657,CUST12657,60,Male,Graduate,Salaried,0.0,935710,Rent,West,623,11,3,1,0.159,202600,60,11.07,4412.09,Home,Branch,0,Paid,Fair,Low DTI
LN22658,CUST12658,55,Male,High School,Self-Employed,17.4,427233,Mortgage,North,583,15,8,1,0.259,245600,36,13.53,8338.07,Medical,Branch,0,Paid,Fair,Medium DTI
LN22659,CUST12659,52,Female,Graduate,Business,12.6,889571,Own,West,707,6,4,3,0.224,568500,60,11.24,12428.72,Home,Online,0,Paid,Good,Medium DTI
LN22660,CUST12660,62,Female,Post Graduate,Business,14.3,443645,Rent,West,656,10,11,0,0.108,101600,36,11.91,3370.21,Home,Online,0,Paid,Fair,Low DTI
LN22661,CUST12661,54,Male,High School,Salaried,7.2,211431,Mortgage,South,653,7,1,3,0.171,88300,36,10.3,2861.65,Home,Online,0,Paid,Fair,Low DTI
LN22662,CUST12662,63,Male,Graduate,Salaried,5.2,597503,Own,East,730,4,9,2,0.358,378300,48,11.48,9865.78,Vehicle,Online,0,Paid,Good,Medium DTI
LN22663,CUST12663,45,Female,High School,Self-Employed,3.6,463248,Mortgage,South,645,15,9,1,0.253,105800,36,11.01,3464.26,Business,Branch,0,Paid,Fair,Medium DTI
LN22664,CUST12664,30,Female,Post Graduate,Salaried,11.1,245501,Rent,South,761,4,1,2,0.068,59700,48,11.3,1551.69,Vehicle,Online,0,Paid,Very Good/Excellent,Low DTI
LN22665,CUST12665,41,Female,Post Graduate,Business,4.4,666640,Mortgage,East,698,12,8,2,0.174,408900,36,10.89,13365.57,Vehicle,Branch,0,Paid,Good,Low DTI
LN22666,CUST12666,59,Male,Graduate,Salaried,6.1,367047,Rent,North,653,9,2,3,0.244,184600,48,12.63,4918.52,Vehicle,Online,0,Paid,Fair,Medium DTI
LN22667,CUST12667,47,Female,Post Graduate,Contract,9.7,3000000,Mortgage,South,564,4,7,3,0.398,678000,60,11.32,14849.79,Education,Mobile App,1,Default,Poor,Medium DTI
LN22668,CUST12668,47,Male,Graduate,Salaried,3.7,268134,Mortgage,South,730,8,1,2,0.246,93000,24,12.92,4417.9,Vehicle,Branch,0,Paid,Good,Medium DTI
LN22669,CUST12669,22,Female,Graduate,Salaried,12.2,307914,Own,South,701,10,6,0,0.166,54900,36,13.63,1866.5,Personal,Online,0,Paid,Good,Low DTI
LN22670,CUST12670,61,Female,High School,Salaried,6.9,967952,Mortgage,East,705,13,10,1,0.072,354600,12,11.1,31356.68,Home,Mobile App,0,Paid,Good,Low DTI
LN22671,CUST12671,33,Male,Post Graduate,Salaried,0.0,557670,Own,West,707,1,12,1,0.173,300600,24,16.1,14732.68,Personal,Online,0,Paid,Good,Low DTI
LN22672,CUST12672,29,Male,Graduate,Self-Employed,3.6,957179,Own,South,640,4,11,5,0.216,408700,48,14.04,11176.53,Medical,Branch,0,Paid,Fair,Medium DTI
LN22673,CUST12673,56,Female,Post Graduate,Contract,13.5,739626,Own,West,669,2,11,2,0.266,350400,12,12.08,31145.73,Home,Mobile App,0,Paid,Fair,Medium DTI
LN22674,CUST12674,42,Female,Post Graduate,Salaried,2.3,435572,Own,South,646,11,10,5,0.086,136500,36,12.07,4538.32,Home,Branch,0,Paid,Fair,Low DTI
LN22675,CUST12675,62,Male,High School,Salaried,11.5,281021,Own,North,774,10,8,2,0.411,64800,24,9.72,2981.82,Personal,Mobile App,0,Paid,Very Good/Excellent,High DTI
LN22676,CUST12676,46,Male,Graduate,Salaried,7.6,1081415,Mortgage,Central,659,5,11,2,0.224,169300,36,11.73,5601.38,Business,Online,0,Paid,Fair,Medium DTI
LN22677,CUST12677,32,Male,Graduate,Self-Employed,6.1,295386,Own,West,634,2,6,3,0.265,165600,24,12.83,7859.71,Education,Branch,0,Paid,Fair,Medium DTI
LN22678,CUST12678,37,Male,Post Graduate,Salaried,19.6,815929,Own,North,779,7,9,2,0.384,382100,24,10.75,17764.54,Business,Online,0,Paid,Very Good/Excellent,Medium DTI
LN22679,CUST12679,34,Male,Graduate,Business,0.6,994638,Rent,West,771,10,11,1,0.093,263200,60,8.83,5441.91,Home,Mobile App,0,Paid,Very Good/Excellent,Low DTI
LN22680,CUST12680,34,Female,Graduate,Business,3.3,559546,Mortgage,North,698,7,1,1,0.303,201000,36,14.06,6875.56,Medical,Online,0,Paid,Good,Medium DTI
LN22681,CUST12681,54,Female,Graduate,Self-Employed,6.9,507577,Mortgage,Central,670,15,9,1,0.388,279500,60,13.63,6449.99,Home,Online,0,Paid,Good,Medium DTI
LN22682,CUST12682,40,Female,Graduate,Self-Employed,19.1,349282,Own,South,652,9,3,3,0.066,146500,12,15.49,13256.74,Vehicle,Mobile App,0,Paid,Fair,Low DTI
LN22683,CUST12683,31,Female,Post Graduate,Business,6.9,773897,Mortgage,West,677,13,2,0,0.213,232200,48,12.9,6217.83,Vehicle,Online,0,Paid,Good,Medium DTI
LN22684,CUST12684,36,Female,High School,Salaried,8.4,180000,Mortgage,North,614,4,12,2,0.43,51000,48,14.86,1415.75,Medical,Online,0,Paid,Fair,High DTI
LN22685,CUST12685,51,Male,High School,Salaried,5.3,889429,Mortgage,East,716,15,8,2,0.138,230200,36,9.88,7414.94,Vehicle,Branch,0,Paid,Good,Low DTI
LN22686,CUST12686,26,Female,Graduate,Salaried,8.8,640751,Mortgage,Central,804,15,10,2,0.203,360000,48,11.34,9363.94,Business,Mobile App,0,Paid,Very Good/Excellent,Medium DTI
LN22687,CUST12687,39,Male,High School,Salaried,5.6,530798,Rent,South,722,5,5,3,0.402,234000,48,8.98,5820.88,Home,Branch,0,Paid,Good,High DTI
LN22688,CUST12688,57,Male,Graduate,Salaried,10.5,685532,Rent,North,597,3,1,1,0.173,345900,36,12.09,11503.7,Personal,Online,0,Paid,Fair,Low DTI
LN22689,CUST12689,24,Male,High School,Salaried,10.9,281878,Rent,East,714,14,1,0,0.088,163500,48,15.55,4596.04,Business,Branch,0,Paid,Good,Low DTI
LN22690,CUST12690,24,Male,Graduate,Salaried,5.8,180000,Own,North,695,7,2,1,0.303,115800,36,11.55,3821.38,Personal,Online,0,Paid,Good,Medium DTI
LN22691,CUST12691,40,Male,Graduate,Business,1.4,776383,Mortgage,West,713,15,7,2,0.121,213300,36,11.78,7062.22,Personal,Mobile App,0,Paid,Good,Low DTI
LN22692,CUST12692,30,Male,High School,Self-Employed,7.5,1237725,Own,East,619,5,2,1,0.296,297600,36,14.27,10210.33,Personal,Branch,0,Paid,Fair,Medium DTI
LN22693,CUST12693,44,Male,Graduate,Salaried,14.0,230502,Mortgage,South,680,9,9,1,0.133,87800,60,12.24,1963.73,Medical,Branch,0,Paid,Good,Low DTI
LN22694,CUST12694,55,Male,Post Graduate,Business,2.9,336321,Mortgage,West,746,12,6,2,0.335,56300,36,9.78,1810.83,Home,Branch,0,Paid,Very Good/Excellent,Medium DTI
LN22695,CUST12695,46,Female,Graduate,Self-Employed,8.7,907513,Mortgage,South,600,13,4,4,0.111,495400,36,12.0,16454.37,Personal,Branch,0,Paid,Fair,Low DTI
LN22696,CUST12696,57,Male,High School,Salaried,1.0,730931,Mortgage,Central,646,14,12,1,0.339,432600,36,14.01,14787.34,Business,Branch,0,Paid,Fair,Medium DTI
LN22697,CUST12697,58,Male,Graduate,Contract,1.8,3000000,Rent,South,658,7,4,0,0.199,1200000,48,13.08,32240.66,Business,Online,0,Paid,Fair,Low DTI
LN22698,CUST12698,41,Male,Post Graduate,Salaried,13.5,1084139,Rent,West,755,4,3,1,0.19,307900,48,12.43,8173.35,Personal,Online,0,Paid,Very Good/Excellent,Low DTI
LN22699,CUST12699,60,Male,Graduate,Business,10.5,949954,Own,South,766,7,9,3,0.216,201000,12,11.89,17848.26,Medical,Online,0,Paid,Very Good/Excellent,Medium DTI
LN22700,CUST12700,59,Female,Graduate,Contract,8.7,394195,Rent,West,536,1,2,3,0.273,134400,48,14.55,3709.87,Home,Branch,0,Paid,Poor,Medium DTI
LN22701,CUST12701,41,Female,Post Graduate,Business,0.0,800769,Rent,North,755,15,9,1,0.223,453800,36,11.19,14897.69,Vehicle,Online,0,Paid,Very Good/Excellent,Medium DTI
LN22702,CUST12702,30,Male,High School,Self-Employed,4.2,1365679,Own,South,768,15,3,3,0.062,442400,36,11.13,14510.86,Personal,Online,0,Paid,Very Good/Excellent,Low DTI
LN22703,CUST12703,58,Male,Graduate,Contract,10.0,548131,Mortgage,North,764,2,4,2,0.194,91600,36,10.49,2976.79,Personal,Mobile App,0,Paid,Very Good/Excellent,Low DTI
LN22704,CUST12704,24,Male,Graduate,Salaried,0.0,562540,Rent,South,640,15,9,1,0.277,161500,48,12.37,4282.31,Education,Online,0,Paid,Fair,Medium DTI
LN22705,CUST12705,65,Male,Post Graduate,Salaried,5.2,648508,Mortgage,South,663,14,3,2,0.293,418300,60,13.31,9584.12,Home,Mobile App,0,Paid,Fair,Medium DTI
LN22706,CUST12706,40,Male,High School,Self-Employed,10.8,416320,Rent,South,562,3,6,0,0.07,203300,48,16.23,5785.55,Home,Mobile App,0,Paid,Poor,Low DTI
LN22707,CUST12707,37,Male,Post Graduate,Business,0.0,695659,Mortgage,Central,523,5,12,3,0.074,417700,36,12.14,13901.56,Business,Branch,0,Paid,Poor,Low DTI
LN22708,CUST12708,27,Male,Post Graduate,Self-Employed,0.0,686162,Rent,South,653,12,5,3,0.242,368800,36,16.29,13018.78,Personal,Online,0,Paid,Fair,Medium DTI
LN22709,CUST12709,24,Female,Graduate,Contract,0.0,1354140,Rent,West,686,5,6,1,0.461,568500,24,13.25,27094.33,Personal,Online,0,Paid,Good,High DTI
LN22710,CUST12710,49,Female,Post Graduate,Salaried,8.7,540646,Mortgage,South,693,7,5,2,0.256,121300,60,12.76,2745.07,Vehicle,Mobile App,0,Paid,Good,Medium DTI
LN22711,CUST12711,34,Female,Post Graduate,Business,4.2,869597,Mortgage,South,742,9,11,2,0.129,282000,36,9.86,9080.82,Home,Mobile App,0,Paid,Very Good/Excellent,Low DTI
LN22712,CUST12712,23,Female,High School,Contract,11.4,549588,Mortgage,North,850,10,3,1,0.587,242800,36,8.68,7684.87,Home,Mobile App,0,Paid,Very Good/Excellent,High DTI
LN22713,CUST12713,44,Male,Post Graduate,Salaried,7.6,853032,Own,West,650,9,2,1,0.162,499300,48,13.67,13561.6,Education,Mobile App,0,Paid,Fair,Low DTI
LN22714,CUST12714,57,Male,Graduate,Contract,16.4,522904,Mortgage,South,601,6,10,4,0.131,148700,12,13.86,13341.55,Personal,Online,0,Paid,Fair,Low DTI
LN22715,CUST12715,36,Male,High School,Salaried,0.8,822493,Rent,West,721,15,9,5,0.13,173200,60,9.75,3658.72,Vehicle,Branch,0,Paid,Good,Low DTI
LN22716,CUST12716,24,Female,High School,Contract,8.7,895569,Rent,Central,697,7,4,1,0.363,384600,48,10.75,9893.56,Vehicle,Mobile App,0,Paid,Good,Medium DTI
LN22717,CUST12717,44,Female,Post Graduate,Contract,3.0,333709,Rent,South,637,12,10,1,0.189,79500,48,11.84,2087.3,Personal,Online,1,Default,Fair,Low DTI
LN22718,CUST12718,54,Male,Post Graduate,Salaried,10.0,1100188,Own,North,748,13,12,2,0.24,500800,12,10.04,44037.59,Personal,Online,0,Paid,Very Good/Excellent,Medium DTI
LN22719,CUST12719,50,Male,Post Graduate,Self-Employed,7.6,547503,Rent,South,619,15,6,0,0.227,154300,36,13.62,5245.18,Vehicle,Online,0,Paid,Fair,Medium DTI
LN22720,CUST12720,38,Female,Graduate,Self-Employed,2.0,463377,Mortgage,East,670,8,9,3,0.116,123000,12,10.91,10865.78,Personal,Online,0,Paid,Good,Low DTI
LN22721,CUST12721,39,Male,Post Graduate,Salaried,6.2,406029,Own,South,675,4,5,1,0.478,141900,36,13.54,4818.16,Education,Online,0,Paid,Good,High DTI
LN22722,CUST12722,51,Female,Graduate,Salaried,7.4,706936,Mortgage,Central,609,7,7,0,0.287,315700,48,11.14,8180.91,Business,Online,0,Paid,Fair,Medium DTI
LN22723,CUST12723,39,Male,High School,Salaried,4.0,598477,Rent,West,552,14,12,0,0.146,253000,24,15.68,12349.02,Business,Branch,0,Paid,Poor,Low DTI
LN22724,CUST12724,39,Male,Graduate,Self-Employed,10.6,735738,Mortgage,Central,696,6,5,3,0.234,200400,48,16.65,5746.33,Personal,Branch,0,Paid,Good,Medium DTI
LN22725,CUST12725,42,Female,Post Graduate,Salaried,1.8,743636,Rent,South,783,8,12,1,0.065,442900,36,11.92,14693.7,Education,Online,0,Paid,Very Good/Excellent,Low DTI
LN22726,CUST12726,44,Male,Graduate,Contract,17.5,838531,Mortgage,South,752,15,9,1,0.505,171800,60,10.4,3684.15,Medical,Mobile App,0,Paid,Very Good/Excellent,High DTI
LN22727,CUST12727,65,Male,Graduate,Salaried,11.8,2762485,Mortgage,South,757,1,2,0,0.482,468900,36,10.39,15216.09,Personal,Mobile App,0,Paid,Very Good/Excellent,High DTI
LN22728,CUST12728,32,Female,Graduate,Self-Employed,8.7,613242,Mortgage,East,620,5,3,0,0.266,276800,36,11.51,9129.08,Home,Online,0,Paid,Fair,Medium DTI
LN22729,CUST12729,50,Male,Graduate,Salaried,21.2,400580,Own,West,696,12,5,1,0.149,84800,36,13.68,2885.1,Personal,Online,0,Paid,Good,Low DTI
LN22730,CUST12730,58,Male,High School,Self-Employed,5.5,197558,Mortgage,Central,573,13,2,1,0.051,79500,60,14.15,1856.01,Home,Online,0,Paid,Poor,Low DTI
LN22731,CUST12731,51,Male,High School,Contract,10.1,310911,Mortgage,East,693,3,12,2,0.075,194600,36,9.39,6223.61,Personal,Branch,0,Paid,Good,Low DTI
LN22732,CUST12732,56,Male,High School,Salaried,8.1,1183666,Mortgage,South,784,9,6,3,0.193,591000,36,8.56,18672.85,Home,Branch,0,Paid,Very Good/Excellent,Low DTI
LN22733,CUST12733,39,Male,Graduate,Salaried,11.0,891485,Mortgage,South,786,9,10,0,0.476,408900,12,8.07,35582.8,Vehicle,Branch,0,Paid,Very Good/Excellent,High DTI
LN22734,CUST12734,65,Male,Graduate,Self-Employed,14.5,285556,Rent,West,832,3,3,0,0.057,124900,36,11.16,4098.54,Education,Online,0,Paid,Very Good/Excellent,Low DTI
LN22735,CUST12735,56,Male,High School,Salaried,9.7,2326794,Mortgage,East,754,10,5,3,0.414,557900,60,9.69,11768.81,Personal,Online,0,Paid,Very Good/Excellent,High DTI
LN22736,CUST12736,50,Male,Graduate,Salaried,12.2,718130,Mortgage,East,716,14,5,2,0.182,263100,48,13.01,7059.62,Home,Mobile App,0,Paid,Good,Low DTI
LN22737,CUST12737,53,Female,Graduate,Salaried,4.2,772865,Mortgage,North,746,12,10,1,0.062,248300,24,10.47,11511.72,Education,Online,0,Paid,Very Good/Excellent,Low DTI
LN22738,CUST12738,38,Male,Graduate,Salaried,6.0,2061633,Own,Central,731,15,8,5,0.574,1200000,36,12.72,40271.09,Business,Branch,0,Paid,Good,High DTI
LN22739,CUST12739,48,Female,High School,Self-Employed,15.2,1561856,Rent,West,619,2,9,0,0.477,423500,24,12.83,20100.16,Home,Online,0,Paid,Fair,High DTI
LN22740,CUST12740,31,Male,Graduate,Contract,10.0,922009,Rent,North,566,5,4,0,0.235,355700,60,15.43,8542.58,Personal,Online,0,Paid,Poor,Medium DTI
LN22741,CUST12741,65,Male,Graduate,Self-Employed,8.2,946714,Own,South,746,4,10,4,0.119,586100,36,10.12,18944.84,Home,Online,0,Paid,Very Good/Excellent,Low DTI
LN22742,CUST12742,53,Male,Graduate,Salaried,3.2,996712,Rent,East,837,15,1,0,0.11,542800,48,8.84,13466.4,Personal,Branch,0,Paid,Very Good/Excellent,Low DTI
LN22743,CUST12743,37,Female,Graduate,Salaried,11.8,525525,Rent,South,749,7,5,1,0.118,332300,48,10.58,8520.85,Business,Online,0,Paid,Very Good/Excellent,Low DTI
LN22744,CUST12744,26,Male,Graduate,Contract,3.1,702514,Rent,South,538,12,4,1,0.186,319100,60,15.68,7705.74,Vehicle,Online,1,Default,Poor,Low DTI
LN22745,CUST12745,24,Male,High School,Contract,1.6,822876,Mortgage,West,641,14,5,0,0.37,260800,60,11.26,5704.3,Personal,Branch,0,Paid,Fair,Medium DTI
LN22746,CUST12746,40,Male,Post Graduate,Salaried,7.6,559587,Rent,North,665,8,11,0,0.095,315200,12,11.66,27955.03,Business,Online,0,Paid,Fair,Low DTI
LN22747,CUST12747,47,Female,High School,Contract,0.0,352817,Own,East,541,4,9,1,0.154,104300,60,14.01,2427.42,Business,Branch,0,Paid,Poor,Low DTI
LN22748,CUST12748,35,Female,Graduate,Contract,10.1,518302,Mortgage,South,577,3,8,1,0.083,120400,60,14.44,2829.04,Education,Mobile App,0,Paid,Poor,Low DTI
LN22749,CUST12749,26,Male,Post Graduate,Salaried,8.9,348475,Own,North,677,15,11,0,0.249,175300,36,11.75,5801.56,Vehicle,Branch,0,Paid,Good,Medium DTI
LN22750,CUST12750,34,Male,Graduate,Business,5.2,621623,Mortgage,East,700,9,11,3,0.242,291800,60,12.87,6619.94,Personal,Online,0,Paid,Good,Medium DTI
LN22751,CUST12751,31,Male,Graduate,Self-Employed,5.7,225355,Rent,North,606,8,11,2,0.049,132800,48,12.29,3516.07,Home,Mobile App,0,Paid,Fair,Low DTI
LN22752,CUST12752,59,Female,Post Graduate,Salaried,6.4,723790,Rent,South,573,11,8,1,0.244,456700,48,15.39,12800.77,Vehicle,Branch,0,Paid,Poor,Medium DTI
LN22753,CUST12753,29,Female,Graduate,Salaried,3.1,244626,Rent,East,769,11,8,2,0.252,141500,24,12.1,6667.51,Home,Mobile App,0,Paid,Very Good/Excellent,Medium DTI
LN22754,CUST12754,46,Male,Graduate,Salaried,7.9,480592,Mortgage,Central,651,7,1,2,0.494,86500,48,11.88,2272.78,Personal,Branch,0,Paid,Fair,High DTI
LN22755,CUST12755,36,Male,Post Graduate,Contract,5.8,791702,Rent,West,662,11,12,1,0.427,381800,12,13.65,34217.88,Personal,Online,0,Paid,Fair,High DTI
LN22756,CUST12756,25,Male,High School,Business,7.6,927099,Mortgage,South,639,8,7,3,0.052,502800,60,11.28,11002.43,Personal,Branch,0,Paid,Fair,Low DTI
LN22757,CUST12757,30,Female,Graduate,Salaried,6.2,868465,Own,South,622,8,4,2,0.267,556700,60,13.41,12783.78,Personal,Online,0,Paid,Fair,Medium DTI
LN22758,CUST12758,23,Male,Graduate,Self-Employed,5.2,715358,Mortgage,South,778,10,6,2,0.358,241300,48,9.65,6079.51,Education,Online,0,Paid,Very Good/Excellent,Medium DTI
LN22759,CUST12759,33,Female,Post Graduate,Salaried,8.4,324190,Mortgage,North,614,8,4,5,0.368,76200,36,13.76,2595.46,Medical,Branch,0,Paid,Fair,Medium DTI
LN22760,CUST12760,63,Male,Graduate,Salaried,10.9,1028919,Own,North,693,11,12,2,0.18,593100,48,11.85,15574.95,Home,Branch,0,Paid,Good,Low DTI
LN22761,CUST12761,50,Male,Graduate,Business,4.4,328294,Rent,North,681,1,5,3,0.113,101400,36,11.15,3326.91,Home,Branch,0,Paid,Good,Low DTI
LN22762,CUST12762,65,Male,High School,Self-Employed,9.0,1095478,Mortgage,East,534,4,5,2,0.115,492000,36,12.13,16372.01,Business,Branch,0,Paid,Poor,Low DTI
LN22763,CUST12763,26,Female,Graduate,Salaried,9.6,847395,Rent,West,698,10,1,0,0.388,292300,48,11.71,7655.83,Business,Online,0,Paid,Good,Medium DTI
LN22764,CUST12764,37,Male,Graduate,Salaried,0.6,1266897,Mortgage,East,564,7,6,3,0.198,444900,24,15.83,21747.57,Personal,Online,1,Default,Poor,Low DTI
LN22765,CUST12765,65,Female,Post Graduate,Self-Employed,11.9,608263,Own,Central,728,6,10,0,0.022,314000,24,12.01,14782.54,Home,Online,0,Paid,Good,Low DTI
LN22766,CUST12766,39,Male,High School,Self-Employed,17.3,382454,Own,North,591,3,8,1,0.476,126500,48,11.29,3287.3,Personal,Mobile App,0,Paid,Fair,High DTI
LN22767,CUST12767,62,Male,High School,Self-Employed,6.6,294704,Rent,Central,719,3,5,3,0.302,146300,36,11.36,4814.65,Education,Online,0,Paid,Good,Medium DTI
LN22768,CUST12768,55,Female,Graduate,Self-Employed,6.1,313269,Own,East,648,12,10,0,0.339,50000,60,14.56,1177.98,Business,Online,0,Paid,Fair,Medium DTI
LN22769,CUST12769,46,Female,Graduate,Business,5.9,243887,Mortgage,North,629,4,12,0,0.217,76200,36,12.6,2552.82,Home,Online,0,Paid,Fair,Medium DTI
LN22770,CUST12770,25,Female,High School,Self-Employed,10.1,1007303,Mortgage,Central,696,14,6,0,0.178,311800,12,10.6,27499.26,Personal,Branch,0,Paid,Good,Low DTI
LN22771,CUST12771,49,Male,Graduate,Contract,9.6,1079236,Rent,East,570,10,5,1,0.069,566000,48,16.57,16206.31,Personal,Online,0,Paid,Poor,Low DTI
LN22772,CUST12772,57,Male,Post Graduate,Salaried,0.0,813597,Mortgage,South,675,6,1,2,0.159,250000,48,10.75,6431.07,Vehicle,Online,0,Paid,Good,Low DTI
LN22773,CUST12773,40,Male,Graduate,Contract,2.7,589195,Own,North,739,14,5,1,0.243,275000,36,11.08,9013.57,Home,Online,0,Paid,Good,Medium DTI
LN22774,CUST12774,41,Male,High School,Salaried,9.5,1863958,Rent,South,758,1,2,3,0.059,921300,48,10.21,23459.57,Home,Branch,0,Paid,Very Good/Excellent,Low DTI
LN22775,CUST12775,30,Female,High School,Self-Employed,6.3,568470,Mortgage,Central,645,10,4,2,0.089,272400,36,13.8,9283.55,Vehicle,Mobile App,0,Paid,Fair,Low DTI
LN22776,CUST12776,25,Male,High School,Salaried,1.2,677516,Mortgage,South,656,4,2,4,0.256,306000,48,13.38,8267.04,Medical,Online,0,Paid,Fair,Medium DTI
LN22777,CUST12777,56,Male,Graduate,Salaried,14.5,584415,Rent,Central,568,9,8,3,0.164,208500,12,12.64,18587.45,Business,Branch,0,Paid,Poor,Low DTI
LN22778,CUST12778,26,Male,Post Graduate,Contract,3.0,498130,Rent,South,624,7,7,1,0.245,167700,36,12.09,5577.25,Business,Online,0,Paid,Fair,Medium DTI
LN22779,CUST12779,46,Female,Post Graduate,Salaried,7.2,848921,Mortgage,South,563,11,9,2,0.116,367000,24,14.26,17665.84,Education,Branch,0,Paid,Poor,Low DTI
LN22780,CUST12780,24,Male,Graduate,Self-Employed,6.1,423480,Rent,North,713,6,4,3,0.35,77000,24,12.13,3629.33,Education,Branch,0,Paid,Good,Medium DTI
LN22781,CUST12781,59,Male,Post Graduate,Business,1.6,408141,Rent,South,743,11,5,0,0.088,240000,24,11.01,11187.0,Education,Branch,0,Paid,Very Good/Excellent,Low DTI
LN22782,CUST12782,59,Female,Post Graduate,Salaried,7.9,872827,Mortgage,South,646,5,9,0,0.03,491100,24,12.35,23198.13,Business,Online,0,Paid,Fair,Low DTI
LN22783,CUST12783,55,Male,Graduate,Contract,9.0,456343,Rent,West,601,12,9,1,0.373,147500,60,11.64,3254.29,Business,Mobile App,0,Paid,Fair,Medium DTI
LN22784,CUST12784,21,Male,Graduate,Self-Employed,4.7,645706,Rent,South,703,13,2,2,0.223,279900,36,14.73,9665.86,Business,Online,0,Paid,Good,Medium DTI
LN22785,CUST12785,44,Male,High School,Contract,5.3,497303,Rent,West,615,2,12,0,0.139,306400,24,14.23,14744.46,Personal,Mobile App,0,Paid,Fair,Low DTI
LN22786,CUST12786,56,Female,Graduate,Self-Employed,10.0,596200,Mortgage,West,730,2,11,0,0.382,170400,60,11.56,3752.68,Education,Mobile App,0,Paid,Good,Medium DTI
LN22787,CUST12787,26,Female,Graduate,Self-Employed,0.0,414313,Rent,South,825,6,1,4,0.264,216000,36,11.59,7132.07,Personal,Branch,0,Paid,Very Good/Excellent,Medium DTI
LN22788,CUST12788,61,Male,Post Graduate,Salaried,2.8,421831,Own,West,614,9,3,1,0.173,80700,36,12.98,2718.32,Vehicle,Mobile App,0,Paid,Fair,Low DTI
LN22789,CUST12789,64,Male,Graduate,Business,8.1,382251,Rent,Central,624,14,10,2,0.476,157400,36,11.92,5221.92,Vehicle,Online,0,Paid,Fair,High DTI
LN22790,CUST12790,51,Male,High School,Salaried,4.4,954093,Own,East,571,12,1,2,0.239,564800,36,14.45,19427.2,Medical,Mobile App,0,Paid,Poor,Medium DTI
LN22791,CUST12791,40,Male,High School,Self-Employed,4.3,659490,Mortgage,South,691,9,6,0,0.114,280800,36,12.34,9372.24,Medical,Mobile App,0,Paid,Good,Low DTI
LN22792,CUST12792,44,Male,Graduate,Salaried,11.5,994393,Rent,South,686,1,8,0,0.12,455600,36,14.73,15733.35,Business,Branch,0,Paid,Good,Low DTI
LN22793,CUST12793,45,Male,Graduate,Salaried,3.8,1054574,Own,West,660,7,4,0,0.41,636800,60,11.49,14001.7,Personal,Branch,0,Paid,Fair,High DTI
LN22794,CUST12794,56,Female,Post Graduate,Salaried,16.9,465903,Own,South,681,7,11,1,0.231,236500,24,10.84,11005.19,Personal,Branch,0,Paid,Good,Medium DTI
LN22795,CUST12795,41,Male,Post Graduate,Contract,0.0,974380,Mortgage,South,602,10,4,1,0.1,485200,24,16.62,23900.89,Personal,Mobile App,1,Default,Fair,Low DTI
LN22796,CUST12796,50,Male,Post Graduate,Self-Employed,0.0,595358,Rent,North,555,2,11,2,0.238,263900,36,15.95,9271.43,Education,Online,0,Paid,Poor,Medium DTI
LN22797,CUST12797,44,Female,Graduate,Self-Employed,11.4,549858,Own,South,623,14,10,1,0.405,256500,36,14.11,8780.27,Education,Online,0,Paid,Fair,High DTI
LN22798,CUST12798,64,Female,Post Graduate,Business,2.1,1194797,Mortgage,North,536,12,1,1,0.14,659400,36,13.43,22354.61,Home,Mobile App,0,Paid,Poor,Low DTI
LN22799,CUST12799,62,Male,Graduate,Business,2.2,813627,Mortgage,South,614,10,9,1,0.035,520400,60,13.92,12087.22,Home,Mobile App,0,Paid,Fair,Low DTI
LN22800,CUST12800,50,Female,High School,Salaried,11.9,494277,Own,South,703,4,10,2,0.225,270700,60,10.02,5754.24,Education,Branch,0,Paid,Good,Medium DTI
LN22801,CUST12801,42,Male,Graduate,Self-Employed,4.5,785065,Mortgage,South,684,13,8,1,0.231,395500,48,11.47,10312.41,Home,Online,1,Default,Good,Medium DTI
LN22802,CUST12802,48,Male,Graduate,Contract,11.6,299103,Own,North,547,8,3,0,0.311,65100,24,12.55,3081.23,Education,Mobile App,0,Paid,Poor,Medium DTI
LN22803,CUST12803,27,Male,Graduate,Salaried,3.9,687424,Mortgage,East,759,6,3,0,0.245,384000,60,9.99,8156.98,Home,Online,0,Paid,Very Good/Excellent,Medium DTI
LN22804,CUST12804,55,Female,Graduate,Self-Employed,8.8,263000,Rent,Central,665,11,10,3,0.339,136200,36,10.74,4442.26,Medical,Mobile App,0,Paid,Fair,Medium DTI
LN22805,CUST12805,48,Female,Graduate,Self-Employed,4.4,349153,Rent,South,583,14,4,1,0.184,186900,24,14.8,9044.4,Personal,Online,0,Paid,Fair,Low DTI
LN22806,CUST12806,34,Female,High School,Salaried,2.4,827560,Mortgage,South,653,13,4,2,0.29,219800,36,15.39,7661.48,Vehicle,Online,0,Paid,Fair,Medium DTI
LN22807,CUST12807,30,Male,Graduate,Contract,15.7,180000,Own,South,636,15,2,1,0.294,108300,48,14.42,2982.33,Medical,Branch,0,Paid,Fair,Medium DTI
LN22808,CUST12808,36,Female,Graduate,Salaried,12.6,1616973,Mortgage,Central,615,7,4,4,0.231,321200,24,14.4,15482.5,Home,Mobile App,0,Paid,Fair,Medium DTI
LN22809,CUST12809,36,Male,High School,Salaried,3.4,949467,Rent,East,741,10,2,3,0.355,262800,36,10.88,8588.81,Medical,Mobile App,0,Paid,Very Good/Excellent,Medium DTI
LN22810,CUST12810,51,Female,Graduate,Contract,6.1,218271,Mortgage,North,597,11,11,2,0.331,105100,60,13.83,2436.24,Business,Online,0,Paid,Fair,Medium DTI
LN22811,CUST12811,62,Male,High School,Business,14.4,2244199,Mortgage,West,694,11,11,0,0.31,1092600,36,10.48,35501.87,Medical,Mobile App,0,Paid,Good,Medium DTI
LN22812,CUST12812,45,Male,Post Graduate,Salaried,2.1,2611518,Rent,North,579,14,7,1,0.239,800900,48,11.87,21039.68,Education,Branch,0,Paid,Poor,Medium DTI
LN22813,CUST12813,33,Female,Graduate,Salaried,2.3,543299,Mortgage,North,677,6,5,2,0.327,272100,36,10.17,8801.64,Vehicle,Online,0,Paid,Good,Medium DTI
LN22814,CUST12814,26,Male,High School,Contract,9.4,360453,Rent,South,700,9,7,2,0.032,124000,36,10.17,4011.04,Education,Mobile App,0,Paid,Good,Low DTI
LN22815,CUST12815,64,Male,Graduate,Salaried,18.4,1516858,Mortgage,North,700,11,6,1,0.236,227700,36,13.03,7675.4,Vehicle,Online,0,Paid,Good,Medium DTI
LN22816,CUST12816,29,Male,Graduate,Self-Employed,7.3,496630,Own,East,686,12,2,1,0.205,114900,36,13.41,3894.16,Business,Mobile App,0,Paid,Good,Medium DTI
LN22817,CUST12817,65,Female,High School,Salaried,12.2,655568,Mortgage,East,662,10,12,0,0.206,387600,36,11.22,12729.95,Business,Online,0,Paid,Fair,Medium DTI
LN22818,CUST12818,56,Male,Post Graduate,Contract,1.9,1171967,Mortgage,West,600,15,2,2,0.076,306300,60,13.94,7117.54,Personal,Branch,0,Paid,Fair,Low DTI
LN22819,CUST12819,63,Male,Graduate,Business,8.8,551421,Mortgage,East,601,10,1,3,0.386,113800,60,15.2,2719.26,Education,Online,0,Paid,Fair,Medium DTI
LN22820,CUST12820,40,Male,High School,Self-Employed,5.2,525500,Mortgage,South,702,9,1,2,0.211,258100,60,11.74,5707.44,Business,Online,0,Paid,Good,Medium DTI
LN22821,CUST12821,38,Male,Post Graduate,Business,16.3,298006,Own,East,585,6,5,1,0.268,110400,24,12.61,5228.42,Medical,Online,0,Paid,Fair,Medium DTI
LN22822,CUST12822,63,Female,High School,Contract,15.0,424169,Rent,South,568,6,5,1,0.189,232600,12,13.36,20814.5,Personal,Branch,0,Paid,Poor,Low DTI
LN22823,CUST12823,41,Female,Post Graduate,Contract,18.4,519832,Rent,North,787,9,7,0,0.323,301900,36,12.84,10148.95,Home,Online,0,Paid,Very Good/Excellent,Medium DTI
LN22824,CUST12824,24,Female,Graduate,Business,3.5,303603,Mortgage,West,661,10,1,1,0.132,174000,48,12.48,4623.2,Education,Online,0,Paid,Fair,Low DTI
LN22825,CUST12825,53,Male,Graduate,Business,7.2,319119,Rent,Central,728,9,5,2,0.251,97800,60,14.78,2315.38,Personal,Online,0,Paid,Good,Medium DTI
LN22826,CUST12826,47,Female,Graduate,Salaried,8.9,611192,Own,South,746,3,2,0,0.034,246200,48,10.31,6280.99,Personal,Branch,0,Paid,Very Good/Excellent,Low DTI
LN22827,CUST12827,27,Male,High School,Salaried,3.7,216934,Mortgage,South,684,7,10,1,0.194,103100,36,11.48,3398.85,Medical,Mobile App,0,Paid,Good,Low DTI
LN22828,CUST12828,26,Male,Post Graduate,Business,7.7,369958,Mortgage,North,652,3,1,1,0.034,115100,12,10.61,10151.8,Personal,Mobile App,0,Paid,Fair,Low DTI
LN22829,CUST12829,35,Female,Graduate,Business,11.5,1748400,Mortgage,Central,653,4,7,1,0.246,298200,60,14.31,6986.61,Business,Branch,0,Paid,Fair,Medium DTI
LN22830,CUST12830,38,Female,Graduate,Contract,4.2,496172,Mortgage,Central,801,14,3,1,0.096,197400,24,10.63,9166.51,Personal,Online,0,Paid,Very Good/Excellent,Low DTI
LN22831,CUST12831,52,Male,Graduate,Salaried,3.5,463141,Mortgage,West,638,9,11,4,0.331,72400,12,11.58,6418.44,Personal,Mobile App,0,Paid,Fair,Medium DTI
LN22832,CUST12832,31,Female,High School,Self-Employed,3.2,494951,Mortgage,North,693,10,9,3,0.056,309500,60,11.57,6817.59,Business,Mobile App,0,Paid,Good,Low DTI
LN22833,CUST12833,40,Female,Graduate,Self-Employed,0.3,499269,Own,Central,731,8,5,2,0.231,273800,36,12.26,9128.12,Business,Online,0,Paid,Good,Medium DTI
LN22834,CUST12834,44,Female,Post Graduate,Business,11.3,823125,Rent,North,699,6,5,1,0.038,202500,24,10.77,9416.48,Personal,Branch,0,Paid,Good,Low DTI
LN22835,CUST12835,35,Female,Graduate,Salaried,3.5,792035,Own,South,761,6,5,2,0.324,232700,36,11.6,7684.59,Vehicle,Mobile App,0,Paid,Very Good/Excellent,Medium DTI
LN22836,CUST12836,27,Male,High School,Business,2.9,483965,Mortgage,East,651,8,9,1,0.35,310400,24,14.08,14914.93,Medical,Mobile App,0,Paid,Fair,Medium DTI
LN22837,CUST12837,41,Female,Graduate,Salaried,9.6,533425,Mortgage,West,731,13,10,0,0.136,179600,36,10.88,5869.67,Education,Branch,0,Paid,Good,Low DTI
LN22838,CUST12838,62,Male,Graduate,Self-Employed,6.9,1235159,Mortgage,West,545,2,1,2,0.258,669300,36,11.53,22080.39,Business,Branch,1,Default,Poor,Medium DTI
LN22839,CUST12839,46,Male,Graduate,Self-Employed,4.4,261455,Mortgage,West,781,14,5,1,0.077,97600,60,10.38,2092.01,Home,Online,0,Paid,Very Good/Excellent,Low DTI
LN22840,CUST12840,64,Male,Graduate,Salaried,11.1,581296,Mortgage,Central,764,5,10,1,0.098,338300,36,10.28,10960.52,Vehicle,Mobile App,0,Paid,Very Good/Excellent,Low DTI
LN22841,CUST12841,34,Female,Graduate,Business,4.2,646333,Own,East,657,13,6,3,0.377,324400,36,10.78,10586.67,Medical,Online,0,Paid,Fair,Medium DTI
LN22842,CUST12842,57,Female,Graduate,Contract,0.0,391409,Own,West,713,7,9,0,0.206,63200,12,12.69,5635.66,Business,Online,0,Paid,Good,Medium DTI
LN22843,CUST12843,41,Female,High School,Salaried,13.7,563183,Own,North,747,12,3,0,0.243,167400,36,12.23,5578.48,Personal,Branch,0,Paid,Very Good/Excellent,Medium DTI
LN22844,CUST12844,38,Male,Post Graduate,Business,2.9,363401,Mortgage,South,602,13,1,3,0.129,155900,48,13.8,4244.57,Home,Mobile App,0,Paid,Fair,Low DTI
LN22845,CUST12845,25,Male,Graduate,Salaried,3.4,851818,Rent,North,669,3,12,0,0.234,522200,48,11.81,13702.86,Business,Online,0,Paid,Fair,Medium DTI
LN22846,CUST12846,23,Female,Graduate,Business,3.4,287412,Own,Central,582,8,11,0,0.141,57800,24,13.97,2774.33,Business,Branch,0,Paid,Fair,Low DTI
LN22847,CUST12847,43,Female,High School,Salaried,7.3,1076223,Mortgage,Central,765,3,11,2,0.307,484900,36,10.05,15657.74,Vehicle,Online,0,Paid,Very Good/Excellent,Medium DTI
LN22848,CUST12848,46,Female,Graduate,Salaried,5.6,576290,Rent,North,742,14,8,3,0.329,173500,60,12.4,3894.57,Medical,Mobile App,0,Paid,Very Good/Excellent,Medium DTI
LN22849,CUST12849,57,Male,High School,Business,11.9,468957,Own,East,659,4,9,0,0.039,278900,36,11.96,9258.14,Personal,Mobile App,0,Paid,Fair,Low DTI
LN22850,CUST12850,44,Female,Graduate,Salaried,15.2,345277,Mortgage,South,650,10,12,0,0.209,183900,24,12.37,8688.62,Vehicle,Mobile App,0,Paid,Fair,Medium DTI
LN22851,CUST12851,39,Male,Graduate,Salaried,3.6,1057636,Rent,South,669,10,11,2,0.152,354200,36,12.21,11800.07,Education,Online,0,Paid,Fair,Low DTI
LN22852,CUST12852,45,Female,High School,Contract,2.3,419224,Rent,South,613,6,6,0,0.175,97900,36,18.21,3549.64,Education,Branch,0,Paid,Fair,Low DTI
LN22853,CUST12853,41,Male,Post Graduate,Self-Employed,4.4,315748,Rent,North,667,6,5,2,0.428,50000,12,10.97,4418.38,Home,Online,0,Paid,Fair,High DTI
LN22854,CUST12854,32,Male,High School,Self-Employed,9.2,1069808,Mortgage,North,602,2,12,3,0.341,492700,36,12.76,16544.11,Vehicle,Branch,0,Paid,Fair,Medium DTI
LN22855,CUST12855,61,Female,Post Graduate,Self-Employed,6.4,364877,Own,East,747,2,8,0,0.23,128800,36,8.89,4089.21,Education,Online,0,Paid,Very Good/Excellent,Medium DTI
LN22856,CUST12856,53,Male,High School,Business,4.5,569617,Mortgage,North,765,3,12,0,0.29,175100,60,11.41,3843.0,Business,Mobile App,0,Paid,Very Good/Excellent,Medium DTI
LN22857,CUST12857,24,Male,Graduate,Salaried,0.5,941309,Own,East,751,3,6,5,0.053,605000,36,13.83,20627.55,Personal,Online,0,Paid,Very Good/Excellent,Low DTI
LN22858,CUST12858,62,Male,High School,Salaried,0.0,654457,Mortgage,South,590,4,6,2,0.378,250700,24,13.31,11955.27,Education,Branch,0,Paid,Fair,Medium DTI
LN22859,CUST12859,27,Male,Graduate,Salaried,2.0,1554483,Rent,West,664,4,9,2,0.245,816000,36,11.58,26939.48,Vehicle,Online,0,Paid,Fair,Medium DTI
LN22860,CUST12860,42,Male,High School,Self-Employed,13.3,379065,Mortgage,East,724,4,9,3,0.079,90500,36,11.55,2986.48,Personal,Branch,0,Paid,Good,Low DTI
LN22861,CUST12861,53,Male,Post Graduate,Salaried,9.2,534402,Mortgage,West,738,10,1,1,0.106,83800,24,12.98,3983.22,Personal,Branch,0,Paid,Good,Low DTI
LN22862,CUST12862,37,Male,Graduate,Self-Employed,6.0,557622,Own,North,542,10,12,2,0.412,200100,36,16.44,7078.47,Education,Branch,1,Default,Poor,High DTI
LN22863,CUST12863,44,Male,High School,Salaried,10.6,844385,Own,South,736,11,2,1,0.296,407700,60,9.89,8640.37,Medical,Online,0,Paid,Good,Medium DTI
LN22864,CUST12864,54,Male,Graduate,Business,0.6,1218861,Own,Central,587,3,1,4,0.297,491600,60,14.68,11612.72,Business,Online,0,Paid,Fair,Medium DTI
LN22865,CUST12865,48,Male,Graduate,Business,7.3,624792,Rent,South,668,1,2,2,0.198,371900,24,12.33,17563.99,Medical,Branch,0,Paid,Fair,Low DTI
LN22866,CUST12866,63,Male,Post Graduate,Salaried,0.0,556248,Rent,South,774,9,3,1,0.327,204100,48,13.05,5480.56,Personal,Mobile App,0,Paid,Very Good/Excellent,Medium DTI
LN22867,CUST12867,61,Male,Graduate,Salaried,8.7,265412,Mortgage,Central,764,14,2,3,0.18,81100,24,14.48,3912.26,Home,Branch,0,Paid,Very Good/Excellent,Low DTI
LN22868,CUST12868,59,Female,Graduate,Business,8.3,638256,Own,North,779,2,6,1,0.161,388100,36,13.55,13179.67,Vehicle,Mobile App,0,Paid,Very Good/Excellent,Low DTI
LN22869,CUST12869,42,Female,Graduate,Business,8.4,419584,Rent,East,600,14,4,1,0.021,148300,60,12.02,3300.35,Business,Mobile App,0,Paid,Fair,Low DTI
LN22870,CUST12870,37,Female,Post Graduate,Business,12.8,843087,Rent,North,619,3,5,2,0.403,240100,60,11.95,5334.83,Business,Online,0,Paid,Fair,High DTI
LN22871,CUST12871,54,Male,Graduate,Salaried,10.9,478953,Rent,South,638,2,10,2,0.231,95200,24,15.47,4637.22,Home,Branch,0,Paid,Fair,Medium DTI
LN22872,CUST12872,26,Male,Graduate,Contract,1.0,525620,Mortgage,North,669,6,9,5,0.042,287300,12,12.31,25567.94,Personal,Online,0,Paid,Fair,Low DTI
LN22873,CUST12873,26,Male,Graduate,Business,12.9,268750,Mortgage,North,696,6,2,2,0.179,151200,36,10.91,4943.65,Home,Mobile App,0,Paid,Good,Low DTI
LN22874,CUST12874,54,Female,Post Graduate,Salaried,6.0,221546,Mortgage,South,776,13,3,3,0.311,50000,36,8.82,1585.8,Education,Branch,0,Paid,Very Good/Excellent,Medium DTI
LN22875,CUST12875,21,Male,Post Graduate,Salaried,0.0,1669822,Own,West,610,1,10,2,0.27,549900,60,13.56,12670.12,Medical,Mobile App,0,Paid,Fair,Medium DTI
LN22876,CUST12876,30,Female,Post Graduate,Self-Employed,6.5,644359,Mortgage,Central,633,4,1,0,0.02,338200,24,12.39,15981.91,Vehicle,Online,0,Paid,Fair,Low DTI
LN22877,CUST12877,41,Female,Graduate,Salaried,10.2,749431,Rent,West,787,10,2,2,0.081,467000,36,11.28,15350.98,Vehicle,Branch,0,Paid,Very Good/Excellent,Low DTI
LN22878,CUST12878,25,Female,High School,Contract,1.9,363278,Rent,South,593,15,1,1,0.238,123100,36,13.89,4200.69,Personal,Branch,0,Paid,Fair,Medium DTI
LN22879,CUST12879,22,Female,High School,Business,13.7,971137,Mortgage,West,735,5,9,1,0.402,569100,12,9.65,49940.34,Personal,Online,0,Paid,Good,High DTI
LN22880,CUST12880,42,Female,Post Graduate,Salaried,2.4,879415,Rent,East,673,12,3,1,0.379,305000,48,11.18,7909.57,Personal,Online,0,Paid,Good,Medium DTI
LN22881,CUST12881,22,Male,Post Graduate,Contract,4.6,385906,Mortgage,South,709,6,3,2,0.388,92500,60,13.28,2117.94,Home,Branch,0,Paid,Good,Medium DTI
LN22882,CUST12882,30,Female,Graduate,Salaried,3.7,335024,Own,North,619,5,7,2,0.295,50800,24,14.76,2457.33,Business,Online,0,Paid,Fair,Medium DTI
LN22883,CUST12883,54,Female,High School,Salaried,0.0,401031,Rent,West,733,15,1,4,0.113,126400,24,10.95,5888.3,Business,Online,0,Paid,Good,Low DTI
LN22884,CUST12884,36,Female,Graduate,Business,2.0,590739,Mortgage,East,631,3,9,1,0.027,200400,24,13.3,9555.64,Personal,Branch,1,Default,Fair,Low DTI
LN22885,CUST12885,59,Male,Graduate,Self-Employed,3.4,657759,Rent,Central,574,3,7,3,0.089,409500,36,12.33,13665.89,Business,Online,0,Paid,Poor,Low DTI
LN22886,CUST12886,42,Male,High School,Salaried,6.3,612805,Mortgage,West,716,3,9,3,0.268,155100,24,11.68,7277.94,Vehicle,Online,0,Paid,Good,Medium DTI
LN22887,CUST12887,32,Female,Graduate,Salaried,0.0,1225656,Rent,South,492,6,8,0,0.15,418100,36,16.78,14860.67,Medical,Mobile App,0,Paid,Poor,Low DTI
LN22888,CUST12888,44,Male,Graduate,Self-Employed,10.6,404926,Mortgage,West,637,4,5,2,0.281,65800,36,15.45,2295.51,Personal,Online,0,Paid,Fair,Medium DTI
LN22889,CUST12889,60,Male,Graduate,Self-Employed,10.5,330057,Mortgage,South,702,4,12,1,0.12,175500,24,11.78,8243.38,Vehicle,Online,0,Paid,Good,Low DTI
LN22890,CUST12890,58,Male,Post Graduate,Self-Employed,12.9,600033,Rent,North,737,3,3,0,0.323,364600,48,10.97,9417.97,Personal,Online,0,Paid,Good,Medium DTI
LN22891,CUST12891,30,Male,Graduate,Self-Employed,0.0,236449,Rent,East,772,14,11,2,0.345,63600,24,8.77,2898.84,Vehicle,Online,0,Paid,Very Good/Excellent,Medium DTI
LN22892,CUST12892,55,Male,Post Graduate,Self-Employed,5.5,879704,Mortgage,Central,813,4,9,1,0.152,320600,48,9.41,8040.71,Education,Online,0,Paid,Very Good/Excellent,Low DTI
LN22893,CUST12893,52,Male,Graduate,Salaried,11.7,633215,Own,Central,790,8,5,0,0.222,133600,36,10.55,4345.48,Education,Online,0,Paid,Very Good/Excellent,Medium DTI
LN22894,CUST12894,27,Male,High School,Self-Employed,12.1,498204,Rent,East,694,3,9,1,0.096,188500,60,11.83,4176.9,Medical,Online,0,Paid,Good,Low DTI
LN22895,CUST12895,41,Male,Post Graduate,Salaried,14.4,483222,Rent,South,764,10,3,0,0.118,104700,12,10.19,9214.05,Education,Branch,0,Paid,Very Good/Excellent,Low DTI
LN22896,CUST12896,40,Male,Post Graduate,Salaried,7.5,989725,Own,North,693,3,6,2,0.387,407400,48,13.89,11110.34,Vehicle,Branch,0,Paid,Good,Medium DTI
LN22897,CUST12897,46,Female,Post Graduate,Self-Employed,6.7,972540,Mortgage,South,731,6,2,1,0.295,503100,12,12.16,44737.49,Personal,Branch,0,Paid,Good,Medium DTI
LN22898,CUST12898,24,Male,Graduate,Salaried,0.0,523965,Mortgage,Central,635,1,3,4,0.514,223600,60,12.73,5056.74,Vehicle,Mobile App,0,Paid,Fair,High DTI
LN22899,CUST12899,42,Male,Graduate,Salaried,12.3,830811,Own,West,715,10,2,2,0.209,226500,48,12.8,6053.97,Medical,Mobile App,0,Paid,Good,Medium DTI
LN22900,CUST12900,35,Male,Post Graduate,Salaried,4.7,964667,Own,West,645,6,12,2,0.381,315300,36,12.79,10591.84,Home,Branch,0,Paid,Fair,Medium DTI
LN22901,CUST12901,60,Male,High School,Salaried,7.2,721599,Mortgage,West,667,15,2,0,0.368,338600,36,14.82,11707.86,Home,Online,0,Paid,Fair,Medium DTI
LN22902,CUST12902,41,Male,High School,Salaried,6.8,535887,Rent,West,715,11,5,1,0.444,238400,60,10.58,5133.6,Education,Online,0,Paid,Good,High DTI
LN22903,CUST12903,35,Female,High School,Salaried,0.0,739942,Own,East,837,9,10,1,0.448,161600,60,10.44,3468.61,Personal,Branch,0,Paid,Very Good/Excellent,High DTI
LN22904,CUST12904,42,Male,Post Graduate,Salaried,2.9,338807,Rent,South,710,3,4,1,0.249,194000,60,8.66,3995.18,Education,Online,0,Paid,Good,Medium DTI
LN22905,CUST12905,48,Male,Graduate,Salaried,9.3,623930,Rent,South,679,2,11,3,0.358,241800,60,11.73,5345.77,Medical,Online,0,Paid,Good,Medium DTI
LN22906,CUST12906,34,Female,High School,Salaried,6.8,527796,Rent,Central,618,3,4,0,0.192,122000,60,13.46,2804.69,Business,Mobile App,0,Paid,Fair,Low DTI
LN22907,CUST12907,47,Female,High School,Salaried,9.3,484203,Mortgage,South,747,12,8,2,0.212,102400,36,10.81,3343.24,Home,Branch,0,Paid,Very Good/Excellent,Medium DTI
LN22908,CUST12908,61,Female,Graduate,Business,10.9,232141,Mortgage,West,655,3,6,3,0.237,146900,12,11.02,12984.64,Home,Online,0,Paid,Fair,Medium DTI
LN22909,CUST12909,60,Male,Post Graduate,Salaried,2.9,340955,Mortgage,West,708,2,10,2,0.324,99100,24,10.84,4611.48,Personal,Online,0,Paid,Good,Medium DTI
LN22910,CUST12910,48,Male,Post Graduate,Self-Employed,4.4,459293,Rent,West,733,13,2,0,0.342,277500,48,10.0,7038.12,Business,Online,0,Paid,Good,Medium DTI
LN22911,CUST12911,46,Female,Post Graduate,Salaried,6.3,981617,Mortgage,North,775,11,1,0,0.119,348800,36,10.7,11369.77,Vehicle,Online,0,Paid,Very Good/Excellent,Low DTI
LN22912,CUST12912,22,Female,Post Graduate,Salaried,10.9,702140,Own,North,743,4,5,2,0.248,240800,36,12.53,8059.1,Personal,Online,0,Paid,Very Good/Excellent,Medium DTI
LN22913,CUST12913,45,Male,High School,Salaried,5.8,1006013,Own,South,588,8,7,1,0.149,503500,24,13.16,23975.16,Vehicle,Branch,0,Paid,Fair,Low DTI
LN22914,CUST12914,23,Male,Graduate,Salaried,0.0,1188601,Mortgage,West,551,7,5,0,0.395,184200,48,16.95,5310.34,Education,Mobile App,0,Paid,Poor,Medium DTI
LN22915,CUST12915,28,Male,Graduate,Salaried,6.0,719135,Rent,Central,733,10,12,1,0.4,229400,24,11.85,10782.59,Medical,Mobile App,0,Paid,Good,High DTI
LN22916,CUST12916,64,Male,Graduate,Salaried,10.7,648130,Mortgage,North,686,9,4,1,0.163,195300,36,9.14,6223.22,Business,Online,0,Paid,Good,Low DTI
LN22917,CUST12917,53,Male,Graduate,Salaried,13.8,351350,Rent,South,709,8,5,1,0.185,205200,36,12.36,6850.91,Business,Online,0,Paid,Good,Low DTI
LN22918,CUST12918,62,Male,Graduate,Business,8.4,1789334,Own,Central,809,13,11,0,0.176,741800,24,10.29,34329.68,Personal,Branch,0,Paid,Very Good/Excellent,Low DTI
LN22919,CUST12919,55,Male,High School,Salaried,0.0,275095,Rent,South,634,7,10,1,0.131,91400,60,15.06,2177.28,Personal,Online,0,Paid,Fair,Low DTI
LN22920,CUST12920,26,Male,Post Graduate,Salaried,5.0,640490,Mortgage,Central,777,6,8,0,0.39,181300,36,10.82,5920.09,Home,Mobile App,0,Paid,Very Good/Excellent,Medium DTI
LN22921,CUST12921,59,Male,Graduate,Business,9.4,948583,Rent,East,635,3,5,1,0.129,422400,60,12.6,9524.63,Education,Online,0,Paid,Fair,Low DTI
LN22922,CUST12922,43,Male,Graduate,Salaried,11.3,955883,Mortgage,Central,797,10,9,0,0.233,215900,36,13.65,7342.3,Home,Online,0,Paid,Very Good/Excellent,Medium DTI
LN22923,CUST12923,45,Female,High School,Salaried,9.5,317866,Rent,South,736,4,10,2,0.241,86800,24,8.3,3937.62,Home,Branch,0,Paid,Good,Medium DTI
LN22924,CUST12924,63,Female,Graduate,Salaried,5.7,476269,Mortgage,South,567,8,7,1,0.053,141400,12,13.48,12661.33,Business,Online,0,Paid,Poor,Low DTI
LN22925,CUST12925,39,Male,Post Graduate,Salaried,11.3,386644,Own,South,649,12,11,1,0.506,175500,24,13.16,8356.79,Home,Branch,0,Paid,Fair,High DTI
LN22926,CUST12926,25,Male,High School,Salaried,3.8,201884,Own,Central,824,2,11,0,0.278,68000,24,9.54,3123.44,Medical,Mobile App,0,Paid,Very Good/Excellent,Medium DTI
LN22927,CUST12927,31,Male,High School,Contract,7.9,644587,Own,South,814,15,2,2,0.107,259700,12,7.14,22487.76,Vehicle,Branch,0,Paid,Very Good/Excellent,Low DTI
LN22928,CUST12928,32,Female,Graduate,Business,10.7,404334,Mortgage,West,725,12,9,1,0.131,192100,60,12.23,4295.52,Medical,Mobile App,0,Paid,Good,Low DTI
LN22929,CUST12929,30,Male,Graduate,Salaried,9.9,1373263,Mortgage,East,707,6,2,3,0.361,862600,60,11.21,18845.48,Home,Online,0,Paid,Good,Medium DTI
LN22930,CUST12930,28,Female,Graduate,Salaried,10.0,841575,Own,Central,698,15,6,1,0.119,448100,60,11.83,9929.29,Business,Online,0,Paid,Good,Low DTI
LN22931,CUST12931,44,Female,High School,Self-Employed,9.9,613819,Mortgage,North,713,13,8,0,0.142,216500,60,13.69,5002.85,Business,Online,0,Paid,Good,Low DTI
LN22932,CUST12932,48,Female,Graduate,Salaried,1.8,462638,Mortgage,South,669,1,2,2,0.18,242500,36,12.92,8161.44,Education,Branch,0,Paid,Fair,Low DTI
LN22933,CUST12933,61,Male,Post Graduate,Business,7.1,639217,Mortgage,North,771,7,6,1,0.348,399400,36,10.0,12887.51,Business,Branch,0,Paid,Very Good/Excellent,Medium DTI
LN22934,CUST12934,56,Female,High School,Salaried,2.5,521234,Own,East,723,4,5,4,0.29,208300,24,12.25,9829.74,Education,Branch,0,Paid,Good,Medium DTI
LN22935,CUST12935,57,Male,Graduate,Salaried,5.6,623392,Mortgage,South,608,12,7,2,0.287,221500,24,12.74,10503.48,Business,Online,0,Paid,Fair,Medium DTI
LN22936,CUST12936,41,Male,Graduate,Salaried,1.2,1707575,Mortgage,North,729,1,10,2,0.43,322700,48,11.11,8357.6,Home,Branch,0,Paid,Good,High DTI
LN22937,CUST12937,28,Female,Graduate,Contract,8.7,334058,Mortgage,West,692,5,5,1,0.203,199200,60,13.26,4558.97,Personal,Branch,0,Paid,Good,Medium DTI
LN22938,CUST12938,29,Male,Graduate,Salaried,0.0,546851,Mortgage,South,657,5,3,1,0.022,149400,48,11.68,3910.84,Personal,Online,0,Paid,Fair,Low DTI
LN22939,CUST12939,35,Male,High School,Business,10.1,884872,Own,East,822,13,6,2,0.241,161000,60,11.01,3501.33,Business,Mobile App,0,Paid,Very Good/Excellent,Medium DTI
LN22940,CUST12940,60,Male,Post Graduate,Self-Employed,7.1,481474,Rent,South,688,6,7,2,0.25,201500,36,11.83,6676.33,Personal,Mobile App,0,Paid,Good,Medium DTI
LN22941,CUST12941,38,Male,High School,Salaried,16.5,1431142,Rent,East,533,15,1,3,0.293,820000,36,13.74,27922.22,Vehicle,Online,0,Paid,Poor,Medium DTI
LN22942,CUST12942,62,Female,Graduate,Salaried,6.0,871384,Mortgage,North,662,12,8,3,0.338,307900,36,11.81,10198.77,Education,Branch,0,Paid,Fair,Medium DTI
LN22943,CUST12943,40,Female,Graduate,Salaried,6.0,404051,Mortgage,West,755,8,8,2,0.048,218800,60,10.25,4675.81,Personal,Mobile App,0,Paid,Very Good/Excellent,Low DTI
LN22944,CUST12944,26,Female,Post Graduate,Self-Employed,10.4,671267,Mortgage,South,611,15,4,2,0.313,381400,60,13.47,8770.06,Home,Branch,0,Paid,Fair,Medium DTI
LN22945,CUST12945,32,Female,Graduate,Self-Employed,6.3,407237,Mortgage,West,752,4,8,4,0.141,153600,36,10.81,5014.86,Personal,Mobile App,0,Paid,Very Good/Excellent,Low DTI
LN22946,CUST12946,22,Male,Post Graduate,Self-Employed,8.4,387133,Mortgage,North,605,13,3,1,0.13,172500,24,15.48,8403.34,Personal,Online,0,Paid,Fair,Low DTI
LN22947,CUST12947,27,Male,Post Graduate,Salaried,12.0,555473,Mortgage,East,780,12,5,2,0.306,231600,24,9.47,10630.6,Home,Online,0,Paid,Very Good/Excellent,Medium DTI
LN22948,CUST12948,36,Male,Graduate,Salaried,5.7,1202308,Own,Central,637,7,3,1,0.335,744900,36,13.76,25372.17,Home,Online,0,Paid,Fair,Medium DTI
LN22949,CUST12949,23,Male,Post Graduate,Business,13.0,904086,Own,South,654,11,2,2,0.297,463600,60,14.4,10883.54,Business,Mobile App,0,Paid,Fair,Medium DTI
LN22950,CUST12950,65,Female,Graduate,Contract,0.0,592595,Mortgage,North,648,15,5,2,0.361,363100,24,15.38,17671.13,Education,Online,0,Paid,Fair,Medium DTI
LN22951,CUST12951,23,Male,High School,Contract,15.0,922034,Rent,North,725,4,8,1,0.194,239700,24,10.41,11106.35,Medical,Mobile App,0,Paid,Good,Low DTI
LN22952,CUST12952,47,Male,High School,Self-Employed,0.0,695527,Mortgage,Central,818,14,9,2,0.147,212200,36,11.77,7024.79,Personal,Online,0,Paid,Very Good/Excellent,Low DTI
LN22953,CUST12953,63,Female,Post Graduate,Salaried,13.8,315289,Own,South,681,13,5,1,0.261,58500,60,12.59,1318.81,Education,Online,0,Paid,Good,Medium DTI
LN22954,CUST12954,60,Female,Graduate,Salaried,0.0,553966,Own,Central,679,15,3,1,0.105,221600,36,13.89,7561.93,Education,Online,0,Paid,Good,Low DTI
LN22955,CUST12955,58,Male,Graduate,Salaried,16.9,576337,Mortgage,South,637,2,12,1,0.297,338300,48,11.98,8905.41,Personal,Branch,0,Paid,Fair,Medium DTI
LN22956,CUST12956,53,Male,Post Graduate,Business,7.8,912200,Own,East,558,8,3,6,0.108,285900,36,13.96,9765.83,Home,Online,0,Paid,Poor,Low DTI
LN22957,CUST12957,48,Female,Post Graduate,Salaried,2.3,439383,Mortgage,South,644,5,8,5,0.149,94100,24,12.29,4442.37,Vehicle,Mobile App,0,Paid,Fair,Low DTI
LN22958,CUST12958,21,Male,High School,Self-Employed,16.3,363204,Own,North,586,10,3,1,0.232,66900,24,13.03,3181.49,Vehicle,Mobile App,0,Paid,Fair,Medium DTI
LN22959,CUST12959,28,Female,Graduate,Business,1.6,585156,Mortgage,East,538,4,9,0,0.355,218700,60,14.49,5144.49,Personal,Online,0,Paid,Poor,Medium DTI
LN22960,CUST12960,57,Male,Post Graduate,Salaried,5.9,420711,Mortgage,West,674,12,10,4,0.186,97600,60,16.13,2380.19,Education,Branch,0,Paid,Good,Low DTI
LN22961,CUST12961,52,Male,Post Graduate,Contract,20.0,502201,Rent,West,639,14,1,2,0.353,162200,36,13.92,5537.31,Personal,Branch,0,Paid,Fair,Medium DTI
LN22962,CUST12962,63,Male,Graduate,Salaried,9.0,573895,Rent,East,783,2,1,0,0.356,321400,36,10.23,10405.41,Home,Mobile App,0,Paid,Very Good/Excellent,Medium DTI
LN22963,CUST12963,57,Male,High School,Salaried,0.0,486023,Own,West,616,7,5,1,0.04,166200,60,12.82,3766.26,Medical,Online,0,Paid,Fair,Low DTI
LN22964,CUST12964,24,Female,Graduate,Business,5.6,1019105,Rent,West,730,5,4,0,0.348,463600,48,12.39,12297.33,Home,Branch,0,Paid,Good,Medium DTI
LN22965,CUST12965,50,Female,Graduate,Contract,5.2,1306088,Own,North,729,9,3,0,0.084,523800,12,11.29,46365.2,Business,Online,0,Paid,Good,Low DTI
LN22966,CUST12966,26,Female,High School,Business,7.9,964424,Mortgage,South,780,7,1,3,0.1,491100,36,10.53,15968.9,Education,Branch,0,Paid,Very Good/Excellent,Low DTI
LN22967,CUST12967,39,Female,Post Graduate,Business,6.8,226506,Own,North,666,9,7,1,0.06,51700,48,10.85,1332.45,Personal,Online,0,Paid,Fair,Low DTI
LN22968,CUST12968,52,Male,Graduate,Business,9.7,421510,Own,North,779,13,1,1,0.175,257200,36,10.74,8388.77,Home,Branch,0,Paid,Very Good/Excellent,Low DTI
LN22969,CUST12969,29,Male,Graduate,Self-Employed,0.0,543849,Mortgage,West,722,12,6,1,0.284,256600,60,7.88,5188.2,Personal,Mobile App,0,Paid,Good,Medium DTI
LN22970,CUST12970,32,Male,Graduate,Self-Employed,4.3,217344,Own,East,765,10,10,1,0.354,62000,60,8.37,1268.14,Home,Branch,0,Paid,Very Good/Excellent,Medium DTI
LN22971,CUST12971,31,Female,High School,Salaried,8.6,370624,Mortgage,East,850,15,2,1,0.268,78400,12,9.22,6864.2,Vehicle,Branch,0,Paid,Very Good/Excellent,Medium DTI
LN22972,CUST12972,36,Male,Graduate,Salaried,3.2,540040,Mortgage,West,671,10,4,3,0.259,121400,48,13.43,3282.83,Personal,Branch,0,Paid,Good,Medium DTI
LN22973,CUST12973,21,Male,Graduate,Self-Employed,12.5,468715,Rent,South,693,13,8,2,0.127,253700,36,14.52,8735.08,Home,Online,0,Paid,Good,Low DTI
LN22974,CUST12974,65,Male,High School,Business,3.3,602861,Mortgage,South,653,5,3,1,0.362,267700,48,13.31,7222.98,Medical,Online,0,Paid,Fair,Medium DTI
LN22975,CUST12975,41,Male,High School,Salaried,7.7,280753,Mortgage,East,796,11,9,0,0.03,95600,36,11.36,3146.14,Home,Branch,0,Paid,Very Good/Excellent,Low DTI
LN22976,CUST12976,50,Male,Graduate,Salaried,6.5,465808,Rent,North,850,6,5,0,0.249,147400,36,9.92,4750.65,Personal,Mobile App,0,Paid,Very Good/Excellent,Medium DTI
LN22977,CUST12977,33,Female,High School,Contract,1.9,652284,Own,West,735,8,6,1,0.054,376900,60,12.73,8523.63,Home,Online,0,Paid,Good,Low DTI
LN22978,CUST12978,54,Male,High School,Self-Employed,7.3,603376,Rent,South,559,10,2,4,0.067,354400,48,14.44,9762.91,Personal,Online,0,Paid,Poor,Low DTI
LN22979,CUST12979,24,Male,Post Graduate,Contract,0.4,767180,Rent,West,614,6,1,3,0.227,338000,60,13.85,7838.41,Education,Online,0,Paid,Fair,Medium DTI
LN22980,CUST12980,48,Male,High School,Business,4.8,742962,Rent,Central,767,11,5,2,0.102,306300,36,8.65,9690.44,Business,Branch,1,Default,Very Good/Excellent,Low DTI
LN22981,CUST12981,58,Female,Graduate,Self-Employed,7.2,479633,Mortgage,East,594,4,1,2,0.132,267700,36,13.98,9146.75,Personal,Online,0,Paid,Fair,Low DTI
LN22982,CUST12982,51,Male,High School,Salaried,0.0,640978,Mortgage,North,635,2,4,1,0.226,336300,36,13.01,11332.9,Business,Mobile App,0,Paid,Fair,Medium DTI
LN22983,CUST12983,47,Male,Post Graduate,Salaried,10.1,386423,Rent,North,632,6,8,5,0.23,135300,60,12.4,3037.09,Vehicle,Branch,0,Paid,Fair,Medium DTI
LN22984,CUST12984,25,Male,Graduate,Salaried,8.3,517135,Own,North,674,13,12,1,0.097,99000,36,11.88,3282.55,Vehicle,Mobile App,0,Paid,Good,Low DTI
LN22985,CUST12985,45,Male,High School,Self-Employed,9.7,335741,Own,West,699,13,2,0,0.262,179400,12,10.01,15772.94,Education,Online,0,Paid,Good,Medium DTI
LN22986,CUST12986,23,Male,Post Graduate,Salaried,7.0,1078054,Mortgage,South,538,12,6,1,0.27,252600,36,15.24,8786.18,Business,Online,1,Default,Poor,Medium DTI
LN22987,CUST12987,53,Female,Post Graduate,Business,1.2,516207,Rent,North,565,14,12,1,0.287,81700,36,14.38,2807.41,Personal,Online,0,Paid,Poor,Medium DTI
LN22988,CUST12988,24,Male,Post Graduate,Self-Employed,7.0,1077177,Own,West,567,14,10,0,0.579,615800,60,14.1,14360.53,Personal,Branch,0,Paid,Poor,High DTI
LN22989,CUST12989,45,Female,Graduate,Salaried,10.1,712124,Mortgage,South,576,9,5,0,0.267,312700,48,14.21,8577.97,Vehicle,Online,0,Paid,Poor,Medium DTI
LN22990,CUST12990,40,Female,High School,Business,1.0,368638,Own,East,681,8,1,1,0.075,219600,60,10.42,4711.36,Home,Mobile App,0,Paid,Good,Low DTI
LN22991,CUST12991,54,Male,Graduate,Salaried,1.4,688860,Mortgage,South,695,3,8,2,0.405,270200,48,14.72,7481.57,Personal,Mobile App,0,Paid,Good,High DTI
LN22992,CUST12992,46,Male,Graduate,Salaried,5.8,936617,Mortgage,South,756,5,5,5,0.096,574400,36,12.57,19235.05,Personal,Branch,0,Paid,Very Good/Excellent,Low DTI
LN22993,CUST12993,25,Female,Graduate,Salaried,5.1,574937,Own,East,722,6,9,0,0.061,188000,48,12.6,5006.33,Home,Mobile App,0,Paid,Good,Low DTI
LN22994,CUST12994,55,Male,Graduate,Salaried,6.9,624934,Own,South,636,7,2,2,0.301,320100,48,15.19,8939.48,Vehicle,Branch,0,Paid,Fair,Medium DTI
LN22995,CUST12995,48,Male,Graduate,Business,5.5,443026,Own,Central,697,2,6,1,0.13,133100,60,12.36,2985.01,Education,Branch,0,Paid,Good,Low DTI
LN22996,CUST12996,49,Male,High School,Self-Employed,7.8,608007,Own,North,759,6,7,1,0.185,91600,24,10.69,4256.11,Personal,Branch,0,Paid,Very Good/Excellent,Low DTI
LN22997,CUST12997,29,Male,Graduate,Self-Employed,13.1,683874,Mortgage,North,663,2,1,0,0.065,232400,24,12.97,11045.45,Vehicle,Online,0,Paid,Fair,Low DTI
LN22998,CUST12998,58,Female,Graduate,Self-Employed,9.7,436409,Rent,South,657,8,10,3,0.434,226400,24,14.94,10970.92,Business,Branch,0,Paid,Fair,High DTI
LN22999,CUST12999,26,Male,Post Graduate,Self-Employed,7.3,331397,Mortgage,North,609,7,4,1,0.097,74600,36,12.02,2478.5,Vehicle,Branch,0,Paid,Fair,Low DTI
LN23000,CUST13000,39,Male,High School,Self-Employed,1.5,1218424,Rent,West,620,2,2,1,0.104,490300,24,15.47,23882.64,Home,Mobile App,0,Paid,Fair,Low DTI
